"alloy_id","Ti","Al","Ga","Zr","Mo","V","Ta","Nb","Au","Cr","Mn","Fe","Zn","Pb","Sn","Hf","Bi","O","C","N","Si","H","alloy_proc_id","ingotweight","rate.heat","temp.hold","time.hold","deformation.amount","rate.heat1","temp.hold1","time.hold1","deformation.amount1","rate.heat2","temp.hold2","time.hold2","deformation.amount2","rate.cooling2","temp.hold3","time.hold3","temp.hold4","time.hold4","deformation.amount4","temp.hold5","deformation.amount5","student_id","reference_id","EL"
2,83.7,7.16,0,0,3.52,2.84,0,0,0,2.78,0,0,0,0,0,0,0,0,0,0,0,0,7,NA,0,910,0.5,0,0,0,0,0,0,0,0,0,"wq",0,0,0,0,0,0,0,13,4,12
2,83.7,7.16,0,0,3.52,2.84,0,0,0,2.78,0,0,0,0,0,0,0,0,0,0,0,0,8,NA,0,910,0.5,0,0,0,0,0,0,0,0,0,"wq",0,0,0,0,0,0,0,13,4,16
2,83.7,7.16,0,0,3.52,2.84,0,0,0,2.78,0,0,0,0,0,0,0,0,0,0,0,0,9,NA,0,810,0.5,0,0,600,6,0,0,0,0,0,"wq",0,0,0,0,0,0,0,13,4,10
3,84.07,6.97,0,0,3.42,2.84,0,0,0,2.69,0,0,0,0,0,0,0,0,0,0,0,0,10,NA,0,910,0.5,0,0,0,0,0,0,0,0,0,"wq",0,0,0,0,0,0,0,13,4,17
3,84.07,6.97,0,0,3.42,2.84,0,0,0,2.69,0,0,0,0,0,0,0,0,0,0,0,0,11,NA,0,910,0.5,0,0,0,0,0,0,0,0,0,"wq",0,0,0,0,0,0,0,13,4,23
3,84.07,6.97,0,0,3.42,2.84,0,0,0,2.69,0,0,0,0,0,0,0,0,0,0,0,0,12,NA,0,810,0.5,0,0,600,6,0,0,0,0,0,"wq",0,0,0,0,0,0,0,13,4,11
8,97.96,0,0,0,2.04,0,0,0,0,0,0,0,0,0,0,0,0,0,0,0,0,0,22,NA,0,950,0.5,0,0,0,0,0,0,0,0,0,"wq",0,0,0,0,0,0,0,13,6,25
8,97.96,0,0,0,2.04,0,0,0,0,0,0,0,0,0,0,0,0,0,0,0,0,0,23,NA,0,550,6,0,0,800,0.5,0,0,0,0,0,"wq",0,0,0,0,0,0,0,13,6,22.5
8,97.96,0,0,0,2.04,0,0,0,0,0,0,0,0,0,0,0,0,0,0,0,0,0,24,NA,0,550,6,0,0,950,0.5,0,0,0,0,0,"wq",0,0,0,0,0,0,0,13,6,12
8,97.96,0,0,0,2.04,0,0,0,0,0,0,0,0,0,0,0,0,0,0,0,0,0,25,NA,0,950,0.5,0,0,0,0,0,0,0,0,0,"wq",0,0,0,0,0,0,0,13,6,10
8,97.96,0,0,0,2.04,0,0,0,0,0,0,0,0,0,0,0,0,0,0,0,0,0,26,NA,0,950,0.5,0,0,550,1,0,0,0,0,0,"wq",0,0,0,0,0,0,0,13,6,18
9,79.09,0,0,0,0,0,20.91,0,0,0,0,0,0,0,0,0,0,0,0,0,0,0,27,NA,0,1000,6,80,0,950,1,0,0,450,4,0,"wq",0,0,0,0,0,0,0,13,7,25
9,79.09,0,0,0,0,0,20.91,0,0,0,0,0,0,0,0,0,0,0,0,0,0,0,28,NA,0,1000,6,80,0,950,1,0,0,500,72,0,"wq",0,0,0,0,0,0,0,13,7,2.6
9,79.09,0,0,0,0,0,20.91,0,0,0,0,0,0,0,0,0,0,0,0,0,0,0,29,NA,0,1000,6,80,0,950,1,0,0,600,72,0,"wq",0,0,0,0,0,0,0,13,7,11.6
11,50,0,0,30,0,0,10,10,0,0,0,0,0,0,0,0,0,0,0,0,0,0,49,50,0,750,0.66,0,0,0,0,0,0,0,0,0,"wq",0,0,0,0,0,0,0,13,9,28.6
11,50,0,0,30,0,0,10,10,0,0,0,0,0,0,0,0,0,0,0,0,0,0,50,50,0,750,0.66,0,0,450,4,0,0,0,0,0,"wq",0,0,0,0,0,0,0,13,9,11.5
12,71.97,0,0,3.25,0,0,4.64,20.14,0,0,0,0,0,0,0,0,0,0,0,0,0,0,51,45,0,1000,6,75,0,844,0.5,0,0,0,0,0,"wq",0,0,0,0,0,0,0,13,10,41.2
12,71.97,0,0,3.25,0,0,4.64,20.14,0,0,0,0,0,0,0,0,0,0,0,0,0,0,58,45,0,1000,6,75,0,844,0.5,0,0,400,3,0,"wq",0,0,0,0,0,0,0,13,10,14.6
13,83.05,0,0,0,2.47,0,4.26,10.22,0,0,0,0,0,0,0,0,0,0,0,0,0,0,52,45,0,1000,6,75,0,844,0.5,0,0,0,0,0,"wq",0,0,0,0,0,0,0,13,10,63.6
13,83.05,0,0,0,2.47,0,4.26,10.22,0,0,0,0,0,0,0,0,0,0,0,0,0,0,59,45,0,1000,6,75,0,844,0.5,0,0,400,3,0,"wq",0,0,0,0,0,0,0,13,10,7.1
14,75.94,0,0,0,0,0,4.5,19.56,0,0,0,0,0,0,0,0,0,0,0,0,0,0,53,45,0,1000,6,75,0,844,0.5,0,0,0,0,0,"wq",0,0,0,0,0,0,0,13,10,31.4
14,75.94,0,0,0,0,0,4.5,19.56,0,0,0,0,0,0,0,0,0,0,0,0,0,0,60,45,0,1000,6,75,0,844,0.5,0,0,400,3,0,"wq",0,0,0,0,0,0,0,13,10,9.4
15,72.61,0,0,0,2.68,0,4.62,20.09,0,0,0,0,0,0,0,0,0,0,0,0,0,0,61,45,0,1000,6,75,0,844,0.5,0,0,400,3,0,"wq",0,0,0,0,0,0,0,13,10,23.6
15,72.61,0,0,0,2.68,0,4.62,20.09,0,0,0,0,0,0,0,0,0,0,0,0,0,0,54,45,0,1000,6,75,0,844,0.5,0,0,0,0,0,"wq",0,0,0,0,0,0,0,13,10,19.8
16,74.48,0,0,0,0,0,4.57,19.87,0,0,0,0,0,0,1.08,0,0,0,0,0,0,0,55,45,0,1000,6,75,0,844,0.5,0,0,0,0,0,"wq",0,0,0,0,0,0,0,13,10,26.7
16,74.48,0,0,0,0,0,4.57,19.87,0,0,0,0,0,0,1.08,0,0,0,0,0,0,0,62,45,0,1000,6,75,0,844,0.5,0,0,400,3,0,"wq",0,0,0,0,0,0,0,13,10,9.6
17,72.52,0,0,0,0,0,4.67,20.29,0,0,0,0,0,0,2.52,0,0,0,0,0,0,0,56,45,0,1000,6,75,0,844,0.5,0,0,0,0,0,"wq",0,0,0,0,0,0,0,13,10,7.6
17,72.52,0,0,0,0,0,4.67,20.29,0,0,0,0,0,0,2.52,0,0,0,0,0,0,0,63,45,0,1000,6,75,0,844,0.5,0,0,400,3,0,"wq",0,0,0,0,0,0,0,13,10,8.7
18,71.43,0,0,0,0,0,4.72,20.52,0,0,0,0,0,0,3.33,0,0,0,0,0,0,0,57,45,0,1000,6,75,0,844,0.5,0,0,0,0,0,"wq",0,0,0,0,0,0,0,13,10,8.3
18,71.43,0,0,0,0,0,4.72,20.52,0,0,0,0,0,0,3.33,0,0,0,0,0,0,0,64,45,0,1000,6,75,0,844,0.5,0,0,400,3,0,"wq",0,0,0,0,0,0,0,13,10,20.1
35,85.3,10.2,0,0,0,4.5,0,0,0,0,0,0,0,0,0,0,0,0,0,0,0,0,108,45,0,1000,6,75,0,844,0.5,0,0,0,0,0,"wq",0,0,0,0,0,0,0,14,13,17.8
36,83.42,10.32,0,0,0,5.47,0,0,0,0,0,0,0,0,0.78,0,0,0,0,0,0,0,109,45,0,1000,6,75,0,844,0.5,0,0,0,3,0,"wq",0,0,0,0,0,0,0,14,13,11.9
46,84.55,0,0,7.79,0,0,0,7.65,0,0,0,0,0,0,0,0,0,0,0,0,0,0,121,45,0,1000,6,75,0,844,0.5,0,0,0,0,0,"wq",0,0,0,0,0,0,0,14,13,23.1
46,84.55,0,0,7.79,0,0,0,7.65,0,0,0,0,0,0,0,0,0,0,0,0,0,0,122,45,0,1000,6,75,0,844,0.5,0,0,0,3,0,"wq",0,0,0,0,0,0,0,14,13,17.8
47,71.97,0,0,3.25,0,0,4.64,20.14,0,0,0,0,0,0,0,0,0,0,0,0,0,0,123,45,0,1000,6,75,0,844,0.5,0,0,0,0,0,"wq",0,0,0,0,0,0,0,14,13,48.8
47,71.97,0,0,3.25,0,0,4.64,20.14,0,0,0,0,0,0,0,0,0,0,0,0,0,0,124,45,0,1000,6,75,0,844,0.5,0,0,400,3,0,"wq",0,0,0,0,0,0,0,14,13,15.4
48,83.05,0,0,0,2.47,0,4.26,10.22,0,0,0,0,0,0,0,0,0,0,0,0,0,0,125,45,0,1000,6,75,0,844,0.5,0,0,0,0,0,"wq",0,0,0,0,0,0,0,14,13,77.6
48,83.05,0,0,0,2.47,0,4.26,10.22,0,0,0,0,0,0,0,0,0,0,0,0,0,0,126,45,0,1000,6,75,0,844,0.5,0,0,400,3,0,"wq",0,0,0,0,0,0,0,14,13,2.01
49,75.94,0,0,0,0,0,4.5,19.56,0,0,0,0,0,0,0,0,0,0,0,0,0,0,127,45,0,1000,6,75,0,844,0.5,0,0,0,0,0,"wq",0,0,0,0,0,0,0,14,13,36.7
49,75.94,0,0,0,0,0,4.5,19.56,0,0,0,0,0,0,0,0,0,0,0,0,0,0,128,45,0,1000,6,75,0,844,0.5,0,0,0,3,0,"wq",0,0,0,0,0,0,0,14,13,54.8
50,72.61,0,0,0,2.68,0,4.62,20.09,0,0,0,0,0,0,0,0,0,0,0,0,0,0,129,45,0,1000,6,75,0,844,0.5,0,0,0,0,0,"wq",0,0,0,0,0,0,0,14,13,20.2
50,72.61,0,0,0,2.68,0,4.62,20.09,0,0,0,0,0,0,0,0,0,0,0,0,0,0,130,45,0,1000,6,75,0,844,0.5,0,0,0,3,0,"wq",0,0,0,0,0,0,0,14,13,20.8
51,74.48,0,0,0,0,0,4.58,19.87,0,0,0,0,0,0,1.07,0,0,0,0,0,0,0,131,45,0,1000,6,75,0,844,0.5,0,0,0,0,0,"wq",0,0,0,0,0,0,0,14,13,29.9
51,74.48,0,0,0,0,0,4.58,19.87,0,0,0,0,0,0,1.07,0,0,0,0,0,0,0,132,45,0,1000,6,75,0,844,0.5,0,0,0,3,0,"wq",0,0,0,0,0,0,0,14,13,5.24
52,72.52,0,0,0,0,0,4.67,20.29,0,0,0,0,0,0,2.52,0,0,0,0,0,0,0,133,45,0,1000,6,75,0,844,0.5,0,0,0,0,0,"wq",0,0,0,0,0,0,0,14,13,24.9
52,72.52,0,0,0,0,0,4.67,20.29,0,0,0,0,0,0,2.52,0,0,0,0,0,0,0,134,45,0,1000,6,75,0,844,0.5,0,0,400,3,0,"wq",0,0,0,0,0,0,0,14,13,5.27
53,71.43,0,0,0,0,0,4.72,20.52,0,0,0,0,0,0,3.32,0,0,0,0,0,0,0,135,45,0,1000,6,75,0,844,0.5,0,0,0,0,0,"wq",0,0,0,0,0,0,0,14,13,21.5
53,71.43,0,0,0,0,0,4.72,20.52,0,0,0,0,0,0,3.32,0,0,0,0,0,0,0,136,45,0,1000,6,75,0,844,0.5,0,0,0,3,0,"wq",0,0,0,0,0,0,0,14,13,15.9
54,0.906,0,0,0,0.055,0,0,0.039,0,0,0,0,0,0,0,0,0,0,0,0,0,0,137,NA,0,850,0,0,0,900,1,0,0,0,0,0,"wq",0,0,0,0,0,0,0,15,14,20
74,77.8,0,0,0,22.2,0,0,0,0,0,0,0,0,0,0,0,0,0,0,0,0,0,166,NA,0,0,0,0,0,0,0,0,0,0,0,0,"wq",0,0,0,0,0,0,0,13,16,5.1
75,88.2,0,0,0,11.8,0,0,0,0,0,0,0,0,0,0,0,0,0,0,0,0,0,167,NA,0,0,0,0,0,0,0,0,0,0,0,0,"wq",0,0,0,0,0,0,0,13,16,29
76,78,0,0,0,11.2,0,0,10.8,0,0,0,0,0,0,0,0,0,0,0,0,0,0,168,NA,0,0,0,0,0,0,0,0,0,0,0,0,"wq",0,0,0,0,0,0,0,13,16,31.3
77,78.2,0,0,10.6,11.2,0,0,0,0,0,0,0,0,0,0,0,0,0,0,0,0,0,169,NA,0,0,0,0,0,0,0,0,0,0,0,0,"wq",0,0,0,0,0,0,0,13,16,3.6
78,75.8,0,0,0,10.8,0,0,0,0,0,0,0,0,0,13.4,0,0,0,0,0,0,0,170,NA,0,0,0,0,0,0,0,0,0,0,0,0,"wq",0,0,0,0,0,0,0,13,16,18
79,69,0,0,10.1,10.6,0,0,10.3,0,0,0,0,0,0,0,0,0,0,0,0,0,0,171,NA,0,0,0,0,0,0,0,0,0,0,0,0,"wq",0,0,0,0,0,0,0,13,16,13.4
80,60.8,0,0,19.3,10.1,0,0,9.8,0,0,0,0,0,0,0,0,0,0,0,0,0,0,172,NA,0,0,0,0,0,0,0,0,0,0,0,0,"wq",0,0,0,0,0,0,0,13,16,8.7
81,63.3,0,0,27.7,9.6,0,0,9.4,0,0,0,0,0,0,0,0,0,0,0,0,0,0,173,NA,0,0,0,0,0,0,0,0,0,0,0,0,"wq",0,0,0,0,0,0,0,13,16,4
82,68.1,0,0,10,5.2,0,0,10.2,0,0,0,0,0,0,6.5,0,0,0,0,0,0,0,174,NA,0,0,0,0,0,0,0,0,0,0,0,0,"wq",0,0,0,0,0,0,0,13,16,7.6
83,60,0,0,19.1,5,0,0,9.7,0,0,0,0,0,0,6.2,0,0,0,0,0,0,0,175,NA,0,0,0,0,0,0,0,0,0,0,0,0,"wq",0,0,0,0,0,0,0,13,16,2.2
84,70.4,0,0,0,10.1,0,0,19.5,0,0,0,0,0,0,0,0,0,0,0,0,0,0,176,NA,0,0,0,0,0,0,0,0,0,0,0,0,"wq",0,0,0,0,0,0,0,13,16,29.3
85,69.6,0,0,0,4.9,0,0,19.4,0,0,0,0,0,0,6.1,0,0,0,0,0,0,0,177,NA,0,0,0,0,0,0,0,0,0,0,0,0,"wq",0,0,0,0,0,0,0,13,16,12.3
86,62.5,0,0,9.2,9.6,0,0,18.7,0,0,0,0,0,0,0,0,0,0,0,0,0,0,178,NA,0,0,0,0,0,0,0,0,0,0,0,0,"wq",0,0,0,0,0,0,0,13,16,10.3
87,55.3,0,0,17.6,9.2,0,0,17.9,0,0,0,0,0,0,0,0,0,0,0,0,0,0,179,NA,0,0,0,0,0,0,0,0,0,0,0,0,"wq",0,0,0,0,0,0,0,13,16,7.9
88,61,0,0,9,0,0,0,18.3,0,0,0,0,0,0,11.7,0,0,0,0,0,0,0,180,NA,0,0,0,0,0,0,0,0,0,0,0,0,"wq",0,0,0,0,0,0,0,13,16,15.9
89,54,0,0,17.2,0,0,0,17.6,0,0,0,0,0,0,11.2,0,0,0,0,0,0,0,181,NA,0,0,0,0,0,0,0,0,0,0,0,0,"wq",0,0,0,0,0,0,0,13,16,6.5
90,61.9,0,0,9.1,4.7,0,0,18.5,0,0,0,0,0,0,5.8,0,0,0,0,0,0,0,182,NA,0,0,0,0,0,0,0,0,0,0,0,0,"wq",0,0,0,0,0,0,0,13,16,6.4
91,54.7,0,0,17.4,4.5,0,0,17.8,0,0,0,0,0,0,5.6,0,0,0,0,0,0,0,183,NA,0,0,0,0,0,0,0,0,0,0,0,0,"wq",0,0,0,0,0,0,0,13,16,17.1
92,64.1,0,0,0,9.2,0,0,26.7,0,0,0,0,0,0,0,0,0,0,0,0,0,0,184,NA,0,0,0,0,0,0,0,0,0,0,0,0,"wq",0,0,0,0,0,0,0,13,16,19.4
93,62.8,0,0,0,0,0,0,26.2,0,0,0,0,0,0,11,0,0,0,0,0,0,0,185,NA,0,0,0,0,0,0,0,0,0,0,0,0,"wq",0,0,0,0,0,0,0,13,16,16.9
94,57.2,0,0,8.4,8.8,0,0,25.6,0,0,0,0,0,0,0,0,0,0,0,0,0,0,186,NA,0,0,0,0,0,0,0,0,0,0,0,0,"wq",0,0,0,0,0,0,0,13,16,4
95,50.8,0,0,16.1,8.5,0,0,24.6,0,0,0,0,0,0,0,0,0,0,0,0,0,0,187,NA,0,0,0,0,0,0,0,0,0,0,0,0,"wq",0,0,0,0,0,0,0,13,16,13
96,56.1,0,0,8.1,0,0,0,25.2,0,0,0,0,0,0,10.6,0,0,0,0,0,0,0,188,NA,0,0,0,0,0,0,0,0,0,0,0,0,"wq",0,0,0,0,0,0,0,13,16,7.6
97,49.8,0,0,15.8,0,0,0,24.2,0,0,0,0,0,0,10.2,0,0,0,0,0,0,0,189,NA,0,0,0,0,0,0,0,0,0,0,0,0,"wq",0,0,0,0,0,0,0,13,16,5.5
98,56.6,0,0,8.2,4.4,0,0,25.4,0,0,0,0,0,0,5.4,0,0,0,0,0,0,0,190,NA,0,0,0,0,0,0,0,0,0,0,0,0,"wq",0,0,0,0,0,0,0,13,16,6.6
99,50.2,0,0,15.9,4.2,0,0,24.4,0,0,0,0,0,0,5.2,0,0,0,0,0,0,0,191,NA,0,0,0,0,0,0,0,0,0,0,0,0,"wq",0,0,0,0,0,0,0,13,16,6.3
110,70.25,0,0,0,0,0,0,0,0,3.7,0,18.93,0,0,0,0,0,0,0,0,7.12,0,205,NA,0,0,0,0,0,0,0,0,0,0,0,0,"wq",0,0,0,0,0,0,0,14,19,7.11
111,71.97,0,0,3.25,0,0,4.64,20.14,0,0,0,0,0,0,0,0,0,0,0,0,0,0,212,NA,0,0,0,0,0,790,1,0,0,0,0,0,"wq",0,0,0,0,0,0,0,14,20,32.72
111,71.97,0,0,3.25,0,0,4.64,20.14,0,0,0,0,0,0,0,0,0,0,0,0,0,0,213,NA,0,0,0,19.17,0,790,1,0,0,0,0,0,"wq",0,0,0,0,0,0,0,14,20,18.61
111,71.97,0,0,3.25,0,0,4.64,20.14,0,0,0,0,0,0,0,0,0,0,0,0,0,0,214,NA,0,0,0,35.99,0,790,1,0,0,0,0,0,"wq",0,0,0,0,0,0,0,14,20,18.3
111,71.97,0,0,3.25,0,0,4.64,20.14,0,0,0,0,0,0,0,0,0,0,0,0,0,0,215,NA,0,0,0,51.06,0,790,1,0,0,0,0,0,"wq",0,0,0,0,0,0,0,14,20,16.6
111,71.97,0,0,3.25,0,0,4.64,20.14,0,0,0,0,0,0,0,0,0,0,0,0,0,0,216,NA,0,0,0,63.94,0,790,1,0,0,0,0,0,"wq",0,0,0,0,0,0,0,14,20,16.26
111,71.97,0,0,3.25,0,0,4.64,20.14,0,0,0,0,0,0,0,0,0,0,0,0,0,0,217,NA,0,0,0,83.38,0,790,1,0,0,0,0,0,"wq",0,0,0,0,0,0,0,14,20,15.06
113,0.93,0,0,0,0.053,0,0,0.017,0,0,0,0,0,0,0,0,0,0,0,0,0,0,218,NA,0,0,0,0,0,0,0,0,0,0,0,0,"wq",0,0,0,0,0,0,0,15,21,10.24
114,0.906,0,0,0,0.055,0,0,0.039,0,0,0,0,0,0,0,0,0,0,0,0,0,0,219,NA,0,0,0,0,0,0,0,0,0,0,0,0,"wq",0,0,0,0,0,0,0,15,21,13.94
115,0.888,0,0,0,0.055,0,0,0.057,0,0,0,0,0,0,0,0,0,0,0,0,0,0,220,NA,0,0,0,0,0,0,0,0,0,0,0,0,"wq",0,0,0,0,0,0,0,15,21,30.84
116,0.81,0,0,0.025,0.009,0,0,0.117,0,0,0,0,0,0,0.039,0,0,0,0,0,0,0,221,NA,0,957,2,0,0,847,1,74.35,0,900,1,0,"wq",0,0,0,0,0,0,0,15,22,10.2
116,0.81,0,0,0.025,0.009,0,0,0.117,0,0,0,0,0,0,0.039,0,0,0,0,0,0,0,224,NA,0,957,2,0,0,847,1,74.35,0,900,1,0,"wq",450,24,0,0,0,0,0,15,22,0.7
116,0.81,0,0,0.025,0.009,0,0,0.117,0,0,0,0,0,0,0.039,0,0,0,0,0,0,0,228,NA,0,957,2,0,0,847,1,74.35,0,900,1,0,"wq",550,2,0,0,0,0,0,15,22,3.1
117,81.17,0,0,6.27,3.16,0,0,6.27,0,0,0,0,0,0,3.13,0,0,0,0,0,0,0,229,10,0,0,0,0,0,0,0,0,0,0,0,0,"wq",0,0,0,0,0,0,0,13,23,7.6
118,76.38,0,0,5.91,2.96,0,0,11.8,0,0,0,0,0,0,2.95,0,0,0,0,0,0,0,230,10,0,0,0,0,0,0,0,0,0,0,0,0,"wq",0,0,0,0,0,0,0,13,23,6.4
119,79.36,0,0,5.9,2.96,0,0,8.85,0,0,0,0,0,0,2.93,0,0,0,0,0,0,0,231,10,0,0,0,0,0,0,0,0,0,0,0,0,"wq",0,0,0,0,0,0,0,13,23,13.6
120,82.3,0,0,5.9,2.95,0,0,5.9,0,0,0,0,0,0,2.95,0,0,0,0,0,0,0,232,10,0,0,0,0,0,0,0,0,0,0,0,0,"wq",0,0,0,0,0,0,0,13,23,12.5
121,85.25,0,0,2.97,2.94,0,0,5.9,0,0,0,0,0,0,2.94,0,0,0,0,0,0,0,233,10,0,0,0,0,0,0,0,0,0,0,0,0,"wq",0,0,0,0,0,0,0,13,23,13.8
122,81.22,0,0,3.13,3.16,0,0,9.36,0,0,0,0,0,0,3.13,0,0,0,0,0,0,0,234,10,0,0,0,0,0,0,0,0,0,0,0,0,"wq",0,0,0,0,0,0,0,13,23,14.2
129,69.3,0,0,4.92,0,0,1.78,24,0,0,0,0,0,0,0,0,0,0,0,0,0,0,243,NA,0,1000,2,89,0,1000,2,0,0,0,0,0,"wq",0,0,0,0,0,0,0,13,25,21
130,67.53,0,0,4.86,0,0,0,27.61,0,0,0,0,0,0,0,0,0,0,0,0,0,0,244,NA,0,1000,2,89,0,1000,2,0,0,0,0,0,"wq",0,0,0,0,0,0,0,13,25,16
139,0.85,0,0,0,0.12,0,0,0.03,0,0,0,0,0,0,0,0,0,0,0,0,0,0,282,35,0,1000,24,0,0,780,0,80,0,950,1,0,"wq",0,0,0,0,0,0,0,15,30,41.2
160,82.13,0,0,3.96,7.98,0,0,5.13,0,0,0,0,0,0,0,0,0,0,0,0,0,0,317,30,0,1000,24,0,0,800,0,20,0,950,0,0,"wq",0,0,0,0,0,0,0,14,35,15
161,84.11,0,0,2.97,7.98,0,0,4.94,0,0,0,0,0,0,0,0,0,0,0,0,0,0,318,30,0,1000,24,0,0,800,0,20,0,950,0,0,"wq",0,0,0,0,0,0,0,14,35,21
162,86.21,0,0,2.01,7.98,0,0,3.89,0,0,0,0,0,0,0,0,0,0,0,0,0,0,319,30,0,1000,24,0,0,800,0,20,0,950,0,0,"wq",0,0,0,0,0,0,0,14,35,15
163,84.04,0,0,5.02,7.98,0,0,2.96,0,0,0,0,0,0,0,0,0,0,0,0,0,0,320,30,0,1000,24,0,0,800,0,20,0,950,0,0,"wq",0,0,0,0,0,0,0,14,35,26
164,0.76,0,0,0,0,0,0,0.24,0,0,0,0,0,0,0,0,0,0,0,0,0,0,321,NA,0,950,20,95,0,900,1,0,0,0,0,0,"wq",0,0,0,0,0,0,0,15,36,32
164,0.76,0,0,0,0,0,0,0.24,0,0,0,0,0,0,0,0,0,0,0,0,0,0,323,NA,0,950,20,95,0,900,1,0,0,300,0.167,0,"wq",0,0,0,0,0,0,0,15,36,6.5
164,0.76,0,0,0,0,0,0,0.24,0,0,0,0,0,0,0,0,0,0,0,0,0,0,325,NA,0,950,20,95,0,900,1,0,0,600,0.167,0,"wq",0,0,0,0,0,0,0,15,36,6
165,0.74,0,0,0,0,0,0,0.26,0,0,0,0,0,0,0,0,0,0,0,0,0,0,322,NA,0,950,20,95,0,900,1,0,0,0,0,0,"wq",0,0,0,0,0,0,0,15,36,20
165,0.74,0,0,0,0,0,0,0.26,0,0,0,0,0,0,0,0,0,0,0,0,0,0,324,NA,0,950,20,95,0,900,1,0,0,300,0.167,0,"wq",0,0,0,0,0,0,0,15,36,4
165,0.74,0,0,0,0,0,0,0.26,0,0,0,0,0,0,0,0,0,0,0,0,0,0,326,NA,0,950,20,95,0,900,1,0,0,600,0.167,0,"wq",0,0,0,0,0,0,0,15,36,6
166,0.9611,0,0,0,0.0389,0,0,0,0,0,0,0,0,0,0,0,0,0,0,0,0,0,327,30,0,0,0,0,0,0,0,0,0,0,0,0,"wq",0,0,0,0,0,0,0,15,37,16
167,0.9191,0,0,0,0.0809,0,0,0,0,0,0,0,0,0,0,0,0,0,0,0,0,0,328,30,0,0,0,0,0,0,0,0,0,0,0,0,"wq",0,0,0,0,0,0,0,15,37,25
168,0.862,0.102,0,0,0,0.036,0,0,0,0,0,0,0,0,0,0,0,0,0,0,0,0,329,30,0,0,0,0,0,0,0,0,0,0,0,0,"wq",0,0,0,0,0,0,0,15,37,6
169,84.55,0,0,7.79,0,0,0,7.66,0,0,0,0,0,0,0,0,0,0,0,0,0,0,330,NA,0,900,1,0,0,350,5,0,0,0,0,0,"wq",0,0,0,0,0,0,0,13,38,23.2
169,84.55,0,0,7.79,0,0,0,7.66,0,0,0,0,0,0,0,0,0,0,0,0,0,0,331,NA,0,900,1,0,0,450,5,0,0,0,0,0,"wq",0,0,0,0,0,0,0,13,38,19.7
169,84.55,0,0,7.79,0,0,0,7.66,0,0,0,0,0,0,0,0,0,0,0,0,0,0,332,NA,0,900,1,0,0,550,5,0,0,0,0,0,"wq",0,0,0,0,0,0,0,13,38,16.5
169,84.55,0,0,7.79,0,0,0,7.66,0,0,0,0,0,0,0,0,0,0,0,0,0,0,333,30,0,0,0,0,0,0,0,0,0,0,0,0,"wq",0,0,0,0,0,0,0,13,38,26
177,80,0,0,0,0,0,0,3,0,0,0,14,0,0,3,0,0,0,0,0,0,0,349,NA,0,0,0,0,0,0,0,0,0,0,0,0,"wq",0,0,0,0,0,0,0,14,41,32.4
178,82,0,0,0,0,0,0,3,0,0,0,12,0,0,3,0,0,0,0,0,0,0,350,NA,0,0,0,0,0,0,0,0,0,0,0,0,"wq",0,0,0,0,0,0,0,14,41,52.1
179,84,0,0,0,0,0,0,3,0,0,0,10,0,0,3,0,0,0,0,0,0,0,351,NA,0,0,0,0,0,0,0,0,0,0,0,0,"wq",0,0,0,0,0,0,0,14,41,64.7
182,0.9976,0,0,0,0,0,0.0122,0.0102,0,0,0,0,0,0,0,0,0,0,0,0,0,0,368,NA,0,830,0,0,0,650,0,0,0,0,0,0,"wq",0,0,0,0,0,0,0,15,43,29.95
182,0.9976,0,0,0,0,0,0.0122,0.0102,0,0,0,0,0,0,0,0,0,0,0,0,0,0,369,NA,0,830,0,0,0,650,0,0,0,700,4,0,"wq",0,0,0,0,0,0,0,15,43,33.2
182,0.9976,0,0,0,0,0,0.0122,0.0102,0,0,0,0,0,0,0,0,0,0,0,0,0,0,370,NA,0,830,0,0,0,650,0,0,0,840,2,0,"wq",0,0,0,0,0,0,0,15,43,25.27
182,0.9976,0,0,0,0,0,0.0122,0.0102,0,0,0,0,0,0,0,0,0,0,0,0,0,0,371,NA,0,830,0,0,0,650,0,0,0,550,4,0,"wq",0,0,0,0,0,0,0,15,43,28.31
182,0.9976,0,0,0,0,0,0.0122,0.0102,0,0,0,0,0,0,0,0,0,0,0,0,0,0,372,NA,0,830,0,0,0,650,0,0,0,600,4,0,"wq",0,0,0,0,0,0,0,15,43,32.03
182,0.9976,0,0,0,0,0,0.0122,0.0102,0,0,0,0,0,0,0,0,0,0,0,0,0,0,373,NA,0,830,0,0,0,650,0,0,0,700,4,0,"wq",0,0,0,0,0,0,0,15,43,30.28
182,0.9976,0,0,0,0,0,0.0122,0.0102,0,0,0,0,0,0,0,0,0,0,0,0,0,0,374,NA,0,830,0,0,0,650,0,0,0,750,4,0,"wq",0,0,0,0,0,0,0,15,43,27.7
185,74.87,0,0,1.97,0,0,0.66,22.5,0,0,0,0,0,0,0,0,0,0,0,0,0,0,379,NA,0,950,1,0,0,780,0.5,0,0,0,0,0,"wq",0,0,0,0,0,0,0,13,45,23.4
185,74.87,0,0,1.97,0,0,0.66,22.5,0,0,0,0,0,0,0,0,0,0,0,0,0,0,380,NA,0,950,1,0,0,780,0.5,20,0,0,0,0,"wq",0,0,0,0,0,0,0,13,45,16.4
185,74.87,0,0,1.97,0,0,0.66,22.5,0,0,0,0,0,0,0,0,0,0,0,0,0,0,381,NA,0,950,1,0,0,780,0.5,60,0,0,0,0,"wq",0,0,0,0,0,0,0,13,45,12.3
185,74.87,0,0,1.97,0,0,0.66,22.5,0,0,0,0,0,0,0,0,0,0,0,0,0,0,382,NA,0,950,1,0,0,780,0.5,99,0,0,0,0,"wq",0,0,0,0,0,0,0,13,45,9.5
195,83,8.78,0,0,2.38,4.37,0,0,0,0.65,0,0.82,0,0,0,0,0,0,0,0,0,0,392,NA,0,950,0.5,30,20,950,0,0,0.25,530,8,0,"wq",0,0,0,0,0,0,0,14,48,0.3
195,83,8.78,0,0,2.38,4.37,0,0,0,0.65,0,0.82,0,0,0,0,0,0,0,0,0,0,393,NA,0,950,0.5,30,20,950,0,0,0.25,560,8,0,"wq",0,0,0,0,0,0,0,14,48,2.5
195,83,8.78,0,0,2.38,4.37,0,0,0,0.65,0,0.82,0,0,0,0,0,0,0,0,0,0,394,NA,0,950,0.5,30,20,950,0,0,20,560,8,0,"wq",0,0,0,0,0,0,0,14,48,0.66
195,83,8.78,0,0,2.38,4.37,0,0,0,0.65,0,0.82,0,0,0,0,0,0,0,0,0,0,395,NA,0,950,0.5,30,20,950,0,0,0.25,600,8,0,"wq",0,0,0,0,0,0,0,14,48,2.2
195,83,8.78,0,0,2.38,4.37,0,0,0,0.65,0,0.82,0,0,0,0,0,0,0,0,0,0,396,NA,0,950,0.5,30,20,950,0,0,2,600,8,0,"wq",0,0,0,0,0,0,0,14,48,2.1
195,83,8.78,0,0,2.38,4.37,0,0,0,0.65,0,0.82,0,0,0,0,0,0,0,0,0,0,397,NA,0,950,0.5,30,20,950,0,0,0.25,640,8,0,"wq",0,0,0,0,0,0,0,14,48,7.5
195,83,8.78,0,0,2.38,4.37,0,0,0,0.65,0,0.82,0,0,0,0,0,0,0,0,0,0,398,NA,0,950,0.5,30,20,950,0,0,2,640,8,0,"wq",0,0,0,0,0,0,0,14,48,3.1
195,83,8.78,0,0,2.38,4.37,0,0,0,0.65,0,0.82,0,0,0,0,0,0,0,0,0,0,424,NA,0,950,0.5,30,20,820,0,0,20,640,8,0,"wq",0,0,0,0,0,0,0,14,48,3.7
195,83,8.78,0,0,2.38,4.37,0,0,0,0.65,0,0.82,0,0,0,0,0,0,0,0,0,0,421,NA,0,950,0.5,30,20,820,0,0,0.25,600,8,0,"wq",0,0,0,0,0,0,0,14,48,0.52
195,83,8.78,0,0,2.38,4.37,0,0,0,0.65,0,0.82,0,0,0,0,0,0,0,0,0,0,422,NA,0,950,0.5,30,20,820,0,0,20,600,8,0,"wq",0,0,0,0,0,0,0,14,48,1.72
195,83,8.78,0,0,2.38,4.37,0,0,0,0.65,0,0.82,0,0,0,0,0,0,0,0,0,0,423,NA,0,950,0.5,30,20,820,0,0,0.25,640,8,0,"wq",0,0,0,0,0,0,0,14,48,3.2
196,76.23,5,0,0,0,14.67,0,0,0,2.92,0,0,0,0,1.18,0,0,0,0,0,0,0,399,NA,0,900,0.5,70,10,860,0,0,0.25,450,8,0,"wq",0,0,0,0,0,0,0,14,48,11.1
196,76.23,5,0,0,0,14.67,0,0,0,2.92,0,0,0,0,1.18,0,0,0,0,0,0,0,400,NA,0,900,0.5,70,10,860,0,0,0.25,450,16,0,"wq",0,0,0,0,0,0,0,14,48,8.3
196,76.23,5,0,0,0,14.67,0,0,0,2.92,0,0,0,0,1.18,0,0,0,0,0,0,0,401,NA,0,900,0.5,70,10,860,0,0,0.01,538,0,0,"wq",0,0,0,0,0,0,0,14,48,6.7
196,76.23,5,0,0,0,14.67,0,0,0,2.92,0,0,0,0,1.18,0,0,0,0,0,0,0,402,NA,0,900,0.5,70,10,860,0,0,0.25,0,16,0,"wq",0,0,0,0,0,0,0,14,48,14.5
196,76.23,5,0,0,0,14.67,0,0,0,2.92,0,0,0,0,1.18,0,0,0,0,0,0,0,403,NA,0,900,0.5,70,10,860,0,0,0.25,450,16,80,"wq",0,0,0,0,0,0,0,14,48,1.5
196,76.23,5,0,0,0,14.67,0,0,0,2.92,0,0,0,0,1.18,0,0,0,0,0,0,0,404,NA,0,900,0.5,70,10,860,0,0,0.25,500,16,80,"wq",0,0,0,0,0,0,0,14,48,8
196,76.23,5,0,0,0,14.67,0,0,0,2.92,0,0,0,0,1.18,0,0,0,0,0,0,0,405,NA,0,900,0.5,70,10,860,0,0,0.25,538,16,80,"wq",0,0,0,0,0,0,0,14,48,10.5
196,76.23,5,0,0,0,14.67,0,0,0,2.92,0,0,0,0,1.18,0,0,0,0,0,0,0,406,NA,0,900,0.5,70,10,860,0,0,0.25,300,8,0,"wq",450,16,0,0,0,0,0,14,48,10.4
196,76.23,5,0,0,0,14.67,0,0,0,2.92,0,0,0,0,1.18,0,0,0,0,0,0,0,407,NA,0,900,0.5,70,10,860,0,0,0.25,300,8,0,"wq",538,8,0,0,0,0,0,14,48,16.2
196,76.23,5,0,0,0,14.67,0,0,0,2.92,0,0,0,0,1.18,0,0,0,0,0,0,0,425,NA,0,900,0.5,70,10,700,0,0,0.25,538,16,0,"wq",0,0,0,0,0,0,0,14,48,6.7
196,76.23,5,0,0,0,14.67,0,0,0,2.92,0,0,0,0,1.18,0,0,0,0,0,0,0,408,NA,0,900,0.5,70,10,860,0,0,0.25,300,8,0,"wq",538,16,0,0,0,0,0,14,48,17.6
197,84.93,5.51,0,0,8.01,0,0,1.54,0,0,0,0,0,0,0,0,0,0,0,0,0,0,414,NA,0,900,0.5,80,10,880,0,0,0.25,300,8,0,"wq",520,8,0,0,0,0,0,14,48,9.8
197,84.93,5.51,0,0,8.01,0,0,1.54,0,0,0,0,0,0,0,0,0,0,0,0,0,0,428,NA,0,900,0.5,80,10,800,0,0,0.25,520,16,0,"wq",0,0,0,0,0,0,0,14,48,8.8
197,84.93,5.51,0,0,8.01,0,0,1.54,0,0,0,0,0,0,0,0,0,0,0,0,0,0,429,NA,0,900,0.5,80,10,800,0,0,0.25,538,8,0,"wq",0,0,0,0,0,0,0,14,48,9.6
197,84.93,5.51,0,0,8.01,0,0,1.54,0,0,0,0,0,0,0,0,0,0,0,0,0,0,413,NA,0,900,0.5,80,10,880,0,0,0.25,538,8,0,"wq",0,0,0,0,0,0,0,14,48,11.2
197,84.93,5.51,0,0,8.01,0,0,1.54,0,0,0,0,0,0,0,0,0,0,0,0,0,0,409,NA,0,900,0.5,80,10,880,0,0,0.25,500,8,0,"wq",0,0,0,0,0,0,0,14,48,4.8
197,84.93,5.51,0,0,8.01,0,0,1.54,0,0,0,0,0,0,0,0,0,0,0,0,0,0,410,NA,0,900,0.5,80,10,880,0,0,0.25,520,8,0,"wq",0,0,0,0,0,0,0,14,48,8.5
197,84.93,5.51,0,0,8.01,0,0,1.54,0,0,0,0,0,0,0,0,0,0,0,0,0,0,411,NA,0,900,0.5,80,10,880,0,0,0.03,520,8,0,"wq",0,0,0,0,0,0,0,14,48,3.8
197,84.93,5.51,0,0,8.01,0,0,1.54,0,0,0,0,0,0,0,0,0,0,0,0,0,0,430,NA,0,900,0.5,80,10,800,0,0,0.25,300,8,0,"wq",520,8,0,0,0,0,0,14,48,8.6
197,84.93,5.51,0,0,8.01,0,0,1.54,0,0,0,0,0,0,0,0,0,0,0,0,0,0,426,NA,0,900,0.5,80,10,800,0,0,0.25,520,8,0,"wq",0,0,0,0,0,0,0,14,48,6.2
197,84.93,5.51,0,0,8.01,0,0,1.54,0,0,0,0,0,0,0,0,0,0,0,0,0,0,427,NA,0,900,0.5,80,10,800,0,0,0.03,520,8,0,"wq",0,0,0,0,0,0,0,14,48,4.5
197,84.93,5.51,0,0,8.01,0,0,1.54,0,0,0,0,0,0,0,0,0,0,0,0,0,0,412,NA,0,900,0.5,80,10,880,0,0,0.25,520,16,0,"wq",0,0,0,0,0,0,0,14,48,10
198,89.8,2.74,0,0,3.49,0,0,0,0,0,0,3.97,0,0,0,0,0,0,0,0,0,0,420,NA,0,850,0.5,70,20,815,0,0,20,560,8,0,"wq",0,0,0,0,0,0,0,14,48,12.3
198,89.8,2.74,0,0,3.49,0,0,0,0,0,0,3.97,0,0,0,0,0,0,0,0,0,0,418,NA,0,850,0.5,70,20,815,0,0,20,538,8,0,"wq",0,0,0,0,0,0,0,14,48,9.9
198,89.8,2.74,0,0,3.49,0,0,0,0,0,0,3.97,0,0,0,0,0,0,0,0,0,0,419,NA,0,850,0.5,70,20,815,0,0,0.25,560,8,0,"wq",0,0,0,0,0,0,0,14,48,11.7
198,89.8,2.74,0,0,3.49,0,0,0,0,0,0,3.97,0,0,0,0,0,0,0,0,0,0,415,NA,0,850,0.5,70,20,815,0,0,0.25,520,8,0,"wq",0,0,0,0,0,0,0,14,48,9.4
198,89.8,2.74,0,0,3.49,0,0,0,0,0,0,3.97,0,0,0,0,0,0,0,0,0,0,416,NA,0,850,0.5,70,20,815,0,0,20,520,8,0,"wq",0,0,0,0,0,0,0,14,48,7
198,89.8,2.74,0,0,3.49,0,0,0,0,0,0,3.97,0,0,0,0,0,0,0,0,0,0,417,NA,0,850,0.5,70,20,815,0,0,0.25,538,8,0,"wq",0,0,0,0,0,0,0,14,48,10.5
198,89.8,2.74,0,0,3.49,0,0,0,0,0,0,3.97,0,0,0,0,0,0,0,0,0,0,431,NA,0,850,0.5,70,20,780,0,0,0.25,520,8,0,"wq",0,0,0,0,0,0,0,14,48,5.4
198,89.8,2.74,0,0,3.49,0,0,0,0,0,0,3.97,0,0,0,0,0,0,0,0,0,0,432,NA,0,850,0.5,70,20,780,0,0,20,520,8,0,"wq",0,0,0,0,0,0,0,14,48,6.7
198,89.8,2.74,0,0,3.49,0,0,0,0,0,0,3.97,0,0,0,0,0,0,0,0,0,0,433,NA,0,850,0.5,70,20,780,0,0,0.25,538,8,0,"wq",0,0,0,0,0,0,0,14,48,2.6
198,89.8,2.74,0,0,3.49,0,0,0,0,0,0,3.97,0,0,0,0,0,0,0,0,0,0,434,NA,0,850,0.5,70,20,780,0,0,20,538,8,0,"wq",0,0,0,0,0,0,0,14,48,5.1
198,89.8,2.74,0,0,3.49,0,0,0,0,0,0,3.97,0,0,0,0,0,0,0,0,0,0,435,NA,0,850,0.5,70,20,780,0,0,0.25,560,8,0,"wq",0,0,0,0,0,0,0,14,48,4.6
198,89.8,2.74,0,0,3.49,0,0,0,0,0,0,3.97,0,0,0,0,0,0,0,0,0,0,436,NA,0,850,0.5,70,20,780,0,0,20,560,8,0,"wq",0,0,0,0,0,0,0,14,48,4.9
199,83.27,9.01,0,2.13,2.03,0,0,0,0,1.87,0,0.87,0,0,0.83,0,0,0,0,0,0,0,437,NA,0,0,0,0,0,0,0,0,0,0,0,0,"wq",0,0,0,0,0,0,0,14,49,4
199,83.27,9.01,0,2.13,2.03,0,0,0,0,1.87,0,0.87,0,0,0.83,0,0,0,0,0,0,0,438,NA,0,0,0,0,0,0,0,0,0,0,0,0,"wq",0,0,0,0,0,0,0,14,49,13
199,83.27,9.01,0,2.13,2.03,0,0,0,0,1.87,0,0.87,0,0,0.83,0,0,0,0,0,0,0,439,NA,0,0,0,0,0,0,0,0,0,0,0,0,"wq",0,0,0,0,0,0,0,14,49,10
199,83.27,9.01,0,2.13,2.03,0,0,0,0,1.87,0,0.87,0,0,0.83,0,0,0,0,0,0,0,440,NA,0,0,0,0,0,0,0,0,0,0,0,0,"wq",0,0,0,0,0,0,0,14,49,6
200,0.9953,0,0,0,0,0,0,0,0,0,0,0,0,0,0,0,0.0047,0,0,0,0,0,441,NA,0,0,0,0,0,0,0,0,0,0,0,0,"wq",0,0,0,0,0,0,0,15,50,25.56
201,0.9881,0,0,0,0,0,0,0,0,0,0,0,0,0,0,0,0.0119,0,0,0,0,0,442,NA,0,0,0,0,0,0,0,0,0,0,0,0,"wq",0,0,0,0,0,0,0,15,50,20
202,0.9752,0,0,0,0,0,0,0,0,0,0,0,0,0,0,0,0.0248,0,0,0,0,0,443,NA,0,0,0,0,0,0,0,0,0,0,0,0,"wq",0,0,0,0,0,0,0,15,50,15.51
203,0.9458,0,0,0,0,0,0,0,0,0,0,0,0,0,0,0,0.0542,0,0,0,0,0,444,NA,0,0,0,0,0,0,0,0,0,0,0,0,"wq",0,0,0,0,0,0,0,15,50,1.44
210,80.15,7.11,0,0,2.5,4.71,0,0,0,5.53,0,0,0,0,0,0,0,0,0,0,0,0,451,NA,0,730,0.5,0,0,0,0,0,0,0,0,0,"wq",0,0,0,0,0,0,0,14,52,22.71
210,80.15,7.11,0,0,2.5,4.71,0,0,0,5.53,0,0,0,0,0,0,0,0,0,0,0,0,452,NA,0,760,0.5,0,0,0,0,0,0,0,0,0,"wq",0,0,0,0,0,0,0,14,52,22.77
210,80.15,7.11,0,0,2.5,4.71,0,0,0,5.53,0,0,0,0,0,0,0,0,0,0,0,0,453,NA,0,800,0.5,0,0,0,0,0,0,0,0,0,"wq",0,0,0,0,0,0,0,14,52,21.7
210,80.15,7.11,0,0,2.5,4.71,0,0,0,5.53,0,0,0,0,0,0,0,0,0,0,0,0,454,NA,0,830,0.5,0,0,0,0,0,0,0,0,0,"wq",0,0,0,0,0,0,0,14,52,22.93
210,80.15,7.11,0,0,2.5,4.71,0,0,0,5.53,0,0,0,0,0,0,0,0,0,0,0,0,455,NA,0,730,0.5,0,0,460,6,0,0,0,0,0,"wq",0,0,0,0,0,0,0,14,52,9.96
210,80.15,7.11,0,0,2.5,4.71,0,0,0,5.53,0,0,0,0,0,0,0,0,0,0,0,0,456,NA,0,760,0.5,0,0,480,6,0,0,0,0,0,"wq",0,0,0,0,0,0,0,14,52,6.29
210,80.15,7.11,0,0,2.5,4.71,0,0,0,5.53,0,0,0,0,0,0,0,0,0,0,0,0,457,NA,0,800,0.5,0,0,500,6,0,0,0,0,0,"wq",0,0,0,0,0,0,0,14,52,10.48
210,80.15,7.11,0,0,2.5,4.71,0,0,0,5.53,0,0,0,0,0,0,0,0,0,0,0,0,458,NA,0,830,0.5,0,0,520,6,0,0,0,0,0,"wq",0,0,0,0,0,0,0,14,52,7.76
210,80.15,7.11,0,0,2.5,4.71,0,0,0,5.53,0,0,0,0,0,0,0,0,0,0,0,0,459,NA,0,730,0.5,0,0,460,6,0,0,0,0,0,"wq",0,0,0,0,0,0,0,14,52,9.38
210,80.15,7.11,0,0,2.5,4.71,0,0,0,5.53,0,0,0,0,0,0,0,0,0,0,0,0,460,NA,0,760,0.5,0,0,480,6,0,0,0,0,0,"wq",0,0,0,0,0,0,0,14,52,8.16
210,80.15,7.11,0,0,2.5,4.71,0,0,0,5.53,0,0,0,0,0,0,0,0,0,0,0,0,461,NA,0,800,0.5,0,0,500,6,0,0,0,0,0,"wq",0,0,0,0,0,0,0,14,52,9.08
210,80.15,7.11,0,0,2.5,4.71,0,0,0,5.53,0,0,0,0,0,0,0,0,0,0,0,0,462,NA,0,830,0.5,0,0,520,6,0,0,0,0,0,"wq",0,0,0,0,0,0,0,14,52,9.34
210,80.15,7.11,0,0,2.5,4.71,0,0,0,5.53,0,0,0,0,0,0,0,0,0,0,0,0,463,NA,0,730,0.5,0,0,460,6,0,0,0,0,0,"wq",0,0,0,0,0,0,0,14,52,13.43
210,80.15,7.11,0,0,2.5,4.71,0,0,0,5.53,0,0,0,0,0,0,0,0,0,0,0,0,464,NA,0,760,0.5,0,0,480,6,0,0,0,0,0,"wq",0,0,0,0,0,0,0,14,52,10.33
210,80.15,7.11,0,0,2.5,4.71,0,0,0,5.53,0,0,0,0,0,0,0,0,0,0,0,0,465,NA,0,800,0.5,0,0,500,6,0,0,0,0,0,"wq",0,0,0,0,0,0,0,14,52,7.64
210,80.15,7.11,0,0,2.5,4.71,0,0,0,5.53,0,0,0,0,0,0,0,0,0,0,0,0,466,NA,0,830,0.5,0,0,520,6,0,0,0,0,0,"wq",0,0,0,0,0,0,0,14,52,7.65
210,80.15,7.11,0,0,2.5,4.71,0,0,0,5.53,0,0,0,0,0,0,0,0,0,0,0,0,467,NA,0,730,0.5,0,0,460,6,0,0,0,0,0,"wq",0,0,0,0,0,0,0,14,52,15.12
210,80.15,7.11,0,0,2.5,4.71,0,0,0,5.53,0,0,0,0,0,0,0,0,0,0,0,0,468,NA,0,760,0.5,0,0,480,6,0,0,0,0,0,"wq",0,0,0,0,0,0,0,14,52,1274
210,80.15,7.11,0,0,2.5,4.71,0,0,0,5.53,0,0,0,0,0,0,0,0,0,0,0,0,469,NA,0,800,0.5,0,0,500,6,0,0,0,0,0,"wq",0,0,0,0,0,0,0,14,52,8.13
210,80.15,7.11,0,0,2.5,4.71,0,0,0,5.53,0,0,0,0,0,0,0,0,0,0,0,0,470,NA,0,830,0.5,0,0,520,6,0,0,0,0,0,"wq",0,0,0,0,0,0,0,14,52,6.99
212,89.74,0,0,5.89,0,0,1.48,2.89,0,0,0,0,0,0,0,0,0,0,0,0,0,0,483,NA,0,0,0,0,0,0,0,0,0,0,0,0,"wq",0,0,0,0,0,0,0,13,54,15
212,89.74,0,0,5.89,0,0,1.48,2.89,0,0,0,0,0,0,0,0,0,0,0,0,0,0,484,NA,0,0,0,95,0,850,0.5,0,0,0,0,0,"wq",0,0,0,0,0,0,0,13,54,5
221,83.8,5.25,0,0,0,9.26,0,0,0,0,0,1.69,0,0,0,0,0,0,0,0,0,0,493,NA,0,860,0,0,0,830,0,0,0,500,4,0,"wq",0,0,0,0,0,0,0,14,56,0.5
221,83.8,5.25,0,0,0,9.26,0,0,0,0,0,1.69,0,0,0,0,0,0,0,0,0,0,494,NA,0,760,0,0,0,830,0,0,0,500,4,0,"wq",0,0,0,0,0,0,0,14,56,1
221,83.8,5.25,0,0,0,9.26,0,0,0,0,0,1.69,0,0,0,0,0,0,0,0,0,0,495,NA,0,710,0,0,0,830,0,0,0,500,4,0,"wq",0,0,0,0,0,0,0,14,56,0.7
221,83.8,5.25,0,0,0,9.26,0,0,0,0,0,1.69,0,0,0,0,0,0,0,0,0,0,496,NA,0,860,0,0,0,760,0,0,0,500,4,0,"wq",0,0,0,0,0,0,0,14,56,2.4
221,83.8,5.25,0,0,0,9.26,0,0,0,0,0,1.69,0,0,0,0,0,0,0,0,0,0,497,NA,0,760,0,0,0,760,0,0,0,500,4,0,"wq",0,0,0,0,0,0,0,14,56,2.7
221,83.8,5.25,0,0,0,9.26,0,0,0,0,0,1.69,0,0,0,0,0,0,0,0,0,0,498,NA,0,710,0,0,0,760,0,0,0,500,4,0,"wq",0,0,0,0,0,0,0,14,56,6
221,83.8,5.25,0,0,0,9.26,0,0,0,0,0,1.69,0,0,0,0,0,0,0,0,0,0,499,NA,0,710,0,0,0,710,0,0,0,500,4,0,"wq",0,0,0,0,0,0,0,14,56,10.2
249,0.8133,0.088,0,0,0.0247,0.0466,0,0,0,0.0274,0,0,0,0,0,0,0,0,0,0,0,0,544,NA,0,0,0,0,0,0,0,0,0,0,0,0,"wq",0,0,0,0,0,0,0,15,62,3.8
268,81.35,6.31,0,0,2.54,5.73,0,0,0,2.81,0,0.44,0,0,0.82,0,0,0,0,0,0,0,563,NA,0,980,2,83.6,0,760,1.5,65.1,0,775,1,0,"wq",440,8,0,0,0,0,0,14,66,6.05
268,81.35,6.31,0,0,2.54,5.73,0,0,0,2.81,0,0.44,0,0,0.82,0,0,0,0,0,0,0,564,NA,0,980,2,83.6,0,760,1.5,65.1,0,775,1,0,"wq",480,8,0,0,0,0,0,14,66,8.01
268,81.35,6.31,0,0,2.54,5.73,0,0,0,2.81,0,0.44,0,0,0.82,0,0,0,0,0,0,0,565,NA,0,980,2,83.6,0,760,1.5,65.1,0,775,1,0,"wq",520,8,0,0,0,0,0,14,66,13.2
268,81.35,6.31,0,0,2.54,5.73,0,0,0,2.81,0,0.44,0,0,0.82,0,0,0,0,0,0,0,566,NA,0,980,2,83.6,0,760,1.5,65.1,0,775,1,0,"wq",560,8,0,0,0,0,0,14,66,16.36
268,81.35,6.31,0,0,2.54,5.73,0,0,0,2.81,0,0.44,0,0,0.82,0,0,0,0,0,0,0,567,NA,0,980,2,83.6,0,760,1.5,65.1,0,830,0.5,0,"wq",440,8,0,0,0,0,0,14,66,5.27
268,81.35,6.31,0,0,2.54,5.73,0,0,0,2.81,0,0.44,0,0,0.82,0,0,0,0,0,0,0,568,NA,0,980,2,83.6,0,760,1.5,65.1,0,830,0.5,0,"wq",480,8,0,0,0,0,0,14,66,7.78
268,81.35,6.31,0,0,2.54,5.73,0,0,0,2.81,0,0.44,0,0,0.82,0,0,0,0,0,0,0,569,NA,0,980,2,83.6,0,760,1.5,65.1,0,830,0.5,0,"wq",520,8,0,0,0,0,0,14,66,10.95
268,81.35,6.31,0,0,2.54,5.73,0,0,0,2.81,0,0.44,0,0,0.82,0,0,0,0,0,0,0,570,NA,0,980,2,83.6,0,760,1.5,65.1,0,830,0.5,0,"wq",560,8,0,0,0,0,0,14,66,13.81
275,0.8133,0.088,0,0,0.0247,0.0466,0,0,0,0.0274,0,0,0,0,0,0,0,0,0,0,0,0,578,NA,0,900,1,0,0,0,0,0,0,0,0,0,"wq",0,0,0,0,0,0,0,15,69,15.3
276,0.8071,0.0877,0,0,0.0247,0.0465,0,0,0,0.0273,0,0,0,0,0,0,0,0,0,0,0.0067,0,585,NA,0,900,1,0,0,0,0,0,0,0,0,0,"wq",0,0,0,0,0,0,0,15,69,18.5
277,71.95,0,0,0,0,0,9.52,18.53,0,0,0,0,0,0,0,0,0,0,0,0,0,0,613,20,0,950,20,80,0,850,0.5,0,0,0,0,0,"wq",0,0,0,0,0,0,0,13,70,20
278,86.2,10.2,0,0,0,3.6,0,0,0,0,0,0,0,0,0,0,0,0,0,0,0,0,614,NA,0,0,0,0,0,0,0,0,0,0,0,0,"wq",0,0,0,0,0,0,0,13,70,15
279,52.58,0,0,26.69,0,0,0,20.73,0,0,0,0,0,0,0,0,0,0,0,0,0,0,615,NA,0,890,1,20,0,0,0,0,0,0,0,0,"wq",0,0,0,0,0,0,0,13,71,7.42
279,52.58,0,0,26.69,0,0,0,20.73,0,0,0,0,0,0,0,0,0,0,0,0,0,0,616,NA,0,890,1,56,0,0,0,0,0,0,0,0,"wq",0,0,0,0,0,0,0,13,71,5.16
279,52.58,0,0,26.69,0,0,0,20.73,0,0,0,0,0,0,0,0,0,0,0,0,0,0,617,NA,0,890,1,76,0,0,0,0,0,0,0,0,"wq",0,0,0,0,0,0,0,13,71,5.19
279,52.58,0,0,26.69,0,0,0,20.73,0,0,0,0,0,0,0,0,0,0,0,0,0,0,618,NA,0,890,1,86,0,0,0,0,0,0,0,0,"wq",0,0,0,0,0,0,0,13,71,3.99
279,52.58,0,0,26.69,0,0,0,20.73,0,0,0,0,0,0,0,0,0,0,0,0,0,0,619,NA,0,890,1,86,0,890,1,0,0,0,0,0,"wq",0,0,0,0,0,0,0,13,71,12.91
280,84.15,0,0,2.45,0,0,0,9.63,0,0,0,0,0,0,3.77,0,0,0,0,0,0,0,620,NA,0,850,0.5,0,0,850,1.5,0,0,0,0,0,"wq",0,0,0,0,0,0,0,13,72,19.6
281,81.31,0,0,2.51,0,0,0,12.32,0,0,0,0,0,0,3.86,0,0,0,0,0,0,0,621,NA,0,850,0.5,0,0,850,1.5,0,0,0,0,0,"wq",0,0,0,0,0,0,0,13,72,13.6
282,78.34,0,0,2.57,0,0,0,15.14,0,0,0,0,0,0,3.95,0,0,0,0,0,0,0,622,NA,0,850,0.5,0,0,850,1.5,0,0,0,0,0,"wq",0,0,0,0,0,0,0,13,72,12.9
283,75.23,0,0,2.63,0,0,0,18.09,0,0,0,0,0,0,4.05,0,0,0,0,0,0,0,623,NA,0,850,0.5,0,0,850,1.5,0,0,0,0,0,"wq",0,0,0,0,0,0,0,13,72,22.3
284,68.53,0,0,2.77,0,0,0,24.45,0,0,0,0,0,0,4.25,0,0,0,0,0,0,0,624,NA,0,850,0.5,0,0,850,1.5,0,0,0,0,0,"wq",0,0,0,0,0,0,0,13,72,21.3
285,92.85,0,0,0,0,0,0,7.15,0,0,0,0,0,0,0,0,0,0,0,0,0,0,625,100,0,0,0,0,0,0,0,0,0,0,0,0,"wq",0,0,0,0,0,0,0,13,73,5.11
286,83.31,0,0,0,0,0,0,16.69,0,0,0,0,0,0,0,0,0,0,0,0,0,0,626,100,0,0,0,0,0,0,0,0,0,0,0,0,"wq",0,0,0,0,0,0,0,13,73,3.03
302,82,0,0,0,0,0,0,15,0,0,0,0,0,0,0,0,0,0,0,0,0,0,644,NA,0,1000,2,98.5,0,700,0.17,0,0,0,0,0,"wq",0,0,0,0,0,0,0,14,78,2.1
303,81.5,0,0,0,0,0,0,15,0,0,0,0,0,0,0.5,0,0,0,0,0,0,0,645,NA,0,1000,2,98.5,0,700,0.17,0,0,0,0,0,"wq",0,0,0,0,0,0,0,14,78,2.1
304,81.25,0,0,0,0,0,0,15,0,0,0,0,0,0,0.75,0,0,0,0,0,0,0,646,NA,0,1000,2,98.5,0,700,0.17,0,0,0,0,0,"wq",0,0,0,0,0,0,0,14,78,2.1
305,81,0,0,0,0,0,0,15,0,0,0,0,0,0,1,0,0,0,0,0,0,0,647,NA,0,1000,2,98.5,0,700,0.17,0,0,0,0,0,"wq",0,0,0,0,0,0,0,14,78,2.1
306,80.75,0,0,0,0,0,0,15,0,0,0,0,0,0,1.25,0,0,0,0,0,0,0,648,NA,0,1000,2,98.5,0,700,0.17,0,0,0,0,0,"wq",0,0,0,0,0,0,0,14,78,2.1
307,80.5,0,0,0,0,0,0,15,0,0,0,0,0,0,1.5,0,0,0,0,0,0,0,649,NA,0,1000,2,98.5,0,700,0.17,0,0,0,0,0,"wq",0,0,0,0,0,0,0,14,78,2.1
308,78.35,0,0,2.57,0,0,0,15.14,0,0,0,0,0,0,3.94,0,0,0,0,0,0,0,650,NA,500,0,0,0,0,0,0,0,0,0,0,0,"wq",0,0,0,0,0,0,0,14,79,2.1
308,78.35,0,0,2.57,0,0,0,15.14,0,0,0,0,0,0,3.94,0,0,0,0,0,0,0,651,NA,750,0,0,0,0,0,0,0,0,0,0,0,"wq",0,0,0,0,0,0,0,14,79,2.1
308,78.35,0,0,2.57,0,0,0,15.14,0,0,0,0,0,0,3.94,0,0,0,0,0,0,0,652,NA,1000,0,0,0,0,0,0,0,0,0,0,0,"wq",0,0,0,0,0,0,0,14,79,2.1
308,78.35,0,0,2.57,0,0,0,15.14,0,0,0,0,0,0,3.94,0,0,0,0,0,0,0,653,NA,1250,0,0,0,0,0,0,0,0,0,0,0,"wq",0,0,0,0,0,0,0,14,79,2.1
308,78.35,0,0,2.57,0,0,0,15.14,0,0,0,0,0,0,3.94,0,0,0,0,0,0,0,654,NA,1500,0,0,0,0,0,0,0,0,0,0,0,"wq",0,0,0,0,0,0,0,14,79,2.1
309,0.8553,0,0,0,0.0683,0,0,0.0764,0,0,0,0,0,0,0,0,0,0,0,0,0,0,655,40,0,1000,24,0,0,900,0,80,0,500,24,0,"wq",0,0,0,0,0,0,0,15,80,6.3
314,78.25,0,0,2.6,0,0,0,15.09,0,0,0,0,0,0,4.06,0,0,0,0,0,0,0,676,NA,0,0,0,94,0,900,0.5,0,0,0,0,0,"wq",0,0,0,0,0,0,0,14,82,10
314,78.25,0,0,2.6,0,0,0,15.09,0,0,0,0,0,0,4.06,0,0,0,0,0,0,0,677,NA,0,0,0,94,0,700,0.05,0,0,0,0,0,"wq",0,0,0,0,0,0,0,14,82,9
339,76.47,5.35,0,0,0,14.18,0,0,0,2.78,0,0,0,0,1.22,0,0,0,0,0,0,0,711,NA,0,850,1,0,0,300,10,0,0,0,0,0,"wq",0,0,0,0,0,0,0,14,88,14
339,76.47,5.35,0,0,0,14.18,0,0,0,2.78,0,0,0,0,1.22,0,0,0,0,0,0,0,712,NA,0,0,0,0,0,0,0,0,0,500,8,0,"wq",0,0,0,0,0,0,0,14,88,10.5
339,76.47,5.35,0,0,0,14.18,0,0,0,2.78,0,0,0,0,1.22,0,0,0,0,0,0,0,713,NA,0,0,0,0,0,0,0,0,0,500,10,0,"wq",0,0,0,0,0,0,0,14,88,7.5
339,76.47,5.35,0,0,0,14.18,0,0,0,2.78,0,0,0,0,1.22,0,0,0,0,0,0,0,714,NA,0,0,0,0,0,0,0,0,0,250,24,0,"wq",500,8,0,0,0,0,0,14,88,8
339,76.47,5.35,0,0,0,14.18,0,0,0,2.78,0,0,0,0,1.22,0,0,0,0,0,0,0,715,NA,0,0,0,0,0,0,0,0,0,300,10,0,"wq",500,10,0,0,0,0,0,14,88,8.6
360,0.7296,0,0,0.0851,0,0,0,0.1799,0,0,0,0.0054,0,0,0,0,0,0,0,0,0,0,740,NA,0,810,1,0,0,0,0,0,0,0,0,0,"wq",0,0,0,0,0,0,0,15,94,13.02
360,0.7296,0,0,0.0851,0,0,0,0.1799,0,0,0,0.0054,0,0,0,0,0,0,0,0,0,0,741,NA,0,810,1,0,0,350,4,0,0,0,0,0,"wq",0,0,0,0,0,0,0,15,94,6.98
360,0.7296,0,0,0.0851,0,0,0,0.1799,0,0,0,0.0054,0,0,0,0,0,0,0,0,0,0,742,NA,0,810,1,0,0,550,4,0,0,0,0,0,"wq",0,0,0,0,0,0,0,15,94,9.25
360,0.7296,0,0,0.0851,0,0,0,0.1799,0,0,0,0.0054,0,0,0,0,0,0,0,0,0,0,743,NA,0,810,1,0,0,450,2,0,0,0,0,0,"wq",0,0,0,0,0,0,0,15,94,10.8
360,0.7296,0,0,0.0851,0,0,0,0.1799,0,0,0,0.0054,0,0,0,0,0,0,0,0,0,0,744,NA,0,810,1,0,0,450,4,0,0,0,0,0,"wq",0,0,0,0,0,0,0,15,94,11.22
360,0.7296,0,0,0.0851,0,0,0,0.1799,0,0,0,0.0054,0,0,0,0,0,0,0,0,0,0,745,NA,0,810,1,0,0,450,6,0,0,0,0,0,"wq",0,0,0,0,0,0,0,15,94,9.6
376,88.27,7.96,0,0,3.77,0,0,0,0,0,0,0,0,0,0,0,0,0,0,0,0,0,772,NA,0,1200,2,0,0,900,0,0,0,900,1,0,"wq",25,0,0,0,0,0,0,14,98,21
376,88.27,7.96,0,0,3.77,0,0,0,0,0,0,0,0,0,0,0,0,0,0,0,0,0,773,NA,0,1200,2,0,0,900,0,0,0,900,1,0,"wq",-196,0,0,0,0,0,0,14,98,22
376,88.27,7.96,0,0,3.77,0,0,0,0,0,0,0,0,0,0,0,0,0,0,0,0,0,774,NA,0,1200,2,0,0,900,0,0,0,900,1,0,"wq",-253,0,0,0,0,0,0,14,98,4.5
377,84.55,0,0,7.79,0,0,0,7.65,0,0,0,0,0,0,0,0,0,0,0,0,0,0,775,NA,0,0,0,0,0,0,0,0,0,0,0,0,"wq",0,0,0,0,0,0,0,14,99,20.87
377,84.55,0,0,7.79,0,0,0,7.65,0,0,0,0,0,0,0,0,0,0,0,0,0,0,776,NA,0,900,1,0,0,25,0,0,0,0,0,0,"wq",0,0,0,0,0,0,0,14,99,35.86
377,84.55,0,0,7.79,0,0,0,7.65,0,0,0,0,0,0,0,0,0,0,0,0,0,0,777,NA,0,900,1,0,0,-30,0,0,0,0,0,0,"wq",0,0,0,0,0,0,0,14,99,36.91
377,84.55,0,0,7.79,0,0,0,7.65,0,0,0,0,0,0,0,0,0,0,0,0,0,0,778,NA,0,660,1,0,0,25,0,0,0,0,0,0,"wq",0,0,0,0,0,0,0,14,99,31.88
378,0.756,0,0,0,0,0,0,0.2392,0,0,0,0,0,0,0,0,0,0.0048,0,0,0,0,779,NA,0,0,0,80,0,0,1,0,0,0,0,0,"wq",0,0,0,0,0,0,0,15,100,36
379,0.7527,0,0,0,0,0,0,0.2386,0,0,0,0,0,0,0,0,0,0.0087,0,0,0,0,780,NA,0,0,0,80,0,0,1,0,0,0,0,0,"wq",0,0,0,0,0,0,0,15,100,38
380,0.746,0,0,0,0,0,0,0.2373,0,0,0,0,0,0,0,0,0,0.0167,0,0,0,0,781,NA,0,0,0,80,0,0,1,0,0,0,0,0,"wq",0,0,0,0,0,0,0,15,100,25
381,0.7443,0,0,0,0,0,0,0.2557,0,0,0,0,0,0,0,0,0,0,0,0,0,0,782,NA,0,1000,24,0,0,0,0,0,0,0,0,0,"wq",0,0,0,0,0,0,0,15,101,22.3
381,0.7443,0,0,0,0,0,0,0.2557,0,0,0,0,0,0,0,0,0,0,0,0,0,0,783,NA,0,1000,24,0,0,800,0,36,0,25,0,86,"wq",800,0.333,0,0,0,0,0,15,101,15
381,0.7443,0,0,0,0,0,0,0.2557,0,0,0,0,0,0,0,0,0,0,0,0,0,0,784,NA,0,1000,24,0,0,800,0,36,0,25,0,79,"wq",800,0.333,25,0,36,0,0,15,101,7.5
381,0.7443,0,0,0,0,0,0,0.2557,0,0,0,0,0,0,0,0,0,0,0,0,0,0,785,NA,0,1000,24,0,0,800,0,36,0,25,0,79,"wq",800,0.333,450,8,0,25,36,15,101,6.8
382,94.75,0,0,0,5.25,0,0,0,0,0,0,0,0,0,0,0,0,0,0,0,0,0,786,NA,0,0,0,0,0,0,0,0,0,0,0,0,"wq",0,0,0,0,0,0,0,13,102,47
382,94.75,0,0,0,5.25,0,0,0,0,0,0,0,0,0,0,0,0,0,0,0,0,0,787,NA,0,850,0.5,0,0,0,0,0,0,0,0,0,"wq",0,0,0,0,0,0,0,13,102,11
383,88.91,0,0,0,11.09,0,0,0,0,0,0,0,0,0,0,0,0,0,0,0,0,0,788,NA,0,0,0,0,0,0,0,0,0,0,0,0,"wq",0,0,0,0,0,0,0,13,102,15
383,88.91,0,0,0,11.09,0,0,0,0,0,0,0,0,0,0,0,0,0,0,0,0,0,789,NA,0,850,0.5,0,0,0,0,0,0,0,0,0,"wq",0,0,0,0,0,0,0,13,102,10
385,0.9714,0,0,0,0,0,0.0286,0,0,0,0,0,0,0,0,0,0,0,0,0,0,0,795,NA,0,1000,6,80,0,950,1,0,0,0,0,0,"wq",0,0,0,0,0,0,0,15,104,21.1
386,0.938,0,0,0,0,0,0.062,0,0,0,0,0,0,0,0,0,0,0,0,0,0,0,796,NA,0,1000,6,80,0,950,1,0,0,0,0,0,"wq",0,0,0,0,0,0,0,15,104,19.1
387,0.8982,0,0,0,0,0,0.1018,0,0,0,0,0,0,0,0,0,0,0,0,0,0,0,797,NA,0,1000,6,80,0,950,1,0,0,0,0,0,"wq",0,0,0,0,0,0,0,15,104,21.1
388,0.8501,0,0,0,0,0,0.1499,0,0,0,0,0,0,0,0,0,0,0,0,0,0,0,798,NA,0,1000,6,80,0,950,1,0,0,0,0,0,"wq",0,0,0,0,0,0,0,15,104,23
389,0.7908,0,0,0,0,0,0.2092,0,0,0,0,0,0,0,0,0,0,0,0,0,0,0,799,NA,0,1000,6,80,0,950,1,0,0,0,0,0,"wq",0,0,0,0,0,0,0,15,104,24.9
390,0.7159,0,0,0,0,0,0.2841,0,0,0,0,0,0,0,0,0,0,0,0,0,0,0,800,NA,0,1000,6,80,0,950,1,0,0,0,0,0,"wq",0,0,0,0,0,0,0,15,104,23
391,0.6183,0,0,0,0,0,0.3817,0,0,0,0,0,0,0,0,0,0,0,0,0,0,0,801,NA,0,1000,6,80,0,950,1,0,0,0,0,0,"wq",0,0,0,0,0,0,0,15,104,16.1
392,0.4859,0,0,0,0,0,0.5141,0,0,0,0,0,0,0,0,0,0,0,0,0,0,0,802,NA,0,1000,6,80,0,950,1,0,0,0,0,0,"wq",0,0,0,0,0,0,0,15,104,10.7
393,0.9167,0,0,0,0,0,0,0.0833,0,0,0,0,0,0,0,0,0,0,0,0,0,0,803,NA,0,1000,2,0,0,0,0,85,0,900,0.5,0,"wq",0,0,0,0,0,0,0,15,105,16
394,0.9106,0,0,0,0,0,0,0.083,0,0,0,0,0,0,0,0,0,0.0064,0,0,0,0,804,NA,0,1000,2,0,0,0,0,85,0,900,0.5,0,"wq",0,0,0,0,0,0,0,15,105,21
395,0.9016,0,0,0,0,0,0,0.0824,0,0,0,0,0,0,0,0,0,0.016,0,0,0,0,805,NA,0,1000,2,0,0,750,0,85,0,900,0.5,0,"wq",0,0,0,0,0,0,0,15,105,2
396,0.8049,0,0,0,0,0,0,0.1951,0,0,0,0,0,0,0,0,0,0,0,0,0,0,806,NA,0,1000,2,0,0,0,0,85,0,900,0.5,0,"wq",0,0,0,0,0,0,0,15,105,22
397,0.7987,0,0,0,0,0,0,0.1942,0,0,0,0,0,0,0,0,0,0.0071,0,0,0,0,807,NA,0,1000,2,0,0,0,0,85,0,900,0.5,0,"wq",0,0,0,0,0,0,0,15,105,50
398,0.7896,0,0,0,0,0,0,0.1929,0,0,0,0,0,0,0,0,0,0.0175,0,0,0,0,808,NA,0,1000,2,0,0,750,0,85,0,900,0.5,0,"wq",0,0,0,0,0,0,0,15,105,26
399,0.76,0,0,0,0,0,0,0.24,0,0,0,0,0,0,0,0,0,0,0,0,0,0,809,NA,0,1000,2,0,0,0,0,85,0,900,0.5,0,"wq",0,0,0,0,0,0,0,15,105,41
400,0.7539,0,0,0,0,0,0,0.2388,0,0,0,0,0,0,0,0,0,0.0073,0,0,0,0,810,NA,0,1000,2,0,0,0,0,85,0,900,0.5,0,"wq",0,0,0,0,0,0,0,15,105,42
401,0.7448,0,0,0,0,0,0,0.2371,0,0,0,0,0,0,0,0,0,0.0181,0,0,0,0,811,NA,0,1000,2,0,0,750,0,85,0,900,0.5,0,"wq",0,0,0,0,0,0,0,15,105,22
412,69.29,0,0,4.92,0,0,1.78,24.01,0,0,0,0,0,0,0,0,0,0,0,0,0,0,822,NA,0,0,0,0,0,0,0,0,0,0,0,0,"wq",0,0,0,0,0,0,0,13,107,19
413,0.74,0,0,0,0,0,0,0.26,0,0,0,0,0,0,0,0,0,0,0,0,0,0,823,25,0,900,20,95,0,900,0.5,0,0,0,0,0,"wq",0,0,0,0,0,0,0,15,108,19
414,0.74,0,0,0.02,0,0,0,0.24,0,0,0,0,0,0,0,0,0,0,0,0,0,0,824,25,0,900,20,95,0,900,0.5,0,0,0,0,0,"wq",0,0,0,0,0,0,0,15,108,30
415,0.74,0,0,0.04,0,0,0,0.22,0,0,0,0,0,0,0,0,0,0,0,0,0,0,825,25,0,900,20,95,0,900,0.5,0,0,0,0,0,"wq",0,0,0,0,0,0,0,15,108,37
416,0.74,0,0,0.06,0,0,0,0.2,0,0,0,0,0,0,0,0,0,0,0,0,0,0,826,25,0,900,20,95,0,900,0.5,0,0,0,0,0,"wq",0,0,0,0,0,0,0,15,108,39
417,0.74,0,0,0.08,0,0,0,0.18,0,0,0,0,0,0,0,0,0,0,0,0,0,0,827,25,0,900,20,95,0,900,0.5,0,0,0,0,0,"wq",0,0,0,0,0,0,0,15,108,37
418,0.74,0,0,0.1,0,0,0,0.16,0,0,0,0,0,0,0,0,0,0,0,0,0,0,828,25,0,900,20,95,0,900,0.5,0,0,0,0,0,"wq",0,0,0,0,0,0,0,15,108,22
419,0.8878,0,0,0,0.0664,0,0,0.0458,0,0,0,0,0,0,0,0,0,0,0,0,0,0,829,40,0,780,0,80,0,950,1,0,0,0,0,0,"wq",0,0,0,0,0,0,0,15,109,33
456,92.22,0,0,0,0,0,0,5.59,0,0,0,0,0,0,2.19,0,0,0,0,0,0,0,866,NA,0,0,0,0,0,0,0,0,0,0,0,0,"wq",0,0,0,0,0,0,0,14,112,6.84
457,90.39,0,0,0,0,0,0,7.38,0,0,0,0,0,0,2.22,0,0,0,0,0,0,0,867,NA,0,0,0,0,0,0,0,0,0,0,0,0,"wq",0,0,0,0,0,0,0,14,112,9.46
458,88.5,0,0,0,0,0,0,9.24,0,0,0,0,0,0,2.25,0,0,0,0,0,0,0,868,NA,0,0,0,0,0,0,0,0,0,0,0,0,"wq",0,0,0,0,0,0,0,14,112,5.3
459,85.9,0,0,0,0,0,0,11.8,0,0,0,0,0,0,2.31,0,0,0,0,0,0,0,869,NA,0,0,0,0,0,0,0,0,0,0,0,0,"wq",0,0,0,0,0,0,0,14,112,3.71
460,94.07,0,0,0,1.49,0,0,0,0,0,4.44,0,0,0,0,0,0,0,0,0,0,0,870,NA,0,1000,6,0,0,900,0,0,0,900,1,0,"wq",0,0,0,0,0,0,0,14,113,27.42
461,93.42,0,0,0,2.04,0,0,0,0,0,4.54,0,0,0,0,0,0,0,0,0,0,0,871,NA,0,1000,6,0,0,901,0,0,0,900,1,0,"wq",0,0,0,0,0,0,0,14,113,26.22
462,92.85,0,0,0,1.52,0,0,0,0,0,5.64,0,0,0,0,0,0,0,0,0,0,0,872,NA,0,1000,6,0,0,902,0,0,0,900,1,0,"wq",0,0,0,0,0,0,0,14,113,38.61
463,92.43,0,0,0,1.95,0,0,0,0,0,5.62,0,0,0,0,0,0,0,0,0,0,0,873,NA,0,1000,6,0,0,903,0,0,0,900,1,0,"wq",0,0,0,0,0,0,0,14,113,35.01
464,57.23,0,0,18.31,0,0,0,24.45,0,0,0,0,0,0,0,0,0,0,0,0,0,0,874,NA,0,890,1,0,0,0,0,0,0,0,0,0,"wq",0,0,0,0,0,0,0,14,114,12
464,57.23,0,0,18.31,0,0,0,24.45,0,0,0,0,0,0,0,0,0,0,0,0,0,0,875,NA,0,890,1,20,0,0,0,0,0,0,0,0,"wq",0,0,0,0,0,0,0,14,114,8
464,57.23,0,0,18.31,0,0,0,24.45,0,0,0,0,0,0,0,0,0,0,0,0,0,0,876,NA,0,890,1,56,0,0,0,0,0,0,0,0,"wq",0,0,0,0,0,0,0,14,114,7
464,57.23,0,0,18.31,0,0,0,24.45,0,0,0,0,0,0,0,0,0,0,0,0,0,0,877,NA,0,890,1,76,0,0,0,0,0,0,0,0,"wq",0,0,0,0,0,0,0,14,114,10
464,57.23,0,0,18.31,0,0,0,24.45,0,0,0,0,0,0,0,0,0,0,0,0,0,0,878,NA,0,890,1,86,0,0,0,0,0,0,0,0,"wq",0,0,0,0,0,0,0,14,114,8
464,57.23,0,0,18.31,0,0,0,24.45,0,0,0,0,0,0,0,0,0,0,0,0,0,0,879,NA,0,890,1,86,0,890,1,0,0,0,0,0,"wq",0,0,0,0,0,0,0,14,114,18
470,0.84,0,0,0,0,0,0,0.14,0,0,0,0.02,0,0,0,0,0,0,0,0,0,0,886,NA,0,850,1,88,0,800,1,0,0,0,0,0,"wq",0,0,0,0,0,0,0,15,117,24.5
471,0.82,0,0,0,0,0,0,0.16,0,0,0,0.02,0,0,0,0,0,0,0,0,0,0,887,NA,0,850,1,88,0,800,1,0,0,0,0,0,"wq",0,0,0,0,0,0,0,15,117,24.5
472,0.8,0,0,0,0,0,0,0.18,0,0,0,0.02,0,0,0,0,0,0,0,0,0,0,888,NA,0,850,1,88,0,800,1,0,0,0,0,0,"wq",0,0,0,0,0,0,0,15,117,20.6
473,0.78,0,0,0,0,0,0,0.2,0,0,0,0.02,0,0,0,0,0,0,0,0,0,0,889,NA,0,850,1,88,0,800,1,0,0,0,0,0,"wq",0,0,0,0,0,0,0,15,117,18
474,0.76,0,0,0,0,0,0,0.22,0,0,0,0.02,0,0,0,0,0,0,0,0,0,0,890,NA,0,850,1,88,0,800,1,0,0,0,0,0,"wq",0,0,0,0,0,0,0,15,117,14.3
475,0.74,0,0,0,0,0,0,0.24,0,0,0,0.02,0,0,0,0,0,0,0,0,0,0,891,NA,0,850,1,88,0,800,1,0,0,0,0,0,"wq",0,0,0,0,0,0,0,15,117,21.1
487,38.5,0,0,38.5,8,0,0,15,0,0,0,0,0,0,0,0,0,0,0,0,0,0,906,NA,0,0,0,0,0,0,0,0,0,0,0,0,"wq",0,0,0,0,0,0,0,14,121,31
488,37.5,0,0,37.5,10,0,0,15,0,0,0,0,0,0,0,0,0,0,0,0,0,0,907,NA,0,0,0,0,0,0,0,0,0,0,0,0,"wq",0,0,0,0,0,0,0,14,121,35
489,36,0,0,36,13,0,0,15,0,0,0,0,0,0,0,0,0,0,0,0,0,0,908,NA,0,0,0,0,0,0,0,0,0,0,0,0,"wq",0,0,0,0,0,0,0,14,121,41
490,35,0,0,35,15,0,0,15,0,0,0,0,0,0,0,0,0,0,0,0,0,0,909,NA,0,0,0,0,0,0,0,0,0,0,0,0,"wq",0,0,0,0,0,0,0,14,121,47
495,66,0,0,0,8,0,0,26,0,0,0,0,0,0,0,0,0,0,0,0,0,0,915,NA,0,800,0,30,0,800,0,0,0,0,0,0,"wq",0,0,0,0,0,0,0,14,123,15.07
495,66,0,0,0,8,0,0,26,0,0,0,0,0,0,0,0,0,0,0,0,0,0,916,NA,0,800,0,30,0,800,0,0,0,0,0,0,"wq",0,0,0,0,0,0,0,14,123,12.15
495,66,0,0,0,8,0,0,26,0,0,0,0,0,0,0,0,0,0,0,0,0,0,917,NA,0,800,0,30,0,800,0,0,0,0,0,0,"wq",0,0,0,0,0,0,0,14,123,20.05
495,66,0,0,0,8,0,0,26,0,0,0,0,0,0,0,0,0,0,0,0,0,0,918,NA,0,800,0,30,0,800,0,0,0,0,0,0,"wq",0,0,0,0,0,0,0,14,123,4.25
495,66,0,0,0,8,0,0,26,0,0,0,0,0,0,0,0,0,0,0,0,0,0,919,NA,0,800,0,30,0,650,0,0,0,0,0,0,"wq",0,0,0,0,0,0,0,14,123,11.05
495,66,0,0,0,8,0,0,26,0,0,0,0,0,0,0,0,0,0,0,0,0,0,920,NA,0,800,0,30,0,650,0,0,0,0,0,0,"wq",0,0,0,0,0,0,0,14,123,11.05
495,66,0,0,0,8,0,0,26,0,0,0,0,0,0,0,0,0,0,0,0,0,0,921,NA,0,800,0,30,0,650,0,0,0,0,0,0,"wq",0,0,0,0,0,0,0,14,123,16.9
495,66,0,0,0,8,0,0,26,0,0,0,0,0,0,0,0,0,0,0,0,0,0,922,NA,0,800,0,30,0,650,0,0,0,0,0,0,"wq",0,0,0,0,0,0,0,14,123,8.26
495,66,0,0,0,8,0,0,26,0,0,0,0,0,0,0,0,0,0,0,0,0,0,923,NA,0,650,0,40,0,700,0,0,0,0,0,0,"wq",0,0,0,0,0,0,0,14,123,19.67
495,66,0,0,0,8,0,0,26,0,0,0,0,0,0,0,0,0,0,0,0,0,0,924,NA,0,650,0,40,0,700,0,0,0,0,0,0,"wq",0,0,0,0,0,0,0,14,123,15.49
495,66,0,0,0,8,0,0,26,0,0,0,0,0,0,0,0,0,0,0,0,0,0,925,NA,0,650,0,40,0,700,0,0,0,0,0,0,"wq",0,0,0,0,0,0,0,14,123,20.25
495,66,0,0,0,8,0,0,26,0,0,0,0,0,0,0,0,0,0,0,0,0,0,926,NA,0,650,0,40,0,700,0,0,0,0,0,0,"wq",0,0,0,0,0,0,0,14,123,11.79
495,66,0,0,0,8,0,0,26,0,0,0,0,0,0,0,0,0,0,0,0,0,0,927,NA,0,650,0,40,0,650,0,0,0,0,0,0,"wq",0,0,0,0,0,0,0,14,123,15.98
495,66,0,0,0,8,0,0,26,0,0,0,0,0,0,0,0,0,0,0,0,0,0,928,NA,0,650,0,40,0,650,0,0,0,0,0,0,"wq",0,0,0,0,0,0,0,14,123,19.82
495,66,0,0,0,8,0,0,26,0,0,0,0,0,0,0,0,0,0,0,0,0,0,929,NA,0,650,0,40,0,650,0,0,0,0,0,0,"wq",0,0,0,0,0,0,0,14,123,12.99
495,66,0,0,0,8,0,0,26,0,0,0,0,0,0,0,0,0,0,0,0,0,0,930,NA,0,650,0,40,0,650,0,0,0,0,0,0,"wq",0,0,0,0,0,0,0,14,123,14.65
497,0.84,0,0,0,0,0,0,0.16,0,0,0,0,0,0,0,0,0,0,0,0,0,0,931,NA,0,0,0,5,0,750,0.5,0,0,0,0,0,"wq",0,0,0,0,0,0,0,15,124,19.2
497,0.84,0,0,0,0,0,0,0.16,0,0,0,0,0,0,0,0,0,0,0,0,0,0,932,NA,0,0,0,5,0,850,0.5,0,0,0,0,0,"wq",0,0,0,0,0,0,0,15,124,16.1
497,0.84,0,0,0,0,0,0,0.16,0,0,0,0,0,0,0,0,0,0,0,0,0,0,933,NA,0,0,0,5,0,950,0.5,0,0,0,0,0,"wq",0,0,0,0,0,0,0,15,124,13.8
497,0.84,0,0,0,0,0,0,0.16,0,0,0,0,0,0,0,0,0,0,0,0,0,0,934,NA,0,0,0,5,0,750,0.5,0,0,300,1,0,"wq",0,0,0,0,0,0,0,15,124,0.4
497,0.84,0,0,0,0,0,0,0.16,0,0,0,0,0,0,0,0,0,0,0,0,0,0,935,NA,0,0,0,5,0,750,0.5,0,0,400,1,0,"wq",0,0,0,0,0,0,0,15,124,1
497,0.84,0,0,0,0,0,0,0.16,0,0,0,0,0,0,0,0,0,0,0,0,0,0,936,NA,0,0,0,5,0,750,0.5,0,0,500,1,0,"wq",0,0,0,0,0,0,0,15,124,9.5
498,0.7248,0,0,0.0788,0,0,0,0.1934,0,0,0,0,0,0,0,0,0,0.003,0,0,0,0,937,60,0,850,0,0,0,850,0.5,0,0,0,0,0,"wq",0,0,0,0,0,0,0,15,125,48
499,0.7211,0,0,0.0786,0,0,0,0.1928,0,0,0,0,0,0,0,0,0,0.0075,0,0,0,0,938,60,0,850,0,0,0,850,0.5,0,0,0,0,0,"wq",0,0,0,0,0,0,0,15,125,37
500,0.7184,0,0,0.0784,0,0,0,0.1924,0,0,0,0,0,0,0,0,0,0.0108,0,0,0,0,939,60,0,850,0,0,0,850,0.5,0,0,0,0,0,"wq",0,0,0,0,0,0,0,15,125,30
501,0.716,0,0,0.0782,0,0,0,0.192,0,0,0,0,0,0,0,0,0,0.0138,0,0,0,0,940,60,0,850,0,0,0,850,0.5,0,0,0,0,0,"wq",0,0,0,0,0,0,0,15,125,25
502,0.7121,0,0,0.078,0,0,0,0.1914,0,0,0,0,0,0,0,0,0,0.0185,0,0,0,0,941,60,0,850,0,0,0,850,0.5,0,0,0,0,0,"wq",0,0,0,0,0,0,0,15,125,18
503,0.72,0,0,0.0785,0,0,0,0.1926,0,0,0,0,0,0,0,0,0,0.0034,0,0.0055,0,0,942,60,0,850,0,0,0,850,0.5,0,0,0,0,0,"wq",0,0,0,0,0,0,0,15,125,33
504,0.7117,0,0,0.0779,0,0,0,0.1912,0,0,0,0,0,0,0,0,0,0.0048,0,0.0144,0,0,943,60,0,850,0,0,0,850,0.5,0,0,0,0,0,"wq",0,0,0,0,0,0,0,15,125,12
505,0.7067,0,0,0.0775,0,0,0,0.1904,0,0,0,0,0,0,0,0,0,0.0048,0,0.0206,0,0,944,60,0,850,0,0,0,850,0.5,0,0,0,0,0,"wq",0,0,0,0,0,0,0,15,125,5.2
506,0.7014,0,0,0.0772,0,0,0,0.1896,0,0,0,0,0,0,0,0,0,0.0154,0,0.0164,0,0,945,60,0,850,0,0,0,850,0.5,0,0,0,0,0,"wq",0,0,0,0,0,0,0,15,125,2.1
507,0.705,0,0,0.0775,0,0,0,0.1902,0,0,0,0,0,0,0,0,0,0.0143,0,0.013,0,0,946,60,0,850,0,0,0,850,0.5,0,0,0,0,0,"wq",0,0,0,0,0,0,0,15,125,1.7
518,0.7413,0,0,0.0193,0,0,0.0065,0.2146,0,0,0,0,0,0,0,0,0,0.0183,0,0,0,0,957,NA,0,900,1,0,0,900,0.5,0,0,0,0,0,"wq",0,0,0,0,0,0,0,15,128,20
518,0.7413,0,0,0.0193,0,0,0.0065,0.2146,0,0,0,0,0,0,0,0,0,0.0183,0,0,0,0,959,NA,0,900,1,0,0,900,0.5,0,0,900,0.5,0,"wq",0,0,0,0,0,0,0,15,128,22
519,0.7647,0,0,0,0,0,0.0064,0.2109,0,0,0,0,0,0,0,0,0,0.018,0,0,0,0,958,NA,0,900,1,0,0,900,0.5,0,0,0,0,0,"wq",0,0,0,0,0,0,0,15,128,19
519,0.7647,0,0,0,0,0,0.0064,0.2109,0,0,0,0,0,0,0,0,0,0.018,0,0,0,0,960,NA,0,900,1,0,0,900,0.5,0,0,900,0.5,0,"wq",0,0,0,0,0,0,0,15,128,21
520,0.7285,0,0,0.0396,0.0313,0,0,0.2006,0,0,0,0,0,0,0,0,0,0,0,0,0,0,961,NA,0,600,0.25,75,0,0,0,0,0,0,0,0,"wq",0,0,0,0,0,0,0,15,129,26.7
520,0.7285,0,0,0.0396,0.0313,0,0,0.2006,0,0,0,0,0,0,0,0,0,0,0,0,0,0,962,NA,0,600,0.25,75,0,800,0.5,0,0,300,2,0,"wq",0,0,0,0,0,0,0,15,129,20.6
521,57.24,0,0,18.31,0,0,0,24.45,0,0,0,0,0,0,0,0,0,0,0,0,0,0,963,NA,0,0,0,0,0,0,0,0,0,0,0,0,"wq",0,0,0,0,0,0,0,13,130,14.8
522,54.1,0,0,23.9,0,0,0,22,0,0,0,0,0,0,0,0,0,0,0,0,0,0,964,NA,0,0,0,0,0,0,0,0,0,0,0,0,"wq",0,0,0,0,0,0,0,13,130,13
523,52.58,0,0,26.69,0,0,0,20.73,0,0,0,0,0,0,0,0,0,0,0,0,0,0,965,NA,0,0,0,0,0,0,0,0,0,0,0,0,"wq",0,0,0,0,0,0,0,13,130,11.3
524,50.26,0,0,31.12,0,0,0,18.62,0,0,0,0,0,0,0,0,0,0,0,0,0,0,966,NA,0,0,0,0,0,0,0,0,0,0,0,0,"wq",0,0,0,0,0,0,0,13,130,9.9
525,76,0,0,0,0,0,0,24,0,0,0,0,0,0,0,0,0,0,0,0,0,0,967,NA,0,800,1,0,0,0,0,0,0,0,0,0,"wq",0,0,0,0,0,0,0,13,131,26.18
525,76,0,0,0,0,0,0,24,0,0,0,0,0,0,0,0,0,0,0,0,0,0,968,NA,0,800,1,0,0,300,0.5,0,0,0,0,0,"wq",0,0,0,0,0,0,0,13,131,29.61
525,76,0,0,0,0,0,0,24,0,0,0,0,0,0,0,0,0,0,0,0,0,0,969,NA,0,800,1,0,0,300,1,0,0,0,0,0,"wq",0,0,0,0,0,0,0,13,131,19.14
525,76,0,0,0,0,0,0,24,0,0,0,0,0,0,0,0,0,0,0,0,0,0,970,NA,0,800,1,0,0,300,2,0,0,0,0,0,"wq",0,0,0,0,0,0,0,13,131,18.07
525,76,0,0,0,0,0,0,24,0,0,0,0,0,0,0,0,0,0,0,0,0,0,971,NA,0,800,1,0,0,300,3,0,0,0,0,0,"wq",0,0,0,0,0,0,0,13,131,18.83
525,76,0,0,0,0,0,0,24,0,0,0,0,0,0,0,0,0,0,0,0,0,0,972,NA,0,800,1,0,0,300,4,0,0,0,0,0,"wq",0,0,0,0,0,0,0,13,131,14.83
525,76,0,0,0,0,0,0,24,0,0,0,0,0,0,0,0,0,0,0,0,0,0,973,NA,0,800,1,0,0,300,5,0,0,0,0,0,"wq",0,0,0,0,0,0,0,13,131,13.69
526,74,0,0,2,0,0,0,24,0,0,0,0,0,0,0,0,0,0,0,0,0,0,974,NA,0,800,1,0,0,0,0,0,0,0,0,0,"wq",0,0,0,0,0,0,0,13,131,22.57
526,74,0,0,2,0,0,0,24,0,0,0,0,0,0,0,0,0,0,0,0,0,0,975,NA,0,800,1,0,0,300,0.5,0,0,0,0,0,"wq",0,0,0,0,0,0,0,13,131,21.57
526,74,0,0,2,0,0,0,24,0,0,0,0,0,0,0,0,0,0,0,0,0,0,976,NA,0,800,1,0,0,300,1,0,0,0,0,0,"wq",0,0,0,0,0,0,0,13,131,19.75
526,74,0,0,2,0,0,0,24,0,0,0,0,0,0,0,0,0,0,0,0,0,0,977,NA,0,800,1,0,0,300,2,0,0,0,0,0,"wq",0,0,0,0,0,0,0,13,131,14.55
526,74,0,0,2,0,0,0,24,0,0,0,0,0,0,0,0,0,0,0,0,0,0,978,NA,0,800,1,0,0,300,3,0,0,0,0,0,"wq",0,0,0,0,0,0,0,13,131,13.35
526,74,0,0,2,0,0,0,24,0,0,0,0,0,0,0,0,0,0,0,0,0,0,979,NA,0,800,1,0,0,300,4,0,0,0,0,0,"wq",0,0,0,0,0,0,0,13,131,14.8
526,74,0,0,2,0,0,0,24,0,0,0,0,0,0,0,0,0,0,0,0,0,0,980,NA,0,800,1,0,0,300,5,0,0,0,0,0,"wq",0,0,0,0,0,0,0,13,131,18.62
527,72,0,0,4,0,0,0,24,0,0,0,0,0,0,0,0,0,0,0,0,0,0,981,NA,0,800,1,0,0,0,0,0,0,0,0,0,"wq",0,0,0,0,0,0,0,13,131,23.22
527,72,0,0,4,0,0,0,24,0,0,0,0,0,0,0,0,0,0,0,0,0,0,982,NA,0,800,1,0,0,300,0.5,0,0,0,0,0,"wq",0,0,0,0,0,0,0,13,131,25.34
527,72,0,0,4,0,0,0,24,0,0,0,0,0,0,0,0,0,0,0,0,0,0,983,NA,0,800,1,0,0,300,1,0,0,0,0,0,"wq",0,0,0,0,0,0,0,13,131,16.91
527,72,0,0,4,0,0,0,24,0,0,0,0,0,0,0,0,0,0,0,0,0,0,984,NA,0,800,1,0,0,300,2,0,0,0,0,0,"wq",0,0,0,0,0,0,0,13,131,17.81
527,72,0,0,4,0,0,0,24,0,0,0,0,0,0,0,0,0,0,0,0,0,0,985,NA,0,800,1,0,0,300,3,0,0,0,0,0,"wq",0,0,0,0,0,0,0,13,131,17.81
527,72,0,0,4,0,0,0,24,0,0,0,0,0,0,0,0,0,0,0,0,0,0,986,NA,0,800,1,0,0,300,4,0,0,0,0,0,"wq",0,0,0,0,0,0,0,13,131,15.56
527,72,0,0,4,0,0,0,24,0,0,0,0,0,0,0,0,0,0,0,0,0,0,987,NA,0,800,1,0,0,300,5,0,0,0,0,0,"wq",0,0,0,0,0,0,0,13,131,12.99
528,0.7305,0,0,0.0449,0,0,0,0.2109,0,0,0,0,0,0,0.0137,0,0,0,0,0,0,0,988,NA,0,1000,1,0,0,0,0,0,0,0,0,0,"wq",0,0,0,0,0,0,0,15,132,20.1
528,0.7305,0,0,0.0449,0,0,0,0.2109,0,0,0,0,0,0,0.0137,0,0,0,0,0,0,0,989,NA,0,1000,1,0,0,0,0,50,0,0,0,0,"wq",0,0,0,0,0,0,0,15,132,16.8
528,0.7305,0,0,0.0449,0,0,0,0.2109,0,0,0,0,0,0,0.0137,0,0,0,0,0,0,0,990,NA,0,1000,1,0,0,0,0,90,0,0,0,0,"wq",0,0,0,0,0,0,0,15,132,14.9
530,78.28,0,0,0,0,0,0,21.72,0,0,0,0,0,0,0,0,0,0,0,0,0,0,993,NA,0,850,0.5,0,0,0,0,60,0,0,0,0,"wq",0,0,0,0,0,0,0,13,134,14.5
531,76.75,0,0,1.28,0,0,0,21.97,0,0,0,0,0,0,0,0,0,0,0,0,0,0,994,NA,0,850,0.5,0,0,0,0,60,0,0,0,0,"wq",0,0,0,0,0,0,0,13,134,14.5
532,75.18,0,0,2.59,0,0,0,22.23,0,0,0,0,0,0,0,0,0,0,0,0,0,0,995,NA,0,850,0.5,0,0,0,0,60,0,0,0,0,"wq",0,0,0,0,0,0,0,13,134,11.8
533,73.58,0,0,3.93,0,0,0,22.49,0,0,0,0,0,0,0,0,0,0,0,0,0,0,996,NA,0,850,0.5,0,0,0,0,60,0,0,0,0,"wq",0,0,0,0,0,0,0,13,134,12.3
534,71.94,0,0,5.3,0,0,0,22.76,0,0,0,0,0,0,0,0,0,0,0,0,0,0,997,NA,0,850,0.5,0,0,0,0,60,0,0,0,0,"wq",0,0,0,0,0,0,0,13,134,12.6
542,0.76,0,0,0,0,0,0,0.24,0,0,0,0,0,0,0,0,0,0,0,0,0,0,1005,NA,0,1000,12,85,0,800,1,0,0,0,0,0,"wq",0,0,0,0,0,0,0,15,137,31.1
543,0.77,0,0,0,0,0,0,0.22,0,0.01,0,0,0,0,0,0,0,0,0,0,0,0,1006,NA,0,1000,12,85,0,800,1,0,0,0,0,0,"wq",0,0,0,0,0,0,0,15,137,27.9
544,0.78,0,0,0,0,0,0,0.2,0,0.02,0,0,0,0,0,0,0,0,0,0,0,0,1007,NA,0,1000,12,85,0,800,1,0,0,0,0,0,"wq",0,0,0,0,0,0,0,15,137,22.1
545,0.79,0,0,0,0,0,0,0.18,0,0.03,0,0,0,0,0,0,0,0,0,0,0,0,1008,NA,0,1000,12,85,0,800,1,0,0,0,0,0,"wq",0,0,0,0,0,0,0,15,137,21.6
546,0.8,0,0,0,0,0,0,0.16,0,0.04,0,0,0,0,0,0,0,0,0,0,0,0,1009,NA,0,1000,12,85,0,800,1,0,0,0,0,0,"wq",0,0,0,0,0,0,0,15,137,14.7
547,0.81,0,0,0,0,0,0,0.14,0,0.05,0,0,0,0,0,0,0,0,0,0,0,0,1010,NA,0,1000,12,85,0,800,1,0,0,0,0,0,"wq",0,0,0,0,0,0,0,15,137,15.7
556,0.7487,0,0,0.0197,0,0,0.0066,0.225,0,0,0,0,0,0,0,0,0,0,0,0,0,0,1022,NA,0,950,1,0,0,780,0.5,0,0,0,0,0,"wq",0,0,0,0,0,0,0,15,141,23
556,0.7487,0,0,0.0197,0,0,0.0066,0.225,0,0,0,0,0,0,0,0,0,0,0,0,0,0,1023,NA,0,950,1,0,0,780,0.5,40,0,0,0,0,"wq",0,0,0,0,0,0,0,15,141,10
556,0.7487,0,0,0.0197,0,0,0.0066,0.225,0,0,0,0,0,0,0,0,0,0,0,0,0,0,1024,NA,0,950,1,0,0,780,0.5,60,0,0,0,0,"wq",0,0,0,0,0,0,0,15,141,9.5
556,0.7487,0,0,0.0197,0,0,0.0066,0.225,0,0,0,0,0,0,0,0,0,0,0,0,0,0,1025,NA,0,950,1,0,0,780,0.5,99,0,0,0,0,"wq",0,0,0,0,0,0,0,15,141,9
568,0.854,0,0,0.0299,0,0,0,0.088,0,0,0,0.0097,0,0,0.0184,0,0,0,0,0,0,0,1037,NA,0,1000,2,0,0,750,0,0,0,600,0,85,"wq",820,0.5,0,0,0,0,0,15,144,13.9
568,0.854,0,0,0.0299,0,0,0,0.088,0,0,0,0.0097,0,0,0.0184,0,0,0,0,0,0,0,1038,NA,0,1000,2,0,0,750,0,0,0,600,0,85,"wq",620,0.5,0,0,0,0,0,15,144,18.4
569,0.7973,0,0,0.0065,0,0,0.0331,0.161,0,0,0,0.0021,0,0,0,0,0,0,0,0,0,0,1039,NA,0,1200,12,0,0,850,0.67,70,0,900,1,0,"wq",0,0,0,0,0,0,0,15,145,34
569,0.7973,0,0,0.0065,0,0,0.0331,0.161,0,0,0,0.0021,0,0,0,0,0,0,0,0,0,0,1040,NA,0,1200,12,0,0,850,0.67,70,0,900,1,30,"wq",0,0,0,0,0,0,0,15,145,8.7
569,0.7973,0,0,0.0065,0,0,0.0331,0.161,0,0,0,0.0021,0,0,0,0,0,0,0,0,0,0,1041,NA,0,1200,12,0,0,850,0.67,70,0,900,1,60,"wq",0,0,0,0,0,0,0,15,145,7.8
569,0.7973,0,0,0.0065,0,0,0.0331,0.161,0,0,0,0.0021,0,0,0,0,0,0,0,0,0,0,1042,NA,0,1200,12,0,0,850,0.67,70,0,900,1,80,"wq",0,0,0,0,0,0,0,15,145,3.5
570,74.37,0,0,0,0,0,0,23.61,0,0,0,0,0,0,2.02,0,0,0,0,0,0,0,1043,60000,0,0,0,65,0,0,0,91,0,0,0,0,"wq",0,0,0,0,0,0,0,13,146,25.03
571,74.85,0,0,0,0,0,0,23.14,0,0,0,0,0,0,2.01,0,0,0,0,0,0,0,1044,60000,0,0,0,65,0,0,0,91,0,0,0,0,"wq",0,0,0,0,0,0,0,13,146,12.04
572,74.75,0,0,3.99,0,0,1.68,19.58,0,0,0,0,0,0,0,0,0,0,0,0,0,0,1045,NA,0,750,0.5,0,0,0,0,0,0,0,0,0,"wq",0,0,0,0,0,0,0,13,147,10.02
572,74.75,0,0,3.99,0,0,1.68,19.58,0,0,0,0,0,0,0,0,0,0,0,0,0,0,1046,NA,0,750,0.5,23,0,0,0,0,0,0,0,0,"wq",0,0,0,0,0,0,0,13,147,9.06
572,74.75,0,0,3.99,0,0,1.68,19.58,0,0,0,0,0,0,0,0,0,0,0,0,0,0,1047,NA,0,750,0.5,44,0,0,0,0,0,0,0,0,"wq",0,0,0,0,0,0,0,13,147,8.03
572,74.75,0,0,3.99,0,0,1.68,19.58,0,0,0,0,0,0,0,0,0,0,0,0,0,0,1048,NA,0,750,0.5,66,0,0,0,0,0,0,0,0,"wq",0,0,0,0,0,0,0,13,147,10.02
572,74.75,0,0,3.99,0,0,1.68,19.58,0,0,0,0,0,0,0,0,0,0,0,0,0,0,1049,NA,0,750,0.5,85,0,0,0,0,0,0,0,0,"wq",0,0,0,0,0,0,0,13,147,15.98
572,74.75,0,0,3.99,0,0,1.68,19.58,0,0,0,0,0,0,0,0,0,0,0,0,0,0,1050,NA,0,750,0.5,0,0,500,12,0,0,0,0,0,"wq",0,0,0,0,0,0,0,13,147,14.03
572,74.75,0,0,3.99,0,0,1.68,19.58,0,0,0,0,0,0,0,0,0,0,0,0,0,0,1051,NA,0,750,0.5,23,0,500,12,0,0,0,0,0,"wq",0,0,0,0,0,0,0,13,147,11.04
572,74.75,0,0,3.99,0,0,1.68,19.58,0,0,0,0,0,0,0,0,0,0,0,0,0,0,1052,NA,0,750,0.5,44,0,500,12,0,0,0,0,0,"wq",0,0,0,0,0,0,0,13,147,10.05
577,79.99,0,0,1.88,1.79,0,0,15.38,0,0,0,0,0,0,0.96,0,0,0,0,0,0,0,1059,25000,0,750,1,0,0,0,0,0,0,0,0,0,"wq",0,0,0,0,0,0,0,13,149,31.3
577,79.99,0,0,1.88,1.79,0,0,15.38,0,0,0,0,0,0,0.96,0,0,0,0,0,0,0,1060,25000,0,510,1,0,0,0,0,0,0,0,0,0,"wq",0,0,0,0,0,0,0,13,149,15.3
587,80,0,0,0,0,0,0,20,0,0,0,0,0,0,0,0,0,0,0,0,0,0,1070,NA,0,0,0,90,0,0,0,0,0,0,0,0,"wq",0,0,0,0,0,0,0,13,152,6.2
587,80,0,0,0,0,0,0,20,0,0,0,0,0,0,0,0,0,0,0,0,0,0,1071,NA,0,0,0,90,0,750,1,0,0,0,0,0,"wq",0,0,0,0,0,0,0,13,152,25.8
587,80,0,0,0,0,0,0,20,0,0,0,0,0,0,0,0,0,0,0,0,0,0,1072,NA,0,0,0,90,0,850,1,0,0,0,0,0,"wq",0,0,0,0,0,0,0,13,152,24.9
587,80,0,0,0,0,0,0,20,0,0,0,0,0,0,0,0,0,0,0,0,0,0,1073,NA,0,0,0,90,0,950,1,0,0,0,0,0,"wq",0,0,0,0,0,0,0,13,152,16.9
588,70,0,0,0,0,0,0,30,0,0,0,0,0,0,0,0,0,0,0,0,0,0,1074,NA,0,0,0,90,0,0,0,0,0,0,0,0,"wq",0,0,0,0,0,0,0,13,152,3.5
588,70,0,0,0,0,0,0,30,0,0,0,0,0,0,0,0,0,0,0,0,0,0,1075,NA,0,0,0,90,0,750,1,0,0,0,0,0,"wq",0,0,0,0,0,0,0,13,152,24
588,70,0,0,0,0,0,0,30,0,0,0,0,0,0,0,0,0,0,0,0,0,0,1076,NA,0,0,0,90,0,850,1,0,0,0,0,0,"wq",0,0,0,0,0,0,0,13,152,21.1
588,70,0,0,0,0,0,0,30,0,0,0,0,0,0,0,0,0,0,0,0,0,0,1077,NA,0,0,0,90,0,950,1,0,0,0,0,0,"wq",0,0,0,0,0,0,0,13,152,17.1
589,62.7,0,0,6.44,4.08,0,0,24.58,0,0,0,0,0,0,2.2,0,0,0,0,0,0,0,1078,NA,0,800,0.5,0,0,0,0,0,0,0,0,0,"wq",0,0,0,0,0,0,0,13,153,11
590,70.02,0,0,2.04,1.94,0,0,23.38,0,0,0,0,0,0,2.62,0,0,0,0,0,0,0,1079,NA,0,800,0.5,0,0,0,0,0,0,0,0,0,"wq",0,0,0,0,0,0,0,13,153,18
591,67.44,0,0,2.08,3.96,0,0,23.85,0,0,0,0,0,0,2.67,0,0,0,0,0,0,0,1080,NA,0,800,0.5,0,0,0,0,0,0,0,0,0,"wq",0,0,0,0,0,0,0,13,153,10.5
592,60.73,0,0,6.51,6.2,0,0,24.89,0,0,0,0,0,0,1.67,0,0,0,0,0,0,0,1081,NA,0,800,0.5,0,0,0,0,0,0,0,0,0,"wq",0,0,0,0,0,0,0,13,153,10.2
593,68.16,0,0,4.13,1.96,0,0,23.64,0,0,0,0,0,0,2.11,0,0,0,0,0,0,0,1082,NA,0,800,0.5,0,0,0,0,0,0,0,0,0,"wq",0,0,0,0,0,0,0,13,153,8.9
594,0.627,0,0,0.0644,0.0408,0,0,0.2458,0,0,0,0,0,0,0.022,0,0,0,0,0,0,0,1083,NA,0,800,0.5,0,0,0,0,0,0,0,0,0,"wq",0,0,0,0,0,0,0,15,154,16.4
594,0.627,0,0,0.0644,0.0408,0,0,0.2458,0,0,0,0,0,0,0.022,0,0,0,0,0,0,0,1084,NA,0,800,0.5,0,0,0,0,23,0,0,0,0,"wq",0,0,0,0,0,0,0,15,154,15.3
594,0.627,0,0,0.0644,0.0408,0,0,0.2458,0,0,0,0,0,0,0.022,0,0,0,0,0,0,0,1085,NA,0,800,0.5,0,0,0,0,44,0,0,0,0,"wq",0,0,0,0,0,0,0,15,154,13.1
594,0.627,0,0,0.0644,0.0408,0,0,0.2458,0,0,0,0,0,0,0.022,0,0,0,0,0,0,0,1086,NA,0,800,0.5,0,0,0,0,66,0,0,0,0,"wq",0,0,0,0,0,0,0,15,154,12.5
594,0.627,0,0,0.0644,0.0408,0,0,0.2458,0,0,0,0,0,0,0.022,0,0,0,0,0,0,0,1087,NA,0,800,0.5,0,0,0,0,85,0,0,0,0,"wq",0,0,0,0,0,0,0,15,154,10.3
595,0.7,0,0,0.19,0,0,0,0.1,0,0,0,0.01,0,0,0,0,0,0,0,0,0,0,1088,NA,0,900,1,75,0,0,0,0,0,0,0,0,"wq",0,0,0,0,0,0,0,15,155,2.5
595,0.7,0,0,0.19,0,0,0,0.1,0,0,0,0.01,0,0,0,0,0,0,0,0,0,0,1089,NA,0,900,1,75,0,550,0.5,0,0,0,0,0,"wq",0,0,0,0,0,0,0,15,155,5
595,0.7,0,0,0.19,0,0,0,0.1,0,0,0,0.01,0,0,0,0,0,0,0,0,0,0,1090,NA,0,900,1,75,0,600,0.5,0,0,0,0,0,"wq",0,0,0,0,0,0,0,15,155,24.8
595,0.7,0,0,0.19,0,0,0,0.1,0,0,0,0.01,0,0,0,0,0,0,0,0,0,0,1091,NA,0,900,1,75,0,700,0.5,0,0,0,0,0,"wq",0,0,0,0,0,0,0,15,155,22
595,0.7,0,0,0.19,0,0,0,0.1,0,0,0,0.01,0,0,0,0,0,0,0,0,0,0,1092,NA,0,900,1,75,0,900,0.5,0,0,0,0,0,"wq",0,0,0,0,0,0,0,15,155,19.4
598,0.8885,0,0,0,0,0,0,0,0,0.1115,0,0,0,0,0,0,0,0,0,0,0,0,1100,NA,0,1100,6,0,0,1000,0,70,0,850,1,0,"wq",0,0,0,0,0,0,0,15,158,13.4
598,0.8885,0,0,0,0,0,0,0,0,0.1115,0,0,0,0,0,0,0,0,0,0,0,0,1101,NA,0,1100,6,0,0,1000,0,70,0,850,1,10,"wq",0,0,0,0,0,0,0,15,158,8.5
599,0.9191,0,0,0,0.0809,0,0,0,0,0,0,0,0,0,0,0,0,0,0,0,0,0,1102,NA,0,1100,6,0,0,1000,0,70,0,850,1,0,"wq",0,0,0,0,0,0,0,15,159,45.6
599,0.9191,0,0,0,0.0809,0,0,0,0,0,0,0,0,0,0,0,0,0,0,0,0,0,1103,NA,0,1100,6,0,0,1000,0,70,0,850,1,10,"wq",0,0,0,0,0,0,0,15,159,24.2
600,0.9132,0,0,0,0.0868,0,0,0,0,0,0,0,0,0,0,0,0,0,0,0,0,0,1104,NA,0,1100,6,0,0,1000,0,70,0,850,1,0,"wq",0,0,0,0,0,0,0,15,159,38.4
600,0.9132,0,0,0,0.0868,0,0,0,0,0,0,0,0,0,0,0,0,0,0,0,0,0,1105,NA,0,1100,6,0,0,1000,0,70,0,850,1,10,"wq",0,0,0,0,0,0,0,15,159,14.4
601,0.9073,0,0,0,0.0927,0,0,0,0,0,0,0,0,0,0,0,0,0,0,0,0,0,1106,NA,0,1100,6,0,0,1000,0,70,0,850,1,0,"wq",0,0,0,0,0,0,0,15,159,23.7
601,0.9073,0,0,0,0.0927,0,0,0,0,0,0,0,0,0,0,0,0,0,0,0,0,0,1107,NA,0,1100,6,0,0,1000,0,70,0,850,1,10,"wq",0,0,0,0,0,0,0,15,159,13.3
602,0.9013,0,0,0,0.0987,0,0,0,0,0,0,0,0,0,0,0,0,0,0,0,0,0,1108,NA,0,1100,6,0,0,1000,0,70,0,850,1,0,"wq",0,0,0,0,0,0,0,15,159,15.5
602,0.9013,0,0,0,0.0987,0,0,0,0,0,0,0,0,0,0,0,0,0,0,0,0,0,1109,NA,0,1100,6,0,0,1000,0,70,0,850,1,10,"wq",0,0,0,0,0,0,0,15,159,13.4
604,89.69,0,0,4.99,0,0,0,15.32,0,0,0,0,0,0,0,0,0,0,0,0,0,0,1111,NA,0,0,0,0,0,0,0,0,0,0,0,0,"wq",0,0,0,0,0,0,0,14,161,27.37
605,77.45,0,0,5,0,0,0,15.35,0,2.2,0,0,0,0,0,0,0,0,0,0,0,0,1112,NA,0,0,0,0,0,0,0,0,0,0,0,0,"wq",0,0,0,0,0,0,0,14,161,74.44
606,75.21,0,0,5.01,0,0,0,15.38,0,4.4,0,0,0,0,0,0,0,0,0,0,0,0,1113,NA,0,0,0,0,0,0,0,0,0,0,0,0,"wq",0,0,0,0,0,0,0,14,161,75.64
607,72.96,0,0,5.02,0,0,0,15.41,0,6.61,0,0,0,0,0,0,0,0,0,0,0,0,1114,NA,0,0,0,0,0,0,0,0,0,0,0,0,"wq",0,0,0,0,0,0,0,14,161,74.59
608,70.71,0,0,5.03,0,0,0,15.44,0,8.83,0,0,0,0,0,0,0,0,0,0,0,0,1115,NA,0,0,0,0,0,0,0,0,0,0,0,0,"wq",0,0,0,0,0,0,0,14,161,72.78
609,0.9072,0,0,0,0,0,0,0,0,0.0928,0,0,0,0,0,0,0,0,0,0,0,0,1116,NA,0,1100,6,0,0,1000,0,70,0,850,1,0,"wq",0,0,0,0,0,0,0,15,162,19
609,0.9072,0,0,0,0,0,0,0,0,0.0928,0,0,0,0,0,0,0,0,0,0,0,0,1117,NA,0,1100,6,0,0,1000,0,70,0,850,1,10,"wq",0,0,0,0,0,0,0,15,162,9.9
610,0.8978,0,0,0,0,0,0,0,0,0.1022,0,0,0,0,0,0,0,0,0,0,0,0,1118,NA,0,1100,6,0,0,1000,0,70,0,850,1,0,"wq",0,0,0,0,0,0,0,15,162,16.8
610,0.8978,0,0,0,0,0,0,0,0,0.1022,0,0,0,0,0,0,0,0,0,0,0,0,1119,NA,0,1100,6,0,0,1000,0,70,0,850,1,10,"wq",0,0,0,0,0,0,0,15,162,10.2
611,0.8885,0,0,0,0,0,0,0,0,0.1115,0,0,0,0,0,0,0,0,0,0,0,0,1120,NA,0,1100,6,0,0,1000,0,70,0,850,1,0,"wq",0,0,0,0,0,0,0,15,162,13.3
611,0.8885,0,0,0,0,0,0,0,0,0.1115,0,0,0,0,0,0,0,0,0,0,0,0,1121,NA,0,1100,6,0,0,1000,0,70,0,850,1,10,"wq",0,0,0,0,0,0,0,15,162,8.7
612,0.8791,0,0,0,0,0,0,0,0,0.1209,0,0,0,0,0,0,0,0,0,0,0,0,1122,NA,0,1100,6,0,0,1000,0,70,0,850,1,0,"wq",0,0,0,0,0,0,0,15,162,12.6
612,0.8791,0,0,0,0,0,0,0,0,0.1209,0,0,0,0,0,0,0,0,0,0,0,0,1123,NA,0,1100,6,0,0,1000,0,70,0,850,1,10,"wq",0,0,0,0,0,0,0,15,162,10.5
613,0.8697,0,0,0,0,0,0,0,0,0.1303,0,0,0,0,0,0,0,0,0,0,0,0,1124,NA,0,1100,6,0,0,1000,0,70,0,850,1,0,"wq",0,0,0,0,0,0,0,15,162,13.5
613,0.8697,0,0,0,0,0,0,0,0,0.1303,0,0,0,0,0,0,0,0,0,0,0,0,1125,NA,0,1100,6,0,0,1000,0,70,0,850,1,10,"wq",0,0,0,0,0,0,0,15,162,8.8
614,0.7809,0,0,0.1891,0.03,0,0,0,0,0,0,0,0,0,0,0,0,0,0,0,0,0,1126,NA,0,1100,6,0,0,1000,0,70,0,850,1,0,"wq",0,0,0,0,0,0,0,15,163,18.6
614,0.7809,0,0,0.1891,0.03,0,0,0,0,0,0,0,0,0,0,0,0,0,0,0,0,0,1127,NA,0,1100,6,0,0,1000,0,70,0,850,1,10,"wq",0,0,0,0,0,0,0,15,163,6
615,0.7735,0,0,0.1903,0.0362,0,0,0,0,0,0,0,0,0,0,0,0,0,0,0,0,0,1128,NA,0,1100,6,0,0,1000,0,70,0,850,1,0,"wq",0,0,0,0,0,0,0,15,163,33.5
615,0.7735,0,0,0.1903,0.0362,0,0,0,0,0,0,0,0,0,0,0,0,0,0,0,0,0,1129,NA,0,1100,6,0,0,1000,0,70,0,850,1,10,"wq",0,0,0,0,0,0,0,15,163,22.1
616,0.7661,0,0,0.1914,0.0425,0,0,0,0,0,0,0,0,0,0,0,0,0,0,0,0,0,1130,NA,0,1100,6,0,0,1000,0,70,0,850,1,0,"wq",0,0,0,0,0,0,0,15,163,19
616,0.7661,0,0,0.1914,0.0425,0,0,0,0,0,0,0,0,0,0,0,0,0,0,0,0,0,1131,NA,0,1100,6,0,0,1000,0,70,0,850,1,10,"wq",0,0,0,0,0,0,0,15,163,5.7
619,0.8069,0,0,0,0,0,0,0.1792,0,0,0,0,0,0,0,0,0,0.0139,0,0,0,0,1140,NA,0,1000,10,80,0,1000,1,0,0,0,0,0,"wq",0,0,0,0,0,0,0,15,166,35
620,0.7927,0,0,0,0,0,0,0.1933,0,0,0,0,0,0,0,0,0,0.014,0,0,0,0,1141,NA,0,1000,10,80,0,1000,1,0,0,0,0,0,"wq",0,0,0,0,0,0,0,15,166,18
621,0.778,0,0,0,0,0,0,0.2078,0,0,0,0,0,0,0,0,0,0.0142,0,0,0,0,1142,NA,0,1000,10,80,0,1000,1,0,0,0,0,0,"wq",0,0,0,0,0,0,0,15,166,18
622,0.7631,0,0,0,0,0,0,0.2225,0,0,0,0,0,0,0,0,0,0.0144,0,0,0,0,1143,NA,0,1000,10,80,0,1000,1,0,0,0,0,0,"wq",0,0,0,0,0,0,0,15,166,35
623,0.7478,0,0,0,0,0,0,0.2377,0,0,0,0,0,0,0,0,0,0.0145,0,0,0,0,1144,NA,0,1000,10,80,0,1000,1,0,0,0,0,0,"wq",0,0,0,0,0,0,0,15,166,25
624,0.7321,0,0,0,0,0,0,0.2532,0,0,0,0,0,0,0,0,0,0.0147,0,0,0,0,1145,NA,0,1000,10,80,0,1000,1,0,0,0,0,0,"wq",0,0,0,0,0,0,0,15,166,20
625,0.7161,0,0,0,0,0,0,0.269,0,0,0,0,0,0,0,0,0,0.0149,0,0,0,0,1146,NA,0,1000,10,80,0,1000,1,0,0,0,0,0,"wq",0,0,0,0,0,0,0,15,166,16
626,0.8265,0,0,0,0,0,0,0.1538,0,0,0,0.0197,0,0,0,0,0,0,0,0,0,0,1147,NA,0,1000,1,0,0,800,1,0,0,0,0,0,"wq",0,0,0,0,0,0,0,15,167,24
627,0.8147,0,0,0,0,0,0,0.1559,0,0,0,0.02,0,0,0.0094,0,0,0,0,0,0,0,1148,NA,0,1000,1,0,0,800,1,0,0,0,0,0,"wq",0,0,0,0,0,0,0,15,167,25
628,0.8026,0,0,0,0,0,0,0.1581,0,0,0,0.0202,0,0,0.0191,0,0,0,0,0,0,0,1149,NA,0,1000,1,0,0,800,1,0,0,0,0,0,"wq",0,0,0,0,0,0,0,15,167,19
629,0.7901,0,0,0,0,0,0,0.1604,0,0,0,0.0205,0,0,0.029,0,0,0,0,0,0,0,1150,NA,0,1000,1,0,0,800,1,0,0,0,0,0,"wq",0,0,0,0,0,0,0,15,167,29
630,0.7773,0,0,0,0,0,0,0.1627,0,0,0,0.0208,0,0,0.0392,0,0,0,0,0,0,0,1151,NA,0,1000,1,0,0,800,1,0,0,0,0,0,"wq",0,0,0,0,0,0,0,15,167,24
632,80.72,8.84,0,0.52,2.49,4.68,0,0,0,2.75,0,0,0,0,0,0,0,0,0,0,0,0,1158,NA,2,900,0,0,0,0,0,0,0,0,0,0,"wq",0,0,0,0,0,0,0,NA,NA,16.5
632,80.72,8.84,0,0.52,2.49,4.68,0,0,0,2.75,0,0,0,0,0,0,0,0,0,0,0,0,1159,NA,2,900,0,0,0,600,6,0,0,0,0,0,"wq",0,0,0,0,0,0,0,NA,NA,19.2
632,80.72,8.84,0,0.52,2.49,4.68,0,0,0,2.75,0,0,0,0,0,0,0,0,0,0,0,0,1162,NA,2,900,0,0,0,880,1.5,0,0,750,1.5,0,"1.5",0,0,0,0,0,0,0,NA,NA,4.5
632,80.72,8.84,0,0.52,2.49,4.68,0,0,0,2.75,0,0,0,0,0,0,0,0,0,0,0,0,1163,NA,2,900,0,0,0,880,1.5,0,0,750,1.5,0,"1.5",600,6,0,0,0,0,0,NA,NA,4.1
632,80.72,8.84,0,0.52,2.49,4.68,0,0,0,2.75,0,0,0,0,0,0,0,0,0,0,0,0,1164,NA,2,900,0,0,0,790,1.5,0,0,0,0,0,"wq",0,0,0,0,0,0,0,NA,NA,10.5
632,80.72,8.84,0,0.52,2.49,4.68,0,0,0,2.75,0,0,0,0,0,0,0,0,0,0,0,0,1165,NA,2,900,0,0,0,790,1.5,0,0,600,6,0,"wq",0,0,0,0,0,0,0,NA,NA,8.2
633,0.7924,0,0,0,0,0,0,0.1979,0,0,0,0,0,0,0.0097,0,0,0,0,0,0,0,1166,NA,0,950,0,0,0,950,0.5,0,0,0,0,0,"wq",0,0,0,0,0,0,0,15,170,32
633,0.7924,0,0,0,0,0,0,0.1979,0,0,0,0,0,0,0.0097,0,0,0,0,0,0,0,1167,NA,0,950,0,0,0,950,0.5,0,0,500,6,0,"wq",0,0,0,0,0,0,0,15,170,8
633,0.7924,0,0,0,0,0,0,0.1979,0,0,0,0,0,0,0.0097,0,0,0,0,0,0,0,1168,NA,0,950,0,0,0,950,0.5,0,0,600,6,0,"wq",0,0,0,0,0,0,0,15,170,7
637,81.33,8.8,0,0,2.47,4.66,0,0,0,2.74,0,0,0,0,0,0,0,0,0,0,0,0,1173,NA,0,0,0,0,0,0,0,0,0,0,0,0,"wq",0,0,0,0,0,0,0,13,172,14
638,80.15,7.11,0,0,2.5,4.71,0,0,0,5.53,0,0,0,0,0,0,0,0,0,0,0,0,1174,NA,0,760,0.5,0,0,0,0,0,0,0,0,0,"wq",0,0,0,0,0,0,0,13,173,22.8
638,80.15,7.11,0,0,2.5,4.71,0,0,0,5.53,0,0,0,0,0,0,0,0,0,0,0,0,1175,NA,0,800,0.5,0,0,0,0,0,0,0,0,0,"wq",0,0,0,0,0,0,0,13,173,21.8
639,86.72,0,0,0,0,0,0,0,0,0,13.28,0,0,0,0,0,0,0,0,0,0,0,1176,NA,0,1100,8,0,0,900,0.5,0,0,0,0,0,"wq",0,0,0,0,0,0,0,14,174,0.9
640,74.87,0,0,1.97,0,0,0.66,22.5,0,0,0,0,0,0,0,0,0,0,0,0,0,0,1177,NA,0,850,1,0,0,780,0.5,0,0,0,0,0,"wq",0,0,0,0,0,0,0,14,175,23.04
640,74.87,0,0,1.97,0,0,0.66,22.5,0,0,0,0,0,0,0,0,0,0,0,0,0,0,1178,NA,0,850,1,0,0,780,0.5,20,0,0,0,0,"wq",0,0,0,0,0,0,0,14,175,15.6
640,74.87,0,0,1.97,0,0,0.66,22.5,0,0,0,0,0,0,0,0,0,0,0,0,0,0,1179,NA,0,850,1,0,0,780,0.5,40,0,0,0,0,"wq",0,0,0,0,0,0,0,14,175,9.4
640,74.87,0,0,1.97,0,0,0.66,22.5,0,0,0,0,0,0,0,0,0,0,0,0,0,0,1180,NA,0,850,1,0,0,780,0.5,60,0,0,0,0,"wq",0,0,0,0,0,0,0,14,175,8.87
640,74.87,0,0,1.97,0,0,0.66,22.5,0,0,0,0,0,0,0,0,0,0,0,0,0,0,1181,NA,0,850,1,0,0,780,0.5,80,0,0,0,0,"wq",0,0,0,0,0,0,0,14,175,8.33
