"alloy_id","Ti","Al","Ga","Zr","Mo","V","Ta","Nb","Au","Cr","Mn","Fe","Zn","Sn","Hf","Bi","O","C","N","Si","H","alloy_proc_id","ingotweight","rate.heat","temp.hold","time.hold","deformation.amount","rate.cooling","rate.heat1","temp.hold1","time.hold1","deformation.amount1","rate.heat2","temp.hold2","time.hold2","deformation.amount2","rate.cooling2","temp.hold3","time.hold3","temp.hold4","time.hold4","deformation.amount4","temp.hold5","deformation.amount5","student_id","reference_id","UTS"
2,83.7,7.16,0,0,3.52,2.84,0,0,0,2.78,0,0,0,0,0,0,0,0,0,0,0,7,NA,0,910,0.5,0,"wq",0,0,0,0,0,0,0,0,"wq",0,0,0,0,0,0,0,13,4,850
2,83.7,7.16,0,0,3.52,2.84,0,0,0,2.78,0,0,0,0,0,0,0,0,0,0,0,8,NA,0,910,0.5,0,"wq",0,0,0,0,0,0,0,0,"wq",0,0,0,0,0,0,0,13,4,890
2,83.7,7.16,0,0,3.52,2.84,0,0,0,2.78,0,0,0,0,0,0,0,0,0,0,0,9,NA,0,810,0.5,0,"wq",0,600,6,0,0,0,0,0,"wq",0,0,0,0,0,0,0,13,4,1230
3,84.07,6.97,0,0,3.42,2.84,0,0,0,2.69,0,0,0,0,0,0,0,0,0,0,0,10,NA,0,910,0.5,0,"wq",0,0,0,0,0,0,0,0,"wq",0,0,0,0,0,0,0,13,4,880
3,84.07,6.97,0,0,3.42,2.84,0,0,0,2.69,0,0,0,0,0,0,0,0,0,0,0,11,NA,0,910,0.5,0,"wq",0,0,0,0,0,0,0,0,"wq",0,0,0,0,0,0,0,13,4,960
3,84.07,6.97,0,0,3.42,2.84,0,0,0,2.69,0,0,0,0,0,0,0,0,0,0,0,12,NA,0,810,0.5,0,"wq",0,600,6,0,0,0,0,0,"wq",0,0,0,0,0,0,0,13,4,1120
4,89,0,0,0,0,0,0,0,0,11,0,0,0,0,0,0,0,0,0,0,0,13,NA,0,0,0,0,"wq",0,0,0,0,0,0,0,0,"wq",0,0,0,0,0,0,0,13,5,880
4,89,0,0,0,0,0,0,0,0,11,0,0,0,0,0,0,0,0,0,0,0,14,NA,0,400,0.75,0,"wq",0,0,0,0,0,0,0,0,"wq",0,0,0,0,0,0,0,13,5,1450
4,89,0,0,0,0,0,0,0,0,11,0,0,0,0,0,0,0,0,0,0,0,15,NA,0,400,1.5,0,"wq",0,0,0,0,0,0,0,0,"wq",0,0,0,0,0,0,0,13,5,1350
4,89,0,0,0,0,0,0,0,0,11,0,0,0,0,0,0,0,0,0,0,0,16,NA,0,400,3,0,"wq",0,0,0,0,0,0,0,0,"wq",0,0,0,0,0,0,0,13,5,1500
4,89,0,0,0,0,0,0,0,0,11,0,0,0,0,0,0,0,0,0,0,0,17,NA,0,400,6,0,"wq",0,0,0,0,0,0,0,0,"wq",0,0,0,0,0,0,0,13,5,1600
4,89,0,0,0,0,0,0,0,0,11,0,0,0,0,0,0,0,0,0,0,0,18,NA,0,400,12,0,"wq",0,0,0,0,0,0,0,0,"wq",0,0,0,0,0,0,0,13,5,1400
5,88.15,0,0,0,0,0,0,0,0,11,0,0.85,0,0,0,0,0,0,0,0,0,19,NA,0,0,0,0,"wq",0,0,0,0,0,0,0,0,"wq",0,0,0,0,0,0,0,13,5,770
6,83.7,5.3,0,0,0,0,0,0,0,11,0,0,0,0,0,0,0,0,0,0,0,20,NA,0,0,0,0,"wq",0,0,0,0,0,0,0,0,"wq",0,0,0,0,0,0,0,13,5,850
7,82.85,5.3,0,0,0,0,0,0,0,11,0,0.85,0,0,0,0,0,0,0,0,0,21,NA,0,0,0,0,"wq",0,0,0,0,0,0,0,0,"wq",0,0,0,0,0,0,0,13,5,850
8,97.96,0,0,0,2.04,0,0,0,0,0,0,0,0,0,0,0,0,0,0,0,0,22,NA,0,950,0.5,0,"wq",0,0,0,0,0,0,0,0,"wq",0,0,0,0,0,0,0,13,6,500
8,97.96,0,0,0,2.04,0,0,0,0,0,0,0,0,0,0,0,0,0,0,0,0,23,NA,0,550,6,0,"wq",0,800,0.5,0,0,0,0,0,"wq",0,0,0,0,0,0,0,13,6,600
8,97.96,0,0,0,2.04,0,0,0,0,0,0,0,0,0,0,0,0,0,0,0,0,24,NA,0,550,6,0,"wq",0,950,0.5,0,0,0,0,0,"wq",0,0,0,0,0,0,0,13,6,1100
8,97.96,0,0,0,2.04,0,0,0,0,0,0,0,0,0,0,0,0,0,0,0,0,25,NA,0,950,0.5,0,"wq",0,0,0,0,0,0,0,0,"wq",0,0,0,0,0,0,0,13,6,810
8,97.96,0,0,0,2.04,0,0,0,0,0,0,0,0,0,0,0,0,0,0,0,0,26,NA,0,950,0.5,0,"wq",0,550,1,0,0,0,0,0,"wq",0,0,0,0,0,0,0,13,6,780
9,79.09,0,0,0,0,0,20.91,0,0,0,0,0,0,0,0,0,0,0,0,0,0,27,NA,0,1000,6,80,"wq",0,950,1,0,0,450,4,0,"wq",0,0,0,0,0,0,0,13,7,530
9,79.09,0,0,0,0,0,20.91,0,0,0,0,0,0,0,0,0,0,0,0,0,0,28,NA,0,1000,6,80,"wq",0,950,1,0,0,500,72,0,"wq",0,0,0,0,0,0,0,13,7,1012
9,79.09,0,0,0,0,0,20.91,0,0,0,0,0,0,0,0,0,0,0,0,0,0,29,NA,0,1000,6,80,"wq",0,950,1,0,0,600,72,0,"wq",0,0,0,0,0,0,0,13,7,612
11,50,0,0,30,0,0,10,10,0,0,0,0,0,0,0,0,0,0,0,0,0,49,50,0,750,0.66,0,"wq",0,0,0,0,0,0,0,0,"wq",0,0,0,0,0,0,0,13,9,741
11,50,0,0,30,0,0,10,10,0,0,0,0,0,0,0,0,0,0,0,0,0,50,50,0,750,0.66,0,"wq",0,450,4,0,0,0,0,0,"wq",0,0,0,0,0,0,0,13,9,978
12,71.97,0,0,3.25,0,0,4.64,20.14,0,0,0,0,0,0,0,0,0,0,0,0,0,51,45,0,1000,6,75,"wq",0,844,0.5,0,0,0,0,0,"wq",0,0,0,0,0,0,0,13,10,580
12,71.97,0,0,3.25,0,0,4.64,20.14,0,0,0,0,0,0,0,0,0,0,0,0,0,58,45,0,1000,6,75,"wq",0,844,0.5,0,0,400,3,0,"wq",0,0,0,0,0,0,0,13,10,890
13,83.05,0,0,0,2.47,0,4.26,10.22,0,0,0,0,0,0,0,0,0,0,0,0,0,52,45,0,1000,6,75,"wq",0,844,0.5,0,0,0,0,0,"wq",0,0,0,0,0,0,0,13,10,650
13,83.05,0,0,0,2.47,0,4.26,10.22,0,0,0,0,0,0,0,0,0,0,0,0,0,59,45,0,1000,6,75,"wq",0,844,0.5,0,0,400,3,0,"wq",0,0,0,0,0,0,0,13,10,1180
14,75.94,0,0,0,0,0,4.5,19.56,0,0,0,0,0,0,0,0,0,0,0,0,0,53,45,0,1000,6,75,"wq",0,844,0.5,0,0,0,0,0,"wq",0,0,0,0,0,0,0,13,10,570
14,75.94,0,0,0,0,0,4.5,19.56,0,0,0,0,0,0,0,0,0,0,0,0,0,60,45,0,1000,6,75,"wq",0,844,0.5,0,0,400,3,0,"wq",0,0,0,0,0,0,0,13,10,920
15,72.61,0,0,0,2.68,0,4.62,20.09,0,0,0,0,0,0,0,0,0,0,0,0,0,61,45,0,1000,6,75,"wq",0,844,0.5,0,0,400,3,0,"wq",0,0,0,0,0,0,0,13,10,600
15,72.61,0,0,0,2.68,0,4.62,20.09,0,0,0,0,0,0,0,0,0,0,0,0,0,54,45,0,1000,6,75,"wq",0,844,0.5,0,0,0,0,0,"wq",0,0,0,0,0,0,0,13,10,600
16,74.48,0,0,0,0,0,4.57,19.87,0,0,0,0,0,1.08,0,0,0,0,0,0,0,55,45,0,1000,6,75,"wq",0,844,0.5,0,0,0,0,0,"wq",0,0,0,0,0,0,0,13,10,500
16,74.48,0,0,0,0,0,4.57,19.87,0,0,0,0,0,1.08,0,0,0,0,0,0,0,62,45,0,1000,6,75,"wq",0,844,0.5,0,0,400,3,0,"wq",0,0,0,0,0,0,0,13,10,600
17,72.52,0,0,0,0,0,4.67,20.29,0,0,0,0,0,2.52,0,0,0,0,0,0,0,56,45,0,1000,6,75,"wq",0,844,0.5,0,0,0,0,0,"wq",0,0,0,0,0,0,0,13,10,500
17,72.52,0,0,0,0,0,4.67,20.29,0,0,0,0,0,2.52,0,0,0,0,0,0,0,63,45,0,1000,6,75,"wq",0,844,0.5,0,0,400,3,0,"wq",0,0,0,0,0,0,0,13,10,930
18,71.43,0,0,0,0,0,4.72,20.52,0,0,0,0,0,3.33,0,0,0,0,0,0,0,57,45,0,1000,6,75,"wq",0,844,0.5,0,0,0,0,0,"wq",0,0,0,0,0,0,0,13,10,510
18,71.43,0,0,0,0,0,4.72,20.52,0,0,0,0,0,3.33,0,0,0,0,0,0,0,64,45,0,1000,6,75,"wq",0,844,0.5,0,0,400,3,0,"wq",0,0,0,0,0,0,0,13,10,600
28,86.2,10.2,0,0,0,3.6,0,0,0,0,0,0,0,0,0,0,0,0,0,0,0,101,NA,0,0,0,0,"wq",0,0,0,0,0,0,0,0,"wq",0,0,0,0,0,0,0,14,12,925
29,74.43,0,0,0,0,0,0,25.57,0,0,0,0,0,0,0,0,0,0,0,0,0,102,NA,0,0,0,0,"wq",0,0,0,0,0,0,0,0,"wq",0,0,0,0,0,0,0,14,12,612
30,73.86,0,0,0,0,0,0,25.8,0,0,0,0,0,0,0.33,0,0,0,0,0,0,103,NA,0,0,0,0,"wq",0,0,0,0,0,0,0,0,"wq",0,0,0,0,0,0,0,14,12,893
31,72.69,0,0,0,0,0,0,26.28,0,0,0,0,0,0,1.03,0,0,0,0,0,0,104,NA,0,0,0,0,"wq",0,0,0,0,0,0,0,0,"wq",0,0,0,0,0,0,0,14,12,874
32,71.48,0,0,0,0,0,0,26.78,0,0,0,0,0,0,1.74,0,0,0,0,0,0,105,NA,0,0,0,0,"wq",0,0,0,0,0,0,0,0,"wq",0,0,0,0,0,0,0,14,12,891
33,70.21,0,0,0,0,0,0,27.3,0,0,0,0,0,0,2.49,0,0,0,0,0,0,106,NA,0,0,0,0,"wq",0,0,0,0,0,0,0,0,"wq",0,0,0,0,0,0,0,14,12,881
35,85.3,10.2,0,0,0,4.5,0,0,0,0,0,0,0,0,0,0,0,0,0,0,0,108,45,0,1000,6,75,"wq",0,844,0.5,0,0,0,0,0,"wq",0,0,0,0,0,0,0,14,13,865
36,83.42,10.32,0,0,0,5.47,0,0,0,0,0,0,0,0.78,0,0,0,0,0,0,0,109,45,0,1000,6,75,"wq",0,844,0.5,0,0,0,3,0,"wq",0,0,0,0,0,0,0,14,13,944
46,84.55,0,0,7.79,0,0,0,7.65,0,0,0,0,0,0,0,0,0,0,0,0,0,121,45,0,1000,6,75,"wq",0,844,0.5,0,0,0,0,0,"wq",0,0,0,0,0,0,0,14,13,847
46,84.55,0,0,7.79,0,0,0,7.65,0,0,0,0,0,0,0,0,0,0,0,0,0,122,45,0,1000,6,75,"wq",0,844,0.5,0,0,0,3,0,"wq",0,0,0,0,0,0,0,14,13,1003
47,71.97,0,0,3.25,0,0,4.64,20.14,0,0,0,0,0,0,0,0,0,0,0,0,0,123,45,0,1000,6,75,"wq",0,844,0.5,0,0,0,0,0,"wq",0,0,0,0,0,0,0,14,13,525
47,71.97,0,0,3.25,0,0,4.64,20.14,0,0,0,0,0,0,0,0,0,0,0,0,0,124,45,0,1000,6,75,"wq",0,844,0.5,0,0,400,3,0,"wq",0,0,0,0,0,0,0,14,13,914
48,83.05,0,0,0,2.47,0,4.26,10.22,0,0,0,0,0,0,0,0,0,0,0,0,0,125,45,0,1000,6,75,"wq",0,844,0.5,0,0,0,0,0,"wq",0,0,0,0,0,0,0,14,13,635
48,83.05,0,0,0,2.47,0,4.26,10.22,0,0,0,0,0,0,0,0,0,0,0,0,0,126,45,0,1000,6,75,"wq",0,844,0.5,0,0,400,3,0,"wq",0,0,0,0,0,0,0,14,13,1232
49,75.94,0,0,0,0,0,4.5,19.56,0,0,0,0,0,0,0,0,0,0,0,0,0,127,45,0,1000,6,75,"wq",0,844,0.5,0,0,0,0,0,"wq",0,0,0,0,0,0,0,14,13,567
49,75.94,0,0,0,0,0,4.5,19.56,0,0,0,0,0,0,0,0,0,0,0,0,0,128,45,0,1000,6,75,"wq",0,844,0.5,0,0,0,3,0,"wq",0,0,0,0,0,0,0,14,13,1045
50,72.61,0,0,0,2.68,0,4.62,20.09,0,0,0,0,0,0,0,0,0,0,0,0,0,129,45,0,1000,6,75,"wq",0,844,0.5,0,0,0,0,0,"wq",0,0,0,0,0,0,0,14,13,605
50,72.61,0,0,0,2.68,0,4.62,20.09,0,0,0,0,0,0,0,0,0,0,0,0,0,130,45,0,1000,6,75,"wq",0,844,0.5,0,0,0,3,0,"wq",0,0,0,0,0,0,0,14,13,605
51,74.48,0,0,0,0,0,4.58,19.87,0,0,0,0,0,1.07,0,0,0,0,0,0,0,131,45,0,1000,6,75,"wq",0,844,0.5,0,0,0,0,0,"wq",0,0,0,0,0,0,0,14,13,498
51,74.48,0,0,0,0,0,4.58,19.87,0,0,0,0,0,1.07,0,0,0,0,0,0,0,132,45,0,1000,6,75,"wq",0,844,0.5,0,0,0,3,0,"wq",0,0,0,0,0,0,0,14,13,621
52,72.52,0,0,0,0,0,4.67,20.29,0,0,0,0,0,2.52,0,0,0,0,0,0,0,133,45,0,1000,6,75,"wq",0,844,0.5,0,0,0,0,0,"wq",0,0,0,0,0,0,0,14,13,527
52,72.52,0,0,0,0,0,4.67,20.29,0,0,0,0,0,2.52,0,0,0,0,0,0,0,134,45,0,1000,6,75,"wq",0,844,0.5,0,0,400,3,0,"wq",0,0,0,0,0,0,0,14,13,965
53,71.43,0,0,0,0,0,4.72,20.52,0,0,0,0,0,3.32,0,0,0,0,0,0,0,135,45,0,1000,6,75,"wq",0,844,0.5,0,0,0,0,0,"wq",0,0,0,0,0,0,0,14,13,524
53,71.43,0,0,0,0,0,4.72,20.52,0,0,0,0,0,3.32,0,0,0,0,0,0,0,136,45,0,1000,6,75,"wq",0,844,0.5,0,0,0,3,0,"wq",0,0,0,0,0,0,0,14,13,607
54,0.906,0,0,0,0.055,0,0,0.039,0,0,0,0,0,0,0,0,0,0,0,0,0,137,NA,0,850,0,0,"wq",0,900,1,0,0,0,0,0,"wq",0,0,0,0,0,0,0,15,14,774
54,0.906,0,0,0,0.055,0,0,0.039,0,0,0,0,0,0,0,0,0,0,0,0,0,138,NA,0,850,0,0,"wq",0,900,1,0,0,350,0.5,0,"wq",0,0,0,0,0,0,0,15,14,592
54,0.906,0,0,0,0.055,0,0,0.039,0,0,0,0,0,0,0,0,0,0,0,0,0,139,NA,0,850,0,0,"wq",0,900,1,0,0,400,0.5,0,"wq",0,0,0,0,0,0,0,15,14,597
54,0.906,0,0,0,0.055,0,0,0.039,0,0,0,0,0,0,0,0,0,0,0,0,0,140,NA,0,850,0,0,"wq",0,900,1,0,0,500,0.5,0,"wq",0,0,0,0,0,0,0,15,14,640
54,0.906,0,0,0,0.055,0,0,0.039,0,0,0,0,0,0,0,0,0,0,0,0,0,141,NA,0,850,0,0,"wq",0,900,1,0,0,650,0.5,0,"wq",0,0,0,0,0,0,0,15,14,596
74,77.8,0,0,0,22.2,0,0,0,0,0,0,0,0,0,0,0,0,0,0,0,0,166,NA,0,0,0,0,"wq",0,0,0,0,0,0,0,0,"wq",0,0,0,0,0,0,0,13,16,703
75,88.2,0,0,0,11.8,0,0,0,0,0,0,0,0,0,0,0,0,0,0,0,0,167,NA,0,0,0,0,"wq",0,0,0,0,0,0,0,0,"wq",0,0,0,0,0,0,0,13,16,784
76,78,0,0,0,11.2,0,0,10.8,0,0,0,0,0,0,0,0,0,0,0,0,0,168,NA,0,0,0,0,"wq",0,0,0,0,0,0,0,0,"wq",0,0,0,0,0,0,0,13,16,685
77,78.2,0,0,10.6,11.2,0,0,0,0,0,0,0,0,0,0,0,0,0,0,0,0,169,NA,0,0,0,0,"wq",0,0,0,0,0,0,0,0,"wq",0,0,0,0,0,0,0,13,16,722
78,75.8,0,0,0,10.8,0,0,0,0,0,0,0,0,13.4,0,0,0,0,0,0,0,170,NA,0,0,0,0,"wq",0,0,0,0,0,0,0,0,"wq",0,0,0,0,0,0,0,13,16,814
79,69,0,0,10.1,10.6,0,0,10.3,0,0,0,0,0,0,0,0,0,0,0,0,0,171,NA,0,0,0,0,"wq",0,0,0,0,0,0,0,0,"wq",0,0,0,0,0,0,0,13,16,793
80,60.8,0,0,19.3,10.1,0,0,9.8,0,0,0,0,0,0,0,0,0,0,0,0,0,172,NA,0,0,0,0,"wq",0,0,0,0,0,0,0,0,"wq",0,0,0,0,0,0,0,13,16,760
81,63.3,0,0,27.7,9.6,0,0,9.4,0,0,0,0,0,0,0,0,0,0,0,0,0,173,NA,0,0,0,0,"wq",0,0,0,0,0,0,0,0,"wq",0,0,0,0,0,0,0,13,16,641
82,68.1,0,0,10,5.2,0,0,10.2,0,0,0,0,0,6.5,0,0,0,0,0,0,0,174,NA,0,0,0,0,"wq",0,0,0,0,0,0,0,0,"wq",0,0,0,0,0,0,0,13,16,715
83,60,0,0,19.1,5,0,0,9.7,0,0,0,0,0,6.2,0,0,0,0,0,0,0,175,NA,0,0,0,0,"wq",0,0,0,0,0,0,0,0,"wq",0,0,0,0,0,0,0,13,16,775
84,70.4,0,0,0,10.1,0,0,19.5,0,0,0,0,0,0,0,0,0,0,0,0,0,176,NA,0,0,0,0,"wq",0,0,0,0,0,0,0,0,"wq",0,0,0,0,0,0,0,13,16,617
85,69.6,0,0,0,4.9,0,0,19.4,0,0,0,0,0,6.1,0,0,0,0,0,0,0,177,NA,0,0,0,0,"wq",0,0,0,0,0,0,0,0,"wq",0,0,0,0,0,0,0,13,16,684
86,62.5,0,0,9.2,9.6,0,0,18.7,0,0,0,0,0,0,0,0,0,0,0,0,0,178,NA,0,0,0,0,"wq",0,0,0,0,0,0,0,0,"wq",0,0,0,0,0,0,0,13,16,635
87,55.3,0,0,17.6,9.2,0,0,17.9,0,0,0,0,0,0,0,0,0,0,0,0,0,179,NA,0,0,0,0,"wq",0,0,0,0,0,0,0,0,"wq",0,0,0,0,0,0,0,13,16,697
88,61,0,0,9,0,0,0,18.3,0,0,0,0,0,11.7,0,0,0,0,0,0,0,180,NA,0,0,0,0,"wq",0,0,0,0,0,0,0,0,"wq",0,0,0,0,0,0,0,13,16,594
89,54,0,0,17.2,0,0,0,17.6,0,0,0,0,0,11.2,0,0,0,0,0,0,0,181,NA,0,0,0,0,"wq",0,0,0,0,0,0,0,0,"wq",0,0,0,0,0,0,0,13,16,755
90,61.9,0,0,9.1,4.7,0,0,18.5,0,0,0,0,0,5.8,0,0,0,0,0,0,0,182,NA,0,0,0,0,"wq",0,0,0,0,0,0,0,0,"wq",0,0,0,0,0,0,0,13,16,519
91,54.7,0,0,17.4,4.5,0,0,17.8,0,0,0,0,0,5.6,0,0,0,0,0,0,0,183,NA,0,0,0,0,"wq",0,0,0,0,0,0,0,0,"wq",0,0,0,0,0,0,0,13,16,582
92,64.1,0,0,0,9.2,0,0,26.7,0,0,0,0,0,0,0,0,0,0,0,0,0,184,NA,0,0,0,0,"wq",0,0,0,0,0,0,0,0,"wq",0,0,0,0,0,0,0,13,16,496
93,62.8,0,0,0,0,0,0,26.2,0,0,0,0,0,11,0,0,0,0,0,0,0,185,NA,0,0,0,0,"wq",0,0,0,0,0,0,0,0,"wq",0,0,0,0,0,0,0,13,16,447
94,57.2,0,0,8.4,8.8,0,0,25.6,0,0,0,0,0,0,0,0,0,0,0,0,0,186,NA,0,0,0,0,"wq",0,0,0,0,0,0,0,0,"wq",0,0,0,0,0,0,0,13,16,580
95,50.8,0,0,16.1,8.5,0,0,24.6,0,0,0,0,0,0,0,0,0,0,0,0,0,187,NA,0,0,0,0,"wq",0,0,0,0,0,0,0,0,"wq",0,0,0,0,0,0,0,13,16,696
96,56.1,0,0,8.1,0,0,0,25.2,0,0,0,0,0,10.6,0,0,0,0,0,0,0,188,NA,0,0,0,0,"wq",0,0,0,0,0,0,0,0,"wq",0,0,0,0,0,0,0,13,16,738
97,49.8,0,0,15.8,0,0,0,24.2,0,0,0,0,0,10.2,0,0,0,0,0,0,0,189,NA,0,0,0,0,"wq",0,0,0,0,0,0,0,0,"wq",0,0,0,0,0,0,0,13,16,616
98,56.6,0,0,8.2,4.4,0,0,25.4,0,0,0,0,0,5.4,0,0,0,0,0,0,0,190,NA,0,0,0,0,"wq",0,0,0,0,0,0,0,0,"wq",0,0,0,0,0,0,0,13,16,468
99,50.2,0,0,15.9,4.2,0,0,24.4,0,0,0,0,0,5.2,0,0,0,0,0,0,0,191,NA,0,0,0,0,"wq",0,0,0,0,0,0,0,0,"wq",0,0,0,0,0,0,0,13,16,549
110,70.25,0,0,0,0,0,0,0,0,3.7,0,18.93,0,0,0,0,0,0,0,7.12,0,205,NA,0,0,0,0,"wq",0,0,0,0,0,0,0,0,"wq",0,0,0,0,0,0,0,14,19,2563
111,71.97,0,0,3.25,0,0,4.64,20.14,0,0,0,0,0,0,0,0,0,0,0,0,0,212,NA,0,0,0,0,"wq",0,790,1,0,0,0,0,0,"wq",0,0,0,0,0,0,0,14,20,513.89
111,71.97,0,0,3.25,0,0,4.64,20.14,0,0,0,0,0,0,0,0,0,0,0,0,0,213,NA,0,0,0,19.17,"wq",0,790,1,0,0,0,0,0,"wq",0,0,0,0,0,0,0,14,20,675.93
111,71.97,0,0,3.25,0,0,4.64,20.14,0,0,0,0,0,0,0,0,0,0,0,0,0,214,NA,0,0,0,35.99,"wq",0,790,1,0,0,0,0,0,"wq",0,0,0,0,0,0,0,14,20,359.36
111,71.97,0,0,3.25,0,0,4.64,20.14,0,0,0,0,0,0,0,0,0,0,0,0,0,215,NA,0,0,0,51.06,"wq",0,790,1,0,0,0,0,0,"wq",0,0,0,0,0,0,0,14,20,511.8
111,71.97,0,0,3.25,0,0,4.64,20.14,0,0,0,0,0,0,0,0,0,0,0,0,0,216,NA,0,0,0,63.94,"wq",0,790,1,0,0,0,0,0,"wq",0,0,0,0,0,0,0,14,20,634.01
111,71.97,0,0,3.25,0,0,4.64,20.14,0,0,0,0,0,0,0,0,0,0,0,0,0,217,NA,0,0,0,83.38,"wq",0,790,1,0,0,0,0,0,"wq",0,0,0,0,0,0,0,14,20,835.65
116,0.81,0,0,0.025,0.009,0,0,0.117,0,0,0,0,0,0.039,0,0,0,0,0,0,0,221,NA,0,957,2,0,"wq",0,847,1,74.35,0,900,1,0,"wq",0,0,0,0,0,0,0,15,22,934
116,0.81,0,0,0.025,0.009,0,0,0.117,0,0,0,0,0,0.039,0,0,0,0,0,0,0,224,NA,0,957,2,0,"wq",0,847,1,74.35,0,900,1,0,"wq",450,24,0,0,0,0,0,15,22,1052
116,0.81,0,0,0.025,0.009,0,0,0.117,0,0,0,0,0,0.039,0,0,0,0,0,0,0,228,NA,0,957,2,0,"wq",0,847,1,74.35,0,900,1,0,"wq",550,2,0,0,0,0,0,15,22,973
117,81.17,0,0,6.27,3.16,0,0,6.27,0,0,0,0,0,3.13,0,0,0,0,0,0,0,229,10,0,0,0,0,"wq",0,0,0,0,0,0,0,0,"wq",0,0,0,0,0,0,0,13,23,715
118,76.38,0,0,5.91,2.96,0,0,11.8,0,0,0,0,0,2.95,0,0,0,0,0,0,0,230,10,0,0,0,0,"wq",0,0,0,0,0,0,0,0,"wq",0,0,0,0,0,0,0,13,23,519
119,79.36,0,0,5.9,2.96,0,0,8.85,0,0,0,0,0,2.93,0,0,0,0,0,0,0,231,10,0,0,0,0,"wq",0,0,0,0,0,0,0,0,"wq",0,0,0,0,0,0,0,13,23,701
120,82.3,0,0,5.9,2.95,0,0,5.9,0,0,0,0,0,2.95,0,0,0,0,0,0,0,232,10,0,0,0,0,"wq",0,0,0,0,0,0,0,0,"wq",0,0,0,0,0,0,0,13,23,715
121,85.25,0,0,2.97,2.94,0,0,5.9,0,0,0,0,0,2.94,0,0,0,0,0,0,0,233,10,0,0,0,0,"wq",0,0,0,0,0,0,0,0,"wq",0,0,0,0,0,0,0,13,23,762
122,81.22,0,0,3.13,3.16,0,0,9.36,0,0,0,0,0,3.13,0,0,0,0,0,0,0,234,10,0,0,0,0,"wq",0,0,0,0,0,0,0,0,"wq",0,0,0,0,0,0,0,13,23,692
129,69.3,0,0,4.92,0,0,1.78,24,0,0,0,0,0,0,0,0,0,0,0,0,0,243,NA,0,1000,2,89,"wq",0,1000,2,0,0,0,0,0,"wq",0,0,0,0,0,0,0,13,25,550
130,67.53,0,0,4.86,0,0,0,27.61,0,0,0,0,0,0,0,0,0,0,0,0,0,244,NA,0,1000,2,89,"wq",0,1000,2,0,0,0,0,0,"wq",0,0,0,0,0,0,0,13,25,490
131,75.64,0,0,0,0,0,0,22.36,0,0,0,0,0,2,0,0,0,0,0,0,0,247,NA,0,1150,24,0,"wq",0,950,2,0,0,0,0,0,"wq",0,0,0,0,0,0,0,13,26,490
131,75.64,0,0,0,0,0,0,22.36,0,0,0,0,0,2,0,0,0,0,0,0,0,248,NA,0,1150,24,0,"wq",0,950,2,89,0,0,0,0,"wq",0,0,0,0,0,0,0,13,26,680
131,75.64,0,0,0,0,0,0,22.36,0,0,0,0,0,2,0,0,0,0,0,0,0,249,NA,0,1150,24,0,"wq",0,950,2,89,0,250,2,0,"wq",0,0,0,0,0,0,0,13,26,830
131,75.64,0,0,0,0,0,0,22.36,0,0,0,0,0,2,0,0,0,0,0,0,0,250,NA,0,1150,24,0,"wq",0,950,2,89,0,300,2,0,"wq",0,0,0,0,0,0,0,13,26,1000
132,72.91,0,0,0,0,0,0,23.02,0,0,0,0,0,4.07,0,0,0,0,0,0,0,251,NA,0,1150,24,0,"wq",0,950,2,0,0,0,0,0,"wq",0,0,0,0,0,0,0,13,26,490
132,72.91,0,0,0,0,0,0,23.02,0,0,0,0,0,4.07,0,0,0,0,0,0,0,252,NA,0,1150,24,0,"wq",0,950,2,89,0,0,0,0,"wq",0,0,0,0,0,0,0,13,26,600
132,72.91,0,0,0,0,0,0,23.02,0,0,0,0,0,4.07,0,0,0,0,0,0,0,253,NA,0,1150,24,0,"wq",0,950,2,89,0,250,2,0,"wq",0,0,0,0,0,0,0,13,26,670
132,72.91,0,0,0,0,0,0,23.02,0,0,0,0,0,4.07,0,0,0,0,0,0,0,254,NA,0,1150,24,0,"wq",0,950,2,89,0,300,2,0,"wq",0,0,0,0,0,0,0,13,26,710
139,0.85,0,0,0,0.12,0,0,0.03,0,0,0,0,0,0,0,0,0,0,0,0,0,282,35,0,1000,24,0,"wq",0,780,0,80,0,950,1,0,"wq",0,0,0,0,0,0,0,15,30,747
140,88.5,0,0,0,4,0,0,7.5,0,0,0,0,0,0,0,0,0,0,0,0,0,283,NA,0,800,0,50,"wq",0,1000,0.5,0,0,0,0,0,"wq",0,0,0,0,0,0,0,13,31,1037.1
141,87.5,0,0,0,4,0,0,7.5,0,0,0,0,0,1,0,0,0,0,0,0,0,284,NA,0,800,0,50,"wq",0,1000,0.5,0,0,0,0,0,"wq",0,0,0,0,0,0,0,13,31,973.7
142,86.5,0,0,0,4,0,0,7.5,0,0,0,0,0,2,0,0,0,0,0,0,0,285,NA,0,800,0,50,"wq",0,1000,0.5,0,0,0,0,0,"wq",0,0,0,0,0,0,0,13,31,986.6
143,85.5,0,0,0,4,0,0,7.5,0,0,0,0,0,3,0,0,0,0,0,0,0,286,NA,0,800,0,50,"wq",0,1000,0.5,0,0,0,0,0,"wq",0,0,0,0,0,0,0,13,31,953.8
144,84.5,0,0,0,4,0,0,7.5,0,0,0,0,0,4,0,0,0,0,0,0,0,287,NA,0,800,0,50,"wq",0,1000,0.5,0,0,0,0,0,"wq",0,0,0,0,0,0,0,13,31,938.6
158,73.59,0,0,3.27,0,0,0,23.14,0,0,0,0,0,0,0,0,0,0,0,0,0,301,NA,0,950,5,87.5,"wq",0,250,0.33,0,0,0,0,0,"wq",0,0,0,0,0,0,0,13,33,790
158,73.59,0,0,3.27,0,0,0,23.14,0,0,0,0,0,0,0,0,0,0,0,0,0,302,NA,0,950,5,87.5,"wq",0,350,0.33,0,0,0,0,0,"wq",0,0,0,0,0,0,0,13,33,964
158,73.59,0,0,3.27,0,0,0,23.14,0,0,0,0,0,0,0,0,0,0,0,0,0,303,NA,0,950,5,87.5,"wq",0,425,0.33,0,0,0,0,0,"wq",0,0,0,0,0,0,0,13,33,833
164,0.76,0,0,0,0,0,0,0.24,0,0,0,0,0,0,0,0,0,0,0,0,0,321,NA,0,950,20,95,"wq",0,900,1,0,0,0,0,0,"wq",0,0,0,0,0,0,0,15,36,440
164,0.76,0,0,0,0,0,0,0.24,0,0,0,0,0,0,0,0,0,0,0,0,0,323,NA,0,950,20,95,"wq",0,900,1,0,0,300,0.167,0,"wq",0,0,0,0,0,0,0,15,36,915
164,0.76,0,0,0,0,0,0,0.24,0,0,0,0,0,0,0,0,0,0,0,0,0,325,NA,0,950,20,95,"wq",0,900,1,0,0,600,0.167,0,"wq",0,0,0,0,0,0,0,15,36,580
165,0.74,0,0,0,0,0,0,0.26,0,0,0,0,0,0,0,0,0,0,0,0,0,322,NA,0,950,20,95,"wq",0,900,1,0,0,0,0,0,"wq",0,0,0,0,0,0,0,15,36,420
165,0.74,0,0,0,0,0,0,0.26,0,0,0,0,0,0,0,0,0,0,0,0,0,324,NA,0,950,20,95,"wq",0,900,1,0,0,300,0.167,0,"wq",0,0,0,0,0,0,0,15,36,870
165,0.74,0,0,0,0,0,0,0.26,0,0,0,0,0,0,0,0,0,0,0,0,0,326,NA,0,950,20,95,"wq",0,900,1,0,0,600,0.167,0,"wq",0,0,0,0,0,0,0,15,36,510
166,0.9611,0,0,0,0.0389,0,0,0,0,0,0,0,0,0,0,0,0,0,0,0,0,327,30,0,0,0,0,"wq",0,0,0,0,0,0,0,0,"wq",0,0,0,0,0,0,0,15,37,1019
167,0.9191,0,0,0,0.0809,0,0,0,0,0,0,0,0,0,0,0,0,0,0,0,0,328,30,0,0,0,0,"wq",0,0,0,0,0,0,0,0,"wq",0,0,0,0,0,0,0,15,37,921
168,0.862,0.102,0,0,0,0.036,0,0,0,0,0,0,0,0,0,0,0,0,0,0,0,329,30,0,0,0,0,"wq",0,0,0,0,0,0,0,0,"wq",0,0,0,0,0,0,0,15,37,1173
169,84.55,0,0,7.79,0,0,0,7.66,0,0,0,0,0,0,0,0,0,0,0,0,0,330,NA,0,900,1,0,"wq",0,350,5,0,0,0,0,0,"wq",0,0,0,0,0,0,0,13,38,906
169,84.55,0,0,7.79,0,0,0,7.66,0,0,0,0,0,0,0,0,0,0,0,0,0,331,NA,0,900,1,0,"wq",0,450,5,0,0,0,0,0,"wq",0,0,0,0,0,0,0,13,38,964
169,84.55,0,0,7.79,0,0,0,7.66,0,0,0,0,0,0,0,0,0,0,0,0,0,332,NA,0,900,1,0,"wq",0,550,5,0,0,0,0,0,"wq",0,0,0,0,0,0,0,13,38,1018
169,84.55,0,0,7.79,0,0,0,7.66,0,0,0,0,0,0,0,0,0,0,0,0,0,333,30,0,0,0,0,"wq",0,0,0,0,0,0,0,0,"wq",0,0,0,0,0,0,0,13,38,840
177,80,0,0,0,0,0,0,3,0,0,0,14,0,3,0,0,0,0,0,0,0,349,NA,0,0,0,0,"wq",0,0,0,0,0,0,0,0,"wq",0,0,0,0,0,0,0,14,41,2400
178,82,0,0,0,0,0,0,3,0,0,0,12,0,3,0,0,0,0,0,0,0,350,NA,0,0,0,0,"wq",0,0,0,0,0,0,0,0,"wq",0,0,0,0,0,0,0,14,41,2080
179,84,0,0,0,0,0,0,3,0,0,0,10,0,3,0,0,0,0,0,0,0,351,NA,0,0,0,0,"wq",0,0,0,0,0,0,0,0,"wq",0,0,0,0,0,0,0,14,41,1950
182,0.9976,0,0,0,0,0,0.0122,0.0102,0,0,0,0,0,0,0,0,0,0,0,0,0,368,NA,0,830,0,0,"wq",0,650,0,0,0,0,0,0,"wq",0,0,0,0,0,0,0,15,43,413.46
182,0.9976,0,0,0,0,0,0.0122,0.0102,0,0,0,0,0,0,0,0,0,0,0,0,0,369,NA,0,830,0,0,"wq",0,650,0,0,0,700,4,0,"wq",0,0,0,0,0,0,0,15,43,404.66
182,0.9976,0,0,0,0,0,0.0122,0.0102,0,0,0,0,0,0,0,0,0,0,0,0,0,370,NA,0,830,0,0,"wq",0,650,0,0,0,840,2,0,"wq",0,0,0,0,0,0,0,15,43,442.9
182,0.9976,0,0,0,0,0,0.0122,0.0102,0,0,0,0,0,0,0,0,0,0,0,0,0,371,NA,0,830,0,0,"wq",0,650,0,0,0,550,4,0,"wq",0,0,0,0,0,0,0,15,43,422.1
182,0.9976,0,0,0,0,0,0.0122,0.0102,0,0,0,0,0,0,0,0,0,0,0,0,0,372,NA,0,830,0,0,"wq",0,650,0,0,0,600,4,0,"wq",0,0,0,0,0,0,0,15,43,415.8
182,0.9976,0,0,0,0,0,0.0122,0.0102,0,0,0,0,0,0,0,0,0,0,0,0,0,373,NA,0,830,0,0,"wq",0,650,0,0,0,700,4,0,"wq",0,0,0,0,0,0,0,15,43,423.93
182,0.9976,0,0,0,0,0,0.0122,0.0102,0,0,0,0,0,0,0,0,0,0,0,0,0,374,NA,0,830,0,0,"wq",0,650,0,0,0,750,4,0,"wq",0,0,0,0,0,0,0,15,43,423.08
185,74.87,0,0,1.97,0,0,0.66,22.5,0,0,0,0,0,0,0,0,0,0,0,0,0,379,NA,0,950,1,0,"wq",0,780,0.5,0,0,0,0,0,"wq",0,0,0,0,0,0,0,13,45,533.7
185,74.87,0,0,1.97,0,0,0.66,22.5,0,0,0,0,0,0,0,0,0,0,0,0,0,380,NA,0,950,1,0,"wq",0,780,0.5,20,0,0,0,0,"wq",0,0,0,0,0,0,0,13,45,661.5
185,74.87,0,0,1.97,0,0,0.66,22.5,0,0,0,0,0,0,0,0,0,0,0,0,0,381,NA,0,950,1,0,"wq",0,780,0.5,60,0,0,0,0,"wq",0,0,0,0,0,0,0,13,45,757.3
185,74.87,0,0,1.97,0,0,0.66,22.5,0,0,0,0,0,0,0,0,0,0,0,0,0,382,NA,0,950,1,0,"wq",0,780,0.5,99,0,0,0,0,"wq",0,0,0,0,0,0,0,13,45,897.2
191,96.29,0,0,0,0,0,0,0,0,0,0,0,3.71,0,0,0,0,0,0,0,0,388,NA,0,800,0.5,0,"wq",0,0,0,0,0,0,0,0,"wq",0,0,0,0,0,0,0,13,47,1476
192,92.48,0,0,0,0,0,0,0,0,0,0,0,7.52,0,0,0,0,0,0,0,0,389,NA,0,800,0.5,0,"wq",0,0,0,0,0,0,0,0,"wq",0,0,0,0,0,0,0,13,47,1906
193,84.53,0,0,0,0,0,0,0,0,0,0,0,15.47,0,0,0,0,0,0,0,0,390,NA,0,800,0.5,0,"wq",0,0,0,0,0,0,0,0,"wq",0,0,0,0,0,0,0,13,47,1538
194,76.12,0,0,0,0,0,0,0,0,0,0,0,23.88,0,0,0,0,0,0,0,0,391,NA,0,800,0.5,0,"wq",0,0,0,0,0,0,0,0,"wq",0,0,0,0,0,0,0,13,47,1352
195,83,8.78,0,0,2.38,4.37,0,0,0,0.65,0,0.82,0,0,0,0,0,0,0,0,0,392,NA,0,950,0.5,30,"wq",20,950,0,0,0.25,530,8,0,"wq",0,0,0,0,0,0,0,14,48,1775
195,83,8.78,0,0,2.38,4.37,0,0,0,0.65,0,0.82,0,0,0,0,0,0,0,0,0,393,NA,0,950,0.5,30,"wq",20,950,0,0,0.25,560,8,0,"wq",0,0,0,0,0,0,0,14,48,1730
195,83,8.78,0,0,2.38,4.37,0,0,0,0.65,0,0.82,0,0,0,0,0,0,0,0,0,394,NA,0,950,0.5,30,"wq",20,950,0,0,20,560,8,0,"wq",0,0,0,0,0,0,0,14,48,1590
195,83,8.78,0,0,2.38,4.37,0,0,0,0.65,0,0.82,0,0,0,0,0,0,0,0,0,395,NA,0,950,0.5,30,"wq",20,950,0,0,0.25,600,8,0,"wq",0,0,0,0,0,0,0,14,48,1355
195,83,8.78,0,0,2.38,4.37,0,0,0,0.65,0,0.82,0,0,0,0,0,0,0,0,0,396,NA,0,950,0.5,30,"wq",20,950,0,0,2,600,8,0,"wq",0,0,0,0,0,0,0,14,48,1420
195,83,8.78,0,0,2.38,4.37,0,0,0,0.65,0,0.82,0,0,0,0,0,0,0,0,0,397,NA,0,950,0.5,30,"wq",20,950,0,0,0.25,640,8,0,"wq",0,0,0,0,0,0,0,14,48,1410
195,83,8.78,0,0,2.38,4.37,0,0,0,0.65,0,0.82,0,0,0,0,0,0,0,0,0,398,NA,0,950,0.5,30,"wq",20,950,0,0,2,640,8,0,"wq",0,0,0,0,0,0,0,14,48,1380
195,83,8.78,0,0,2.38,4.37,0,0,0,0.65,0,0.82,0,0,0,0,0,0,0,0,0,424,NA,0,950,0.5,30,"wq",20,820,0,0,20,640,8,0,"wq",0,0,0,0,0,0,0,14,48,1395
195,83,8.78,0,0,2.38,4.37,0,0,0,0.65,0,0.82,0,0,0,0,0,0,0,0,0,421,NA,0,950,0.5,30,"wq",20,820,0,0,0.25,600,8,0,"wq",0,0,0,0,0,0,0,14,48,1450
195,83,8.78,0,0,2.38,4.37,0,0,0,0.65,0,0.82,0,0,0,0,0,0,0,0,0,422,NA,0,950,0.5,30,"wq",20,820,0,0,20,600,8,0,"wq",0,0,0,0,0,0,0,14,48,1480
195,83,8.78,0,0,2.38,4.37,0,0,0,0.65,0,0.82,0,0,0,0,0,0,0,0,0,423,NA,0,950,0.5,30,"wq",20,820,0,0,0.25,640,8,0,"wq",0,0,0,0,0,0,0,14,48,1380
196,76.23,5,0,0,0,14.67,0,0,0,2.92,0,0,0,1.18,0,0,0,0,0,0,0,399,NA,0,900,0.5,70,"wq",10,860,0,0,0.25,450,8,0,"wq",0,0,0,0,0,0,0,14,48,1180
196,76.23,5,0,0,0,14.67,0,0,0,2.92,0,0,0,1.18,0,0,0,0,0,0,0,400,NA,0,900,0.5,70,"wq",10,860,0,0,0.25,450,16,0,"wq",0,0,0,0,0,0,0,14,48,1270
196,76.23,5,0,0,0,14.67,0,0,0,2.92,0,0,0,1.18,0,0,0,0,0,0,0,401,NA,0,900,0.5,70,"wq",10,860,0,0,0.01,538,0,0,"wq",0,0,0,0,0,0,0,14,48,1255
196,76.23,5,0,0,0,14.67,0,0,0,2.92,0,0,0,1.18,0,0,0,0,0,0,0,402,NA,0,900,0.5,70,"wq",10,860,0,0,0.25,0,16,0,"wq",0,0,0,0,0,0,0,14,48,975
196,76.23,5,0,0,0,14.67,0,0,0,2.92,0,0,0,1.18,0,0,0,0,0,0,0,403,NA,0,900,0.5,70,"wq",10,860,0,0,0.25,450,16,80,"wq",0,0,0,0,0,0,0,14,48,1730
196,76.23,5,0,0,0,14.67,0,0,0,2.92,0,0,0,1.18,0,0,0,0,0,0,0,404,NA,0,900,0.5,70,"wq",10,860,0,0,0.25,500,16,80,"wq",0,0,0,0,0,0,0,14,48,1317
196,76.23,5,0,0,0,14.67,0,0,0,2.92,0,0,0,1.18,0,0,0,0,0,0,0,405,NA,0,900,0.5,70,"wq",10,860,0,0,0.25,538,16,80,"wq",0,0,0,0,0,0,0,14,48,1210
196,76.23,5,0,0,0,14.67,0,0,0,2.92,0,0,0,1.18,0,0,0,0,0,0,0,406,NA,0,900,0.5,70,"wq",10,860,0,0,0.25,300,8,0,"wq",450,16,0,0,0,0,0,14,48,1330
196,76.23,5,0,0,0,14.67,0,0,0,2.92,0,0,0,1.18,0,0,0,0,0,0,0,407,NA,0,900,0.5,70,"wq",10,860,0,0,0.25,300,8,0,"wq",538,8,0,0,0,0,0,14,48,995
196,76.23,5,0,0,0,14.67,0,0,0,2.92,0,0,0,1.18,0,0,0,0,0,0,0,425,NA,0,900,0.5,70,"wq",10,700,0,0,0.25,538,16,0,"wq",0,0,0,0,0,0,0,14,48,1260
196,76.23,5,0,0,0,14.67,0,0,0,2.92,0,0,0,1.18,0,0,0,0,0,0,0,408,NA,0,900,0.5,70,"wq",10,860,0,0,0.25,300,8,0,"wq",538,16,0,0,0,0,0,14,48,1030
197,84.93,5.51,0,0,8.01,0,0,1.54,0,0,0,0,0,0,0,0,0,0,0,0,0,414,NA,0,900,0.5,80,"wq",10,880,0,0,0.25,300,8,0,"wq",520,8,0,0,0,0,0,14,48,1570
197,84.93,5.51,0,0,8.01,0,0,1.54,0,0,0,0,0,0,0,0,0,0,0,0,0,428,NA,0,900,0.5,80,"wq",10,800,0,0,0.25,520,16,0,"wq",0,0,0,0,0,0,0,14,48,1532
197,84.93,5.51,0,0,8.01,0,0,1.54,0,0,0,0,0,0,0,0,0,0,0,0,0,429,NA,0,900,0.5,80,"wq",10,800,0,0,0.25,538,8,0,"wq",0,0,0,0,0,0,0,14,48,1330
197,84.93,5.51,0,0,8.01,0,0,1.54,0,0,0,0,0,0,0,0,0,0,0,0,0,413,NA,0,900,0.5,80,"wq",10,880,0,0,0.25,538,8,0,"wq",0,0,0,0,0,0,0,14,48,1334
197,84.93,5.51,0,0,8.01,0,0,1.54,0,0,0,0,0,0,0,0,0,0,0,0,0,409,NA,0,900,0.5,80,"wq",10,880,0,0,0.25,500,8,0,"wq",0,0,0,0,0,0,0,14,48,1340
197,84.93,5.51,0,0,8.01,0,0,1.54,0,0,0,0,0,0,0,0,0,0,0,0,0,410,NA,0,900,0.5,80,"wq",10,880,0,0,0.25,520,8,0,"wq",0,0,0,0,0,0,0,14,48,1435
197,84.93,5.51,0,0,8.01,0,0,1.54,0,0,0,0,0,0,0,0,0,0,0,0,0,411,NA,0,900,0.5,80,"wq",10,880,0,0,0.03,520,8,0,"wq",0,0,0,0,0,0,0,14,48,1547
197,84.93,5.51,0,0,8.01,0,0,1.54,0,0,0,0,0,0,0,0,0,0,0,0,0,430,NA,0,900,0.5,80,"wq",10,800,0,0,0.25,300,8,0,"wq",520,8,0,0,0,0,0,14,48,1564
197,84.93,5.51,0,0,8.01,0,0,1.54,0,0,0,0,0,0,0,0,0,0,0,0,0,426,NA,0,900,0.5,80,"wq",10,800,0,0,0.25,520,8,0,"wq",0,0,0,0,0,0,0,14,48,1506
197,84.93,5.51,0,0,8.01,0,0,1.54,0,0,0,0,0,0,0,0,0,0,0,0,0,427,NA,0,900,0.5,80,"wq",10,800,0,0,0.03,520,8,0,"wq",0,0,0,0,0,0,0,14,48,1560
197,84.93,5.51,0,0,8.01,0,0,1.54,0,0,0,0,0,0,0,0,0,0,0,0,0,412,NA,0,900,0.5,80,"wq",10,880,0,0,0.25,520,16,0,"wq",0,0,0,0,0,0,0,14,48,1481
198,89.8,2.74,0,0,3.49,0,0,0,0,0,0,3.97,0,0,0,0,0,0,0,0,0,420,NA,0,850,0.5,70,"wq",20,815,0,0,20,560,8,0,"wq",0,0,0,0,0,0,0,14,48,1360
198,89.8,2.74,0,0,3.49,0,0,0,0,0,0,3.97,0,0,0,0,0,0,0,0,0,418,NA,0,850,0.5,70,"wq",20,815,0,0,20,538,8,0,"wq",0,0,0,0,0,0,0,14,48,1340
198,89.8,2.74,0,0,3.49,0,0,0,0,0,0,3.97,0,0,0,0,0,0,0,0,0,419,NA,0,850,0.5,70,"wq",20,815,0,0,0.25,560,8,0,"wq",0,0,0,0,0,0,0,14,48,1435
198,89.8,2.74,0,0,3.49,0,0,0,0,0,0,3.97,0,0,0,0,0,0,0,0,0,415,NA,0,850,0.5,70,"wq",20,815,0,0,0.25,520,8,0,"wq",0,0,0,0,0,0,0,14,48,1600
198,89.8,2.74,0,0,3.49,0,0,0,0,0,0,3.97,0,0,0,0,0,0,0,0,0,416,NA,0,850,0.5,70,"wq",20,815,0,0,20,520,8,0,"wq",0,0,0,0,0,0,0,14,48,1445
198,89.8,2.74,0,0,3.49,0,0,0,0,0,0,3.97,0,0,0,0,0,0,0,0,0,417,NA,0,850,0.5,70,"wq",20,815,0,0,0.25,538,8,0,"wq",0,0,0,0,0,0,0,14,48,1480
198,89.8,2.74,0,0,3.49,0,0,0,0,0,0,3.97,0,0,0,0,0,0,0,0,0,431,NA,0,850,0.5,70,"wq",20,780,0,0,0.25,520,8,0,"wq",0,0,0,0,0,0,0,14,48,1685
198,89.8,2.74,0,0,3.49,0,0,0,0,0,0,3.97,0,0,0,0,0,0,0,0,0,432,NA,0,850,0.5,70,"wq",20,780,0,0,20,520,8,0,"wq",0,0,0,0,0,0,0,14,48,1580
198,89.8,2.74,0,0,3.49,0,0,0,0,0,0,3.97,0,0,0,0,0,0,0,0,0,433,NA,0,850,0.5,70,"wq",20,780,0,0,0.25,538,8,0,"wq",0,0,0,0,0,0,0,14,48,1580
198,89.8,2.74,0,0,3.49,0,0,0,0,0,0,3.97,0,0,0,0,0,0,0,0,0,434,NA,0,850,0.5,70,"wq",20,780,0,0,20,538,8,0,"wq",0,0,0,0,0,0,0,14,48,1590
198,89.8,2.74,0,0,3.49,0,0,0,0,0,0,3.97,0,0,0,0,0,0,0,0,0,435,NA,0,850,0.5,70,"wq",20,780,0,0,0.25,560,8,0,"wq",0,0,0,0,0,0,0,14,48,1600
198,89.8,2.74,0,0,3.49,0,0,0,0,0,0,3.97,0,0,0,0,0,0,0,0,0,436,NA,0,850,0.5,70,"wq",20,780,0,0,20,560,8,0,"wq",0,0,0,0,0,0,0,14,48,1605
199,83.27,9.01,0,2.13,2.03,0,0,0,0,1.87,0,0.87,0,0.83,0,0,0,0,0,0,0,437,NA,0,0,0,0,"wq",0,0,0,0,0,0,0,0,"wq",0,0,0,0,0,0,0,14,49,1280
199,83.27,9.01,0,2.13,2.03,0,0,0,0,1.87,0,0.87,0,0.83,0,0,0,0,0,0,0,438,NA,0,0,0,0,"wq",0,0,0,0,0,0,0,0,"wq",0,0,0,0,0,0,0,14,49,1275
199,83.27,9.01,0,2.13,2.03,0,0,0,0,1.87,0,0.87,0,0.83,0,0,0,0,0,0,0,439,NA,0,0,0,0,"wq",0,0,0,0,0,0,0,0,"wq",0,0,0,0,0,0,0,14,49,1275
199,83.27,9.01,0,2.13,2.03,0,0,0,0,1.87,0,0.87,0,0.83,0,0,0,0,0,0,0,440,NA,0,0,0,0,"wq",0,0,0,0,0,0,0,0,"wq",0,0,0,0,0,0,0,14,49,1280
200,0.9953,0,0,0,0,0,0,0,0,0,0,0,0,0,0,0.0047,0,0,0,0,0,441,NA,0,0,0,0,"wq",0,0,0,0,0,0,0,0,"wq",0,0,0,0,0,0,0,15,50,363.47
201,0.9881,0,0,0,0,0,0,0,0,0,0,0,0,0,0,0.0119,0,0,0,0,0,442,NA,0,0,0,0,"wq",0,0,0,0,0,0,0,0,"wq",0,0,0,0,0,0,0,15,50,371.43
202,0.9752,0,0,0,0,0,0,0,0,0,0,0,0,0,0,0.0248,0,0,0,0,0,443,NA,0,0,0,0,"wq",0,0,0,0,0,0,0,0,"wq",0,0,0,0,0,0,0,15,50,520.73
203,0.9458,0,0,0,0,0,0,0,0,0,0,0,0,0,0,0.0542,0,0,0,0,0,444,NA,0,0,0,0,"wq",0,0,0,0,0,0,0,0,"wq",0,0,0,0,0,0,0,15,50,592.7
210,80.15,7.11,0,0,2.5,4.71,0,0,0,5.53,0,0,0,0,0,0,0,0,0,0,0,451,NA,0,730,0.5,0,"wq",0,0,0,0,0,0,0,0,"wq",0,0,0,0,0,0,0,14,52,972.98
210,80.15,7.11,0,0,2.5,4.71,0,0,0,5.53,0,0,0,0,0,0,0,0,0,0,0,452,NA,0,760,0.5,0,"wq",0,0,0,0,0,0,0,0,"wq",0,0,0,0,0,0,0,14,52,760.62
210,80.15,7.11,0,0,2.5,4.71,0,0,0,5.53,0,0,0,0,0,0,0,0,0,0,0,453,NA,0,800,0.5,0,"wq",0,0,0,0,0,0,0,0,"wq",0,0,0,0,0,0,0,14,52,873.38
210,80.15,7.11,0,0,2.5,4.71,0,0,0,5.53,0,0,0,0,0,0,0,0,0,0,0,454,NA,0,830,0.5,0,"wq",0,0,0,0,0,0,0,0,"wq",0,0,0,0,0,0,0,14,52,866.42
210,80.15,7.11,0,0,2.5,4.71,0,0,0,5.53,0,0,0,0,0,0,0,0,0,0,0,455,NA,0,730,0.5,0,"wq",0,460,6,0,0,0,0,0,"wq",0,0,0,0,0,0,0,14,52,1425.7
210,80.15,7.11,0,0,2.5,4.71,0,0,0,5.53,0,0,0,0,0,0,0,0,0,0,0,456,NA,0,760,0.5,0,"wq",0,480,6,0,0,0,0,0,"wq",0,0,0,0,0,0,0,14,52,1498.3
210,80.15,7.11,0,0,2.5,4.71,0,0,0,5.53,0,0,0,0,0,0,0,0,0,0,0,457,NA,0,800,0.5,0,"wq",0,500,6,0,0,0,0,0,"wq",0,0,0,0,0,0,0,14,52,1205.3
210,80.15,7.11,0,0,2.5,4.71,0,0,0,5.53,0,0,0,0,0,0,0,0,0,0,0,458,NA,0,830,0.5,0,"wq",0,520,6,0,0,0,0,0,"wq",0,0,0,0,0,0,0,14,52,1271.1
210,80.15,7.11,0,0,2.5,4.71,0,0,0,5.53,0,0,0,0,0,0,0,0,0,0,0,459,NA,0,730,0.5,0,"wq",0,460,6,0,0,0,0,0,"wq",0,0,0,0,0,0,0,14,52,1474.2
210,80.15,7.11,0,0,2.5,4.71,0,0,0,5.53,0,0,0,0,0,0,0,0,0,0,0,460,NA,0,760,0.5,0,"wq",0,480,6,0,0,0,0,0,"wq",0,0,0,0,0,0,0,14,52,1471.2
210,80.15,7.11,0,0,2.5,4.71,0,0,0,5.53,0,0,0,0,0,0,0,0,0,0,0,461,NA,0,800,0.5,0,"wq",0,500,6,0,0,0,0,0,"wq",0,0,0,0,0,0,0,14,52,1264.1
210,80.15,7.11,0,0,2.5,4.71,0,0,0,5.53,0,0,0,0,0,0,0,0,0,0,0,462,NA,0,830,0.5,0,"wq",0,520,6,0,0,0,0,0,"wq",0,0,0,0,0,0,0,14,52,1216.9
210,80.15,7.11,0,0,2.5,4.71,0,0,0,5.53,0,0,0,0,0,0,0,0,0,0,0,463,NA,0,730,0.5,0,"wq",0,460,6,0,0,0,0,0,"wq",0,0,0,0,0,0,0,14,52,1384
210,80.15,7.11,0,0,2.5,4.71,0,0,0,5.53,0,0,0,0,0,0,0,0,0,0,0,464,NA,0,760,0.5,0,"wq",0,480,6,0,0,0,0,0,"wq",0,0,0,0,0,0,0,14,52,1468.7
210,80.15,7.11,0,0,2.5,4.71,0,0,0,5.53,0,0,0,0,0,0,0,0,0,0,0,465,NA,0,800,0.5,0,"wq",0,500,6,0,0,0,0,0,"wq",0,0,0,0,0,0,0,14,52,1398.3
210,80.15,7.11,0,0,2.5,4.71,0,0,0,5.53,0,0,0,0,0,0,0,0,0,0,0,466,NA,0,830,0.5,0,"wq",0,520,6,0,0,0,0,0,"wq",0,0,0,0,0,0,0,14,52,1306.7
210,80.15,7.11,0,0,2.5,4.71,0,0,0,5.53,0,0,0,0,0,0,0,0,0,0,0,467,NA,0,730,0.5,0,"wq",0,460,6,0,0,0,0,0,"wq",0,0,0,0,0,0,0,14,52,1282.6
210,80.15,7.11,0,0,2.5,4.71,0,0,0,5.53,0,0,0,0,0,0,0,0,0,0,0,468,NA,0,760,0.5,0,"wq",0,480,6,0,0,0,0,0,"wq",0,0,0,0,0,0,0,14,52,1369.2
210,80.15,7.11,0,0,2.5,4.71,0,0,0,5.53,0,0,0,0,0,0,0,0,0,0,0,469,NA,0,800,0.5,0,"wq",0,500,6,0,0,0,0,0,"wq",0,0,0,0,0,0,0,14,52,1415.8
210,80.15,7.11,0,0,2.5,4.71,0,0,0,5.53,0,0,0,0,0,0,0,0,0,0,0,470,NA,0,830,0.5,0,"wq",0,520,6,0,0,0,0,0,"wq",0,0,0,0,0,0,0,14,52,1409.9
211,81.33,8.79,0,0,2.49,4.65,0,0,0,2.74,0,0,0,0,0,0,0,0,0,0,0,471,NA,0,885,1,0,"wq",0,450,4,0,0,0,0,0,"wq",0,0,0,0,0,0,0,14,53,1187
211,81.33,8.79,0,0,2.49,4.65,0,0,0,2.74,0,0,0,0,0,0,0,0,0,0,0,472,NA,0,885,1,0,"wq",0,550,4,0,0,0,0,0,"wq",0,0,0,0,0,0,0,14,53,1341
211,81.33,8.79,0,0,2.49,4.65,0,0,0,2.74,0,0,0,0,0,0,0,0,0,0,0,473,NA,0,885,1,0,"wq",0,600,4,0,0,0,0,0,"wq",0,0,0,0,0,0,0,14,53,1314
211,81.33,8.79,0,0,2.49,4.65,0,0,0,2.74,0,0,0,0,0,0,0,0,0,0,0,474,NA,0,885,1,0,"wq",0,650,4,0,0,0,0,0,"wq",0,0,0,0,0,0,0,14,53,1147
211,81.33,8.79,0,0,2.49,4.65,0,0,0,2.74,0,0,0,0,0,0,0,0,0,0,0,475,NA,0,825,4,0,"wq",0,450,4,0,0,0,0,0,"wq",0,0,0,0,0,0,0,14,53,1379
211,81.33,8.79,0,0,2.49,4.65,0,0,0,2.74,0,0,0,0,0,0,0,0,0,0,0,476,NA,0,825,4,0,"wq",0,550,4,0,0,0,0,0,"wq",0,0,0,0,0,0,0,14,53,1166
211,81.33,8.79,0,0,2.49,4.65,0,0,0,2.74,0,0,0,0,0,0,0,0,0,0,0,477,NA,0,825,4,0,"wq",0,600,4,0,0,0,0,0,"wq",0,0,0,0,0,0,0,14,53,1028
211,81.33,8.79,0,0,2.49,4.65,0,0,0,2.74,0,0,0,0,0,0,0,0,0,0,0,478,NA,0,825,4,0,"wq",0,650,4,0,0,0,0,0,"wq",0,0,0,0,0,0,0,14,53,1076
211,81.33,8.79,0,0,2.49,4.65,0,0,0,2.74,0,0,0,0,0,0,0,0,0,0,0,479,NA,0,800,4,0,"wq",0,450,4,0,0,0,0,0,"wq",0,0,0,0,0,0,0,14,53,1532
211,81.33,8.79,0,0,2.49,4.65,0,0,0,2.74,0,0,0,0,0,0,0,0,0,0,0,480,NA,0,800,4,0,"wq",0,550,4,0,0,0,0,0,"wq",0,0,0,0,0,0,0,14,53,1285
211,81.33,8.79,0,0,2.49,4.65,0,0,0,2.74,0,0,0,0,0,0,0,0,0,0,0,481,NA,0,800,4,0,"wq",0,600,4,0,0,0,0,0,"wq",0,0,0,0,0,0,0,14,53,1259
211,81.33,8.79,0,0,2.49,4.65,0,0,0,2.74,0,0,0,0,0,0,0,0,0,0,0,482,NA,0,800,4,0,"wq",0,650,4,0,0,0,0,0,"wq",0,0,0,0,0,0,0,14,53,1239
212,89.74,0,0,5.89,0,0,1.48,2.89,0,0,0,0,0,0,0,0,0,0,0,0,0,483,NA,0,0,0,0,"wq",0,0,0,0,0,0,0,0,"wq",0,0,0,0,0,0,0,13,54,1050
212,89.74,0,0,5.89,0,0,1.48,2.89,0,0,0,0,0,0,0,0,0,0,0,0,0,484,NA,0,0,0,95,"wq",0,850,0.5,0,0,0,0,0,"wq",0,0,0,0,0,0,0,13,54,700
213,95.84,0,0,0,4.16,0,0,0,0,0,0,0,0,0,0,0,0,0,0,0,0,485,NA,0,1000,2,94,"wq",0,900,0.5,0,0,0,0,0,"wq",0,0,0,0,0,0,0,13,55,743
214,94.48,0,0,0,4.24,0,0,0,0,0,0,0,0,1.28,0,0,0,0,0,0,0,486,NA,0,1000,2,94,"wq",0,900,0.5,0,0,0,0,0,"wq",0,0,0,0,0,0,0,13,55,768
215,93.54,0,0,0,4.29,0,0,0,0,0,0,0,0,2.17,0,0,0,0,0,0,0,487,NA,0,1000,2,94,"wq",0,900,0.5,0,0,0,0,0,"wq",0,0,0,0,0,0,0,13,55,743
216,92.58,0,0,0,4.35,0,0,0,0,0,0,0,0,3.07,0,0,0,0,0,0,0,488,NA,0,1000,2,94,"wq",0,900,0.5,0,0,0,0,0,"wq",0,0,0,0,0,0,0,13,55,738
217,91.59,0,0,0,4.4,0,0,0,0,0,0,0,0,4.01,0,0,0,0,0,0,0,489,NA,0,1000,2,94,"wq",0,900,0.5,0,0,0,0,0,"wq",0,0,0,0,0,0,0,13,55,813
218,90.58,0,0,0,4.46,0,0,0,0,0,0,0,0,4.96,0,0,0,0,0,0,0,490,NA,0,1000,2,94,"wq",0,900,0.5,0,0,0,0,0,"wq",0,0,0,0,0,0,0,13,55,827
219,89.54,0,0,0,4.52,0,0,0,0,0,0,0,0,5.94,0,0,0,0,0,0,0,491,NA,0,1000,2,94,"wq",0,900,0.5,0,0,0,0,0,"wq",0,0,0,0,0,0,0,13,55,899
220,88.47,0,0,0,4.58,0,0,0,0,0,0,0,0,6.95,0,0,0,0,0,0,0,492,NA,0,1000,2,94,"wq",0,900,0.5,0,0,0,0,0,"wq",0,0,0,0,0,0,0,13,55,801
222,78.16,0,0,15.38,0,0,0,2.52,0,0,0,0,0,3.94,0,0,0,0,0,0,0,505,NA,0,0,0,0,"wq",0,0,0,0,0,0,0,0,"wq",0,0,0,0,0,0,0,14,57,665
222,78.16,0,0,15.38,0,0,0,2.52,0,0,0,0,0,3.94,0,0,0,0,0,0,0,506,NA,0,0,0,0,"wq",0,0,0,0,0,0,0,0,"wq",0,0,0,0,0,0,0,14,57,830
222,78.16,0,0,15.38,0,0,0,2.52,0,0,0,0,0,3.94,0,0,0,0,0,0,0,507,NA,0,0,0,0,"wq",0,0,0,0,0,0,0,0,"wq",0,0,0,0,0,0,0,14,57,755
236,97.36,0,0,0,0,0,0,2.64,0,0,0,0,0,0,0,0,0,0,0,0,0,526,20,0,0,0,0,"wq",0,0,0,0,0,0,0,0,"wq",0,0,0,0,0,0,0,13,60,1453.53
237,96.83,0,0,0,0.51,0,0,2.66,0,0,0,0,0,0,0,0,0,0,0,0,0,527,20,0,0,0,0,"wq",0,0,0,0,0,0,0,0,"wq",0,0,0,0,0,0,0,13,60,1596.37
238,95.76,0,0,0,1.56,0,0,2.68,0,0,0,0,0,0,0,0,0,0,0,0,0,528,20,0,0,0,0,"wq",0,0,0,0,0,0,0,0,"wq",0,0,0,0,0,0,0,13,60,1680.29
239,94.67,0,0,0,2.62,0,0,2.71,0,0,0,0,0,0,0,0,0,0,0,0,0,529,20,0,0,0,0,"wq",0,0,0,0,0,0,0,0,"wq",0,0,0,0,0,0,0,13,60,1548.62
240,93.27,0,0,0,3.99,0,0,2.74,0,0,0,0,0,0,0,0,0,0,0,0,0,530,20,0,0,0,0,"wq",0,0,0,0,0,0,0,0,"wq",0,0,0,0,0,0,0,13,60,1695.33
241,91.83,0,0,0,5.39,0,0,2.78,0,0,0,0,0,0,0,0,0,0,0,0,0,531,20,0,0,0,0,"wq",0,0,0,0,0,0,0,0,"wq",0,0,0,0,0,0,0,13,60,1791.06
242,90.35,0,0,0,6.83,0,0,2.82,0,0,0,0,0,0,0,0,0,0,0,0,0,532,20,0,0,0,0,"wq",0,0,0,0,0,0,0,0,"wq",0,0,0,0,0,0,0,13,60,1533.9
243,88.83,0,0,0,8.31,0,0,2.86,0,0,0,0,0,0,0,0,0,0,0,0,0,533,20,0,0,0,0,"wq",0,0,0,0,0,0,0,0,"wq",0,0,0,0,0,0,0,13,60,1813.92
249,0.8133,0.088,0,0,0.0247,0.0466,0,0,0,0.0274,0,0,0,0,0,0,0,0,0,0,0,544,NA,0,0,0,0,"wq",0,0,0,0,0,0,0,0,"wq",0,0,0,0,0,0,0,15,62,1220
250,0.9529,0,0,0,0,0.0471,0,0,0,0,0,0,0,0,0,0,0,0,0,0,0,545,NA,0,0,4,0,"10",0,0,0,0,0,0,0,0,"wq",0,0,0,0,0,0,0,15,63,854.64
251,0.9055,0,0,0,0,0.0945,0,0,0,0,0,0,0,0,0,0,0,0,0,0,0,546,NA,0,0,4,0,"10",0,0,0,0,0,0,0,0,"wq",0,0,0,0,0,0,0,15,63,881.26
252,0.8578,0,0,0,0,0.1422,0,0,0,0,0,0,0,0,0,0,0,0,0,0,0,547,NA,0,0,4,0,"10",0,0,0,0,0,0,0,0,"wq",0,0,0,0,0,0,0,15,63,694.29
253,0.8098,0,0,0,0,0.1902,0,0,0,0,0,0,0,0,0,0,0,0,0,0,0,548,NA,0,0,4,0,"10",0,0,0,0,0,0,0,0,"wq",0,0,0,0,0,0,0,15,63,599.8
254,97.36,0,0,0,0,0,0,2.64,0,0,0,0,0,0,0,0,0,0,0,0,0,549,20,0,0,0,0,"wq",0,0,0,0,0,0,0,0,"wq",0,0,0,0,0,0,0,13,64,1221.77
255,96.48,0,0,0,0,0,0,2.64,0,0,0,0.88,0,0,0,0,0,0,0,0,0,550,20,0,0,0,0,"wq",0,0,0,0,0,0,0,0,"wq",0,0,0,0,0,0,0,13,64,1642.71
256,95.59,0,0,0,0,0,0,2.65,0,0,0,1.76,0,0,0,0,0,0,0,0,0,551,20,0,0,0,0,"wq",0,0,0,0,0,0,0,0,"wq",0,0,0,0,0,0,0,13,64,2109.86
257,94.7,0,0,0,0,0,0,2.65,0,0,0,2.65,0,0,0,0,0,0,0,0,0,552,20,0,0,0,0,"wq",0,0,0,0,0,0,0,0,"wq",0,0,0,0,0,0,0,13,64,1463.04
258,93.81,0,0,0,0,0,0,2.66,0,0,0,3.53,0,0,0,0,0,0,0,0,0,553,20,0,0,0,0,"wq",0,0,0,0,0,0,0,0,"wq",0,0,0,0,0,0,0,13,64,1740.25
259,92.92,0,0,0,0,0,0,2.66,0,0,0,4.42,0,0,0,0,0,0,0,0,0,554,20,0,0,0,0,"wq",0,0,0,0,0,0,0,0,"wq",0,0,0,0,0,0,0,13,64,2453.79
260,97.36,0,0,0,0,0,0,2.64,0,0,0,0,0,0,0,0,0,0,0,0,0,555,20,0,0,0,0,"wq",0,0,0,0,0,0,0,0,"wq",0,0,0,0,0,0,0,13,65,1174.37
261,96.41,0,0,0,0,0,0,2.64,0,0.94,0,0,0,0,0,0,0,0,0,0,0,556,20,0,0,0,0,"wq",0,0,0,0,0,0,0,0,"wq",0,0,0,0,0,0,0,13,65,1547.18
262,94.52,0,0,0,0,0,0,2.65,0,2.84,0,0,0,0,0,0,0,0,0,0,0,557,20,0,0,0,0,"wq",0,0,0,0,0,0,0,0,"wq",0,0,0,0,0,0,0,13,65,2055.15
263,92.61,0,0,0,0,0,0,2.65,0,4.74,0,0,0,0,0,0,0,0,0,0,0,558,20,0,0,0,0,"wq",0,0,0,0,0,0,0,0,"wq",0,0,0,0,0,0,0,13,65,1449.32
264,90.7,0,0,0,0,0,0,2.66,0,6.64,0,0,0,0,0,0,0,0,0,0,0,559,20,0,0,0,0,"wq",0,0,0,0,0,0,0,0,"wq",0,0,0,0,0,0,0,13,65,2166.99
265,88.79,0,0,0,0,0,0,2.66,0,8.55,0,0,0,0,0,0,0,0,0,0,0,560,20,0,0,0,0,"wq",0,0,0,0,0,0,0,0,"wq",0,0,0,0,0,0,0,13,65,1873.39
266,86.86,0,0,0,0,0,0,2.66,0,10.47,0,0,0,0,0,0,0,0,0,0,0,561,20,0,0,0,0,"wq",0,0,0,0,0,0,0,0,"wq",0,0,0,0,0,0,0,13,65,1826.79
267,84.94,0,0,0,0,0,0,2.67,0,12.4,0,0,0,0,0,0,0,0,0,0,0,562,20,0,0,0,0,"wq",0,0,0,0,0,0,0,0,"wq",0,0,0,0,0,0,0,13,65,1882.72
268,81.35,6.31,0,0,2.54,5.73,0,0,0,2.81,0,0.44,0,0.82,0,0,0,0,0,0,0,563,NA,0,980,2,83.6,"wq",0,760,1.5,65.1,0,775,1,0,"wq",440,8,0,0,0,0,0,14,66,1712.8
268,81.35,6.31,0,0,2.54,5.73,0,0,0,2.81,0,0.44,0,0.82,0,0,0,0,0,0,0,564,NA,0,980,2,83.6,"wq",0,760,1.5,65.1,0,775,1,0,"wq",480,8,0,0,0,0,0,14,66,1641.7
268,81.35,6.31,0,0,2.54,5.73,0,0,0,2.81,0,0.44,0,0.82,0,0,0,0,0,0,0,565,NA,0,980,2,83.6,"wq",0,760,1.5,65.1,0,775,1,0,"wq",520,8,0,0,0,0,0,14,66,1487.7
268,81.35,6.31,0,0,2.54,5.73,0,0,0,2.81,0,0.44,0,0.82,0,0,0,0,0,0,0,566,NA,0,980,2,83.6,"wq",0,760,1.5,65.1,0,775,1,0,"wq",560,8,0,0,0,0,0,14,66,1410.3
268,81.35,6.31,0,0,2.54,5.73,0,0,0,2.81,0,0.44,0,0.82,0,0,0,0,0,0,0,567,NA,0,980,2,83.6,"wq",0,760,1.5,65.1,0,830,0.5,0,"wq",440,8,0,0,0,0,0,14,66,1706
268,81.35,6.31,0,0,2.54,5.73,0,0,0,2.81,0,0.44,0,0.82,0,0,0,0,0,0,0,568,NA,0,980,2,83.6,"wq",0,760,1.5,65.1,0,830,0.5,0,"wq",480,8,0,0,0,0,0,14,66,1524.7
268,81.35,6.31,0,0,2.54,5.73,0,0,0,2.81,0,0.44,0,0.82,0,0,0,0,0,0,0,569,NA,0,980,2,83.6,"wq",0,760,1.5,65.1,0,830,0.5,0,"wq",520,8,0,0,0,0,0,14,66,1440.2
268,81.35,6.31,0,0,2.54,5.73,0,0,0,2.81,0,0.44,0,0.82,0,0,0,0,0,0,0,570,NA,0,980,2,83.6,"wq",0,760,1.5,65.1,0,830,0.5,0,"wq",560,8,0,0,0,0,0,14,66,1284.5
275,0.8133,0.088,0,0,0.0247,0.0466,0,0,0,0.0274,0,0,0,0,0,0,0,0,0,0,0,578,NA,0,900,1,0,"wq",0,0,0,0,0,0,0,0,"wq",0,0,0,0,0,0,0,15,69,814
276,0.8071,0.0877,0,0,0.0247,0.0465,0,0,0,0.0273,0,0,0,0,0,0,0,0,0,0.0067,0,585,NA,0,900,1,0,"wq",0,0,0,0,0,0,0,0,"wq",0,0,0,0,0,0,0,15,69,781.5
277,71.95,0,0,0,0,0,9.52,18.53,0,0,0,0,0,0,0,0,0,0,0,0,0,613,20,0,950,20,80,"wq",0,850,0.5,0,0,0,0,0,"wq",0,0,0,0,0,0,0,13,70,530
278,86.2,10.2,0,0,0,3.6,0,0,0,0,0,0,0,0,0,0,0,0,0,0,0,614,NA,0,0,0,0,"wq",0,0,0,0,0,0,0,0,"wq",0,0,0,0,0,0,0,13,70,860
279,52.58,0,0,26.69,0,0,0,20.73,0,0,0,0,0,0,0,0,0,0,0,0,0,615,NA,0,890,1,20,"wq",0,0,0,0,0,0,0,0,"wq",0,0,0,0,0,0,0,13,71,765.19
279,52.58,0,0,26.69,0,0,0,20.73,0,0,0,0,0,0,0,0,0,0,0,0,0,616,NA,0,890,1,56,"wq",0,0,0,0,0,0,0,0,"wq",0,0,0,0,0,0,0,13,71,777.79
279,52.58,0,0,26.69,0,0,0,20.73,0,0,0,0,0,0,0,0,0,0,0,0,0,617,NA,0,890,1,76,"wq",0,0,0,0,0,0,0,0,"wq",0,0,0,0,0,0,0,13,71,859.53
279,52.58,0,0,26.69,0,0,0,20.73,0,0,0,0,0,0,0,0,0,0,0,0,0,618,NA,0,890,1,86,"wq",0,0,0,0,0,0,0,0,"wq",0,0,0,0,0,0,0,13,71,947.37
279,52.58,0,0,26.69,0,0,0,20.73,0,0,0,0,0,0,0,0,0,0,0,0,0,619,NA,0,890,1,86,"wq",0,890,1,0,0,0,0,0,"wq",0,0,0,0,0,0,0,13,71,644.71
280,84.15,0,0,2.45,0,0,0,9.63,0,0,0,0,0,3.77,0,0,0,0,0,0,0,620,NA,0,850,0.5,0,"wq",0,850,1.5,0,0,0,0,0,"wq",0,0,0,0,0,0,0,13,72,752
281,81.31,0,0,2.51,0,0,0,12.32,0,0,0,0,0,3.86,0,0,0,0,0,0,0,621,NA,0,850,0.5,0,"wq",0,850,1.5,0,0,0,0,0,"wq",0,0,0,0,0,0,0,13,72,735
282,78.34,0,0,2.57,0,0,0,15.14,0,0,0,0,0,3.95,0,0,0,0,0,0,0,622,NA,0,850,0.5,0,"wq",0,850,1.5,0,0,0,0,0,"wq",0,0,0,0,0,0,0,13,72,674
283,75.23,0,0,2.63,0,0,0,18.09,0,0,0,0,0,4.05,0,0,0,0,0,0,0,623,NA,0,850,0.5,0,"wq",0,850,1.5,0,0,0,0,0,"wq",0,0,0,0,0,0,0,13,72,570
284,68.53,0,0,2.77,0,0,0,24.45,0,0,0,0,0,4.25,0,0,0,0,0,0,0,624,NA,0,850,0.5,0,"wq",0,850,1.5,0,0,0,0,0,"wq",0,0,0,0,0,0,0,13,72,557
285,92.85,0,0,0,0,0,0,7.15,0,0,0,0,0,0,0,0,0,0,0,0,0,625,100,0,0,0,0,"wq",0,0,0,0,0,0,0,0,"wq",0,0,0,0,0,0,0,13,73,799.98
286,83.31,0,0,0,0,0,0,16.69,0,0,0,0,0,0,0,0,0,0,0,0,0,626,100,0,0,0,0,"wq",0,0,0,0,0,0,0,0,"wq",0,0,0,0,0,0,0,13,73,778.33
290,0.76,0,0,0,0,0,0,0.24,0,0,0,0,0,0,0,0,0,0,0,0,0,631,NA,0,900,6,0,"wq",0,800,0,0,0,800,1,88,"wq",400,0.667,0,0,0,0,0,15,75,1020
309,0.8553,0,0,0,0.0683,0,0,0.0764,0,0,0,0,0,0,0,0,0,0,0,0,0,655,40,0,1000,24,0,"wq",0,900,0,80,0,500,24,0,"wq",0,0,0,0,0,0,0,15,80,1111
311,0.54,0,0,0.25,0.03,0,0.03,0.15,0,0,0,0,0,0,0,0,0,0,0,0,0,659,NA,0,1000,2,40,"wq",0,950,0.5,90,0,950,0.5,0,"wq",0,0,0,0,0,0,0,15,81,742
311,0.54,0,0,0.25,0.03,0,0.03,0.15,0,0,0,0,0,0,0,0,0,0,0,0,0,668,NA,0,1000,2,40,"wq",0,950,0.5,90,0,0,0,0,"wq",0,0,0,0,0,0,0,15,81,1094
312,0.62,0,0,0.15,0,0,0.14,0.08,0,0.01,0,0,0,0,0,0,0,0,0,0,0,662,NA,0,1000,2,40,"wq",0,950,0.5,90,0,950,0.5,0,"wq",0,0,0,0,0,0,0,15,81,672
312,0.62,0,0,0.15,0,0,0.14,0.08,0,0.01,0,0,0,0,0,0,0,0,0,0,0,669,NA,0,1000,2,40,"wq",0,950,0.5,90,0,0,0,0,"wq",0,0,0,0,0,0,0,15,81,959
313,0.71,0,0,0.05,0,0,0.2,0.04,0,0,0,0,0,0,0,0,0,0,0,0,0,665,NA,0,1000,2,40,"wq",0,950,0.5,90,0,950,0.5,0,"wq",0,0,0,0,0,0,0,15,81,58
313,0.71,0,0,0.05,0,0,0.2,0.04,0,0,0,0,0,0,0,0,0,0,0,0,0,670,NA,0,1000,2,40,"wq",0,950,0.5,90,0,0,0,0,"wq",0,0,0,0,0,0,0,15,81,936
314,78.25,0,0,2.6,0,0,0,15.09,0,0,0,0,0,4.06,0,0,0,0,0,0,0,676,NA,0,0,0,94,"wq",0,900,0.5,0,0,0,0,0,"wq",0,0,0,0,0,0,0,14,82,870
314,78.25,0,0,2.6,0,0,0,15.09,0,0,0,0,0,4.06,0,0,0,0,0,0,0,677,NA,0,0,0,94,"wq",0,700,0.05,0,0,0,0,0,"wq",0,0,0,0,0,0,0,14,82,990
323,85.34,0,0,0,0,0,0,14.66,0,0,0,0,0,0,0,0,0,0,0,0,0,695,NA,0,0,0,0,"wq",0,0,0,0,0,0,0,0,"wq",0,0,0,0,0,0,0,13,86,1784.98
324,84.78,0,0,0,0,0,0,14.76,0,0,0,0,0,0.46,0,0,0,0,0,0,0,696,NA,0,0,0,0,"wq",0,0,0,0,0,0,0,0,"wq",0,0,0,0,0,0,0,13,86,1910.75
325,83.63,0,0,0,0,0,0,14.96,0,0,0,0,0,1.41,0,0,0,0,0,0,0,697,NA,0,0,0,0,"wq",0,0,0,0,0,0,0,0,"wq",0,0,0,0,0,0,0,13,86,1829.62
326,82.45,0,0,0,0,0,0,15.17,0,0,0,0,0,2.38,0,0,0,0,0,0,0,698,NA,0,0,0,0,"wq",0,0,0,0,0,0,0,0,"wq",0,0,0,0,0,0,0,13,86,1886.41
327,81.24,0,0,0,0,0,0,15.39,0,0,0,0,0,3.37,0,0,0,0,0,0,0,699,NA,0,0,0,0,"wq",0,0,0,0,0,0,0,0,"wq",0,0,0,0,0,0,0,13,86,1326.57
328,80.62,0,0,0,0,0,0,15.5,0,0,0,0,0,3.88,0,0,0,0,0,0,0,700,NA,0,0,0,0,"wq",0,0,0,0,0,0,0,0,"wq",0,0,0,0,0,0,0,13,86,961.46
329,79.99,0,0,0,0,0,0,15.61,0,0,0,0,0,4.4,0,0,0,0,0,0,0,701,NA,0,0,0,0,"wq",0,0,0,0,0,0,0,0,"wq",0,0,0,0,0,0,0,13,86,1091.28
330,79.35,0,0,0,0,0,0,15.72,0,0,0,0,0,4.93,0,0,0,0,0,0,0,702,NA,0,0,0,0,"wq",0,0,0,0,0,0,0,0,"wq",0,0,0,0,0,0,0,13,86,1172.41
331,78.71,0,0,0,0,0,0,15.84,0,0,0,0,0,5.45,0,0,0,0,0,0,0,703,NA,0,0,0,0,"wq",0,0,0,0,0,0,0,0,"wq",0,0,0,0,0,0,0,13,86,1249.49
332,77.38,0,0,0,0,0,0,16.08,0,0,0,0,0,6.54,0,0,0,0,0,0,0,704,NA,0,0,0,0,"wq",0,0,0,0,0,0,0,0,"wq",0,0,0,0,0,0,0,13,86,1663.29
333,76.02,0,0,0,0,0,0,16.32,0,0,0,0,0,7.66,0,0,0,0,0,0,0,705,NA,0,0,0,0,"wq",0,0,0,0,0,0,0,0,"wq",0,0,0,0,0,0,0,13,86,1772.82
334,50,0,0,50,0,0,0,0,0,0,0,0,0,0,0,0,0,0,0,0,0,706,NA,0,0,0,0,"wq",0,0,0,0,0,0,0,0,"wq",0,0,0,0,0,0,0,13,87,1870.2
335,47.5,0,0,47.5,0,0,0,5,0,0,0,0,0,0,0,0,0,0,0,0,0,707,NA,0,0,0,0,"wq",0,0,0,0,0,0,0,0,"wq",0,0,0,0,0,0,0,13,87,2043.2
336,45,0,0,45,0,0,0,10,0,0,0,0,0,0,0,0,0,0,0,0,0,708,NA,0,0,0,0,"wq",0,0,0,0,0,0,0,0,"wq",0,0,0,0,0,0,0,13,87,2096.7
337,40,0,0,40,0,0,0,20,0,0,0,0,0,0,0,0,0,0,0,0,0,709,NA,0,0,0,0,"wq",0,0,0,0,0,0,0,0,"wq",0,0,0,0,0,0,0,13,87,2413.6
338,33.33,0,0,33.33,0,0,0,33.34,0,0,0,0,0,0,0,0,0,0,0,0,0,710,NA,0,0,0,0,"wq",0,0,0,0,0,0,0,0,"wq",0,0,0,0,0,0,0,13,87,2914.7
339,76.47,5.35,0,0,0,14.18,0,0,0,2.78,0,0,0,1.22,0,0,0,0,0,0,0,711,NA,0,850,1,0,"wq",0,300,10,0,0,0,0,0,"wq",0,0,0,0,0,0,0,14,88,798
339,76.47,5.35,0,0,0,14.18,0,0,0,2.78,0,0,0,1.22,0,0,0,0,0,0,0,712,NA,0,0,0,0,"wq",0,0,0,0,0,500,8,0,"wq",0,0,0,0,0,0,0,14,88,1155
339,76.47,5.35,0,0,0,14.18,0,0,0,2.78,0,0,0,1.22,0,0,0,0,0,0,0,713,NA,0,0,0,0,"wq",0,0,0,0,0,500,10,0,"wq",0,0,0,0,0,0,0,14,88,1193
339,76.47,5.35,0,0,0,14.18,0,0,0,2.78,0,0,0,1.22,0,0,0,0,0,0,0,714,NA,0,0,0,0,"wq",0,0,0,0,0,250,24,0,"wq",500,8,0,0,0,0,0,14,88,1246
339,76.47,5.35,0,0,0,14.18,0,0,0,2.78,0,0,0,1.22,0,0,0,0,0,0,0,715,NA,0,0,0,0,"wq",0,0,0,0,0,300,10,0,"wq",500,10,0,0,0,0,0,14,88,1226
340,83.29,8.84,0,2.33,2.04,0,0,0,0,1.87,0,0.81,0,0.82,0,0,0,0,0,0,0,716,NA,0,920,0.25,0,"wq",0,0,0,0,0,0,0,0,"wq",0,0,0,0,0,0,0,14,89,1025
340,83.29,8.84,0,2.33,2.04,0,0,0,0,1.87,0,0.81,0,0.82,0,0,0,0,0,0,0,717,NA,0,920,1,0,"wq",0,0,0,0,0,0,0,0,"wq",0,0,0,0,0,0,0,14,89,1010
340,83.29,8.84,0,2.33,2.04,0,0,0,0,1.87,0,0.81,0,0.82,0,0,0,0,0,0,0,718,NA,0,850,0.25,0,"wq",0,0,0,0,0,0,0,0,"wq",0,0,0,0,0,0,0,14,89,1115
340,83.29,8.84,0,2.33,2.04,0,0,0,0,1.87,0,0.81,0,0.82,0,0,0,0,0,0,0,719,NA,0,850,1,0,"wq",0,0,0,0,0,0,0,0,"wq",0,0,0,0,0,0,0,14,89,1070
340,83.29,8.84,0,2.33,2.04,0,0,0,0,1.87,0,0.81,0,0.82,0,0,0,0,0,0,0,720,NA,0,920,1,0,"wq",0,850,1,0,0,0,0,0,"wq",0,0,0,0,0,0,0,14,89,960
352,97.44,0,0,0,2.56,0,0,0,0,0,0,0,0,0,0,0,0,0,0,0,0,732,NA,0,0,0,0,"wq",0,0,0,0,0,0,0,0,"wq",0,0,0,0,0,0,0,13,93,2036.4
353,96.49,0,0,0,2.56,0,0,0,0,0.95,0,0,0,0,0,0,0,0,0,0,0,733,NA,0,0,0,0,"wq",0,0,0,0,0,0,0,0,"wq",0,0,0,0,0,0,0,13,93,1805.14
354,95.55,0,0,0,2.56,0,0,0,0,1.89,0,0,0,0,0,0,0,0,0,0,0,734,NA,0,0,0,0,"wq",0,0,0,0,0,0,0,0,"wq",0,0,0,0,0,0,0,13,93,2331.91
355,94.6,0,0,0,2.56,0,0,0,0,2.84,0,0,0,0,0,0,0,0,0,0,0,735,NA,0,0,0,0,"wq",0,0,0,0,0,0,0,0,"wq",0,0,0,0,0,0,0,13,93,1695.93
356,93.64,0,0,0,2.57,0,0,0,0,3.79,0,0,0,0,0,0,0,0,0,0,0,736,NA,0,0,0,0,"wq",0,0,0,0,0,0,0,0,"wq",0,0,0,0,0,0,0,13,93,2113.5
357,92.69,0,0,0,2.57,0,0,0,0,4.74,0,0,0,0,0,0,0,0,0,0,0,737,NA,0,0,0,0,"wq",0,0,0,0,0,0,0,0,"wq",0,0,0,0,0,0,0,13,93,2852.24
358,90.78,0,0,0,2.57,0,0,0,0,6.65,0,0,0,0,0,0,0,0,0,0,0,738,NA,0,0,0,0,"wq",0,0,0,0,0,0,0,0,"wq",0,0,0,0,0,0,0,13,93,2094.3
359,88.86,0,0,0,2.58,0,0,0,0,8.56,0,0,0,0,0,0,0,0,0,0,0,739,NA,0,0,0,0,"wq",0,0,0,0,0,0,0,0,"wq",0,0,0,0,0,0,0,13,93,2197
363,0.91,0,0.03,0,0.06,0,0,0,0,0,0,0,0,0,0,0,0,0,0,0,0,753,NA,0,0,0,95,"wq",0,400,1,0,0,0,0,0,"wq",0,0,0,0,0,0,0,15,95,431
363,0.91,0,0.03,0,0.06,0,0,0,0,0,0,0,0,0,0,0,0,0,0,0,0,754,NA,0,0,0,95,"wq",0,500,1,0,0,0,0,0,"wq",0,0,0,0,0,0,0,15,95,421
363,0.91,0,0.03,0,0.06,0,0,0,0,0,0,0,0,0,0,0,0,0,0,0,0,755,NA,0,0,0,95,"wq",0,600,1,0,0,0,0,0,"wq",0,0,0,0,0,0,0,15,95,912
363,0.91,0,0.03,0,0.06,0,0,0,0,0,0,0,0,0,0,0,0,0,0,0,0,756,NA,0,0,0,95,"wq",0,700,1,0,0,0,0,0,"wq",0,0,0,0,0,0,0,15,95,802
363,0.91,0,0.03,0,0.06,0,0,0,0,0,0,0,0,0,0,0,0,0,0,0,0,757,NA,0,0,0,95,"wq",0,800,1,0,0,0,0,0,"wq",0,0,0,0,0,0,0,15,95,621
363,0.91,0,0.03,0,0.06,0,0,0,0,0,0,0,0,0,0,0,0,0,0,0,0,758,NA,0,0,0,95,"wq",0,900,1,0,0,0,0,0,"wq",0,0,0,0,0,0,0,15,95,600
363,0.91,0,0.03,0,0.06,0,0,0,0,0,0,0,0,0,0,0,0,0,0,0,0,759,NA,0,0,0,95,"wq",0,1000,1,0,0,0,0,0,"wq",0,0,0,0,0,0,0,15,95,611
363,0.91,0,0.03,0,0.06,0,0,0,0,0,0,0,0,0,0,0,0,0,0,0,0,760,NA,0,0,0,95,"wq",0,800,0.017,0,0,0,0,0,"wq",0,0,0,0,0,0,0,15,95,750.5
363,0.91,0,0.03,0,0.06,0,0,0,0,0,0,0,0,0,0,0,0,0,0,0,0,761,NA,0,0,0,95,"wq",0,800,0.033,0,0,0,0,0,"wq",0,0,0,0,0,0,0,15,95,799
363,0.91,0,0.03,0,0.06,0,0,0,0,0,0,0,0,0,0,0,0,0,0,0,0,762,NA,0,0,0,95,"wq",0,800,0.167,0,0,0,0,0,"wq",0,0,0,0,0,0,0,15,95,721
363,0.91,0,0.03,0,0.06,0,0,0,0,0,0,0,0,0,0,0,0,0,0,0,0,763,NA,0,0,0,95,"wq",0,800,0.5,0,0,0,0,0,"wq",0,0,0,0,0,0,0,15,95,651
368,94.49,0,0,5.51,0,0,0,0,0,0,0,0,0,0,0,0,0,0,0,0,0,764,NA,0,0,0,0,"wq",0,0,0,0,0,0,0,0,"wq",0,0,0,0,0,0,0,13,96,988.39
369,93.92,0,0,5.54,0,0,0,0.54,0,0,0,0,0,0,0,0,0,0,0,0,0,765,NA,0,0,0,0,"wq",0,0,0,0,0,0,0,0,"wq",0,0,0,0,0,0,0,13,96,947.09
370,93.93,0,0,5.54,0.53,0,0,0,0,0,0,0,0,0,0,0,0,0,0,0,0,766,NA,0,0,0,0,"wq",0,0,0,0,0,0,0,0,"wq",0,0,0,0,0,0,0,13,96,1174.19
371,93.52,0,0,5.51,0,0,0,0,0,0.97,0,0,0,0,0,0,0,0,0,0,0,767,NA,0,0,0,0,"wq",0,0,0,0,0,0,0,0,"wq",0,0,0,0,0,0,0,13,96,1083.87
372,93.58,0,0,5.52,0,0,0,0,0,0,0,0.9,0,0,0,0,0,0,0,0,0,768,NA,0,0,0,0,"wq",0,0,0,0,0,0,0,0,"wq",0,0,0,0,0,0,0,13,96,1076.13
376,88.27,7.96,0,0,3.77,0,0,0,0,0,0,0,0,0,0,0,0,0,0,0,0,772,NA,0,1200,2,0,"wq",0,900,0,0,0,900,1,0,"wq",25,0,0,0,0,0,0,14,98,788
376,88.27,7.96,0,0,3.77,0,0,0,0,0,0,0,0,0,0,0,0,0,0,0,0,773,NA,0,1200,2,0,"wq",0,900,0,0,0,900,1,0,"wq",-196,0,0,0,0,0,0,14,98,1055
376,88.27,7.96,0,0,3.77,0,0,0,0,0,0,0,0,0,0,0,0,0,0,0,0,774,NA,0,1200,2,0,"wq",0,900,0,0,0,900,1,0,"wq",-253,0,0,0,0,0,0,14,98,1432
377,84.55,0,0,7.79,0,0,0,7.65,0,0,0,0,0,0,0,0,0,0,0,0,0,775,NA,0,0,0,0,"wq",0,0,0,0,0,0,0,0,"wq",0,0,0,0,0,0,0,14,99,787.83
377,84.55,0,0,7.79,0,0,0,7.65,0,0,0,0,0,0,0,0,0,0,0,0,0,776,NA,0,900,1,0,"wq",0,25,0,0,0,0,0,0,"wq",0,0,0,0,0,0,0,14,99,605.32
377,84.55,0,0,7.79,0,0,0,7.65,0,0,0,0,0,0,0,0,0,0,0,0,0,777,NA,0,900,1,0,"wq",0,-30,0,0,0,0,0,0,"wq",0,0,0,0,0,0,0,14,99,571.86
377,84.55,0,0,7.79,0,0,0,7.65,0,0,0,0,0,0,0,0,0,0,0,0,0,778,NA,0,660,1,0,"wq",0,25,0,0,0,0,0,0,"wq",0,0,0,0,0,0,0,14,99,559.7
378,0.756,0,0,0,0,0,0,0.2392,0,0,0,0,0,0,0,0,0.0048,0,0,0,0,779,NA,0,0,0,80,"wq",0,0,1,0,0,0,0,0,"wq",0,0,0,0,0,0,0,15,100,480
379,0.7527,0,0,0,0,0,0,0.2386,0,0,0,0,0,0,0,0,0.0087,0,0,0,0,780,NA,0,0,0,80,"wq",0,0,1,0,0,0,0,0,"wq",0,0,0,0,0,0,0,15,100,575
380,0.746,0,0,0,0,0,0,0.2373,0,0,0,0,0,0,0,0,0.0167,0,0,0,0,781,NA,0,0,0,80,"wq",0,0,1,0,0,0,0,0,"wq",0,0,0,0,0,0,0,15,100,780
381,0.7443,0,0,0,0,0,0,0.2557,0,0,0,0,0,0,0,0,0,0,0,0,0,782,NA,0,1000,24,0,"wq",0,0,0,0,0,0,0,0,"wq",0,0,0,0,0,0,0,15,101,481
381,0.7443,0,0,0,0,0,0,0.2557,0,0,0,0,0,0,0,0,0,0,0,0,0,783,NA,0,1000,24,0,"wq",0,800,0,36,0,25,0,86,"wq",800,0.333,0,0,0,0,0,15,101,494
381,0.7443,0,0,0,0,0,0,0.2557,0,0,0,0,0,0,0,0,0,0,0,0,0,784,NA,0,1000,24,0,"wq",0,800,0,36,0,25,0,79,"wq",800,0.333,25,0,36,0,0,15,101,650
381,0.7443,0,0,0,0,0,0,0.2557,0,0,0,0,0,0,0,0,0,0,0,0,0,785,NA,0,1000,24,0,"wq",0,800,0,36,0,25,0,79,"wq",800,0.333,450,8,0,25,36,15,101,675
382,94.75,0,0,0,5.25,0,0,0,0,0,0,0,0,0,0,0,0,0,0,0,0,786,NA,0,0,0,0,"wq",0,0,0,0,0,0,0,0,"wq",0,0,0,0,0,0,0,13,102,731
382,94.75,0,0,0,5.25,0,0,0,0,0,0,0,0,0,0,0,0,0,0,0,0,787,NA,0,850,0.5,0,"wq",0,0,0,0,0,0,0,0,"wq",0,0,0,0,0,0,0,13,102,921
383,88.91,0,0,0,11.09,0,0,0,0,0,0,0,0,0,0,0,0,0,0,0,0,788,NA,0,0,0,0,"wq",0,0,0,0,0,0,0,0,"wq",0,0,0,0,0,0,0,13,102,823
383,88.91,0,0,0,11.09,0,0,0,0,0,0,0,0,0,0,0,0,0,0,0,0,789,NA,0,850,0.5,0,"wq",0,0,0,0,0,0,0,0,"wq",0,0,0,0,0,0,0,13,102,992
385,0.9714,0,0,0,0,0,0.0286,0,0,0,0,0,0,0,0,0,0,0,0,0,0,795,NA,0,1000,6,80,"wq",0,950,1,0,0,0,0,0,"wq",0,0,0,0,0,0,0,15,104,510
386,0.938,0,0,0,0,0,0.062,0,0,0,0,0,0,0,0,0,0,0,0,0,0,796,NA,0,1000,6,80,"wq",0,950,1,0,0,0,0,0,"wq",0,0,0,0,0,0,0,15,104,544
387,0.8982,0,0,0,0,0,0.1018,0,0,0,0,0,0,0,0,0,0,0,0,0,0,797,NA,0,1000,6,80,"wq",0,950,1,0,0,0,0,0,"wq",0,0,0,0,0,0,0,15,104,587
388,0.8501,0,0,0,0,0,0.1499,0,0,0,0,0,0,0,0,0,0,0,0,0,0,798,NA,0,1000,6,80,"wq",0,950,1,0,0,0,0,0,"wq",0,0,0,0,0,0,0,15,104,583
389,0.7908,0,0,0,0,0,0.2092,0,0,0,0,0,0,0,0,0,0,0,0,0,0,799,NA,0,1000,6,80,"wq",0,950,1,0,0,0,0,0,"wq",0,0,0,0,0,0,0,15,104,530
390,0.7159,0,0,0,0,0,0.2841,0,0,0,0,0,0,0,0,0,0,0,0,0,0,800,NA,0,1000,6,80,"wq",0,950,1,0,0,0,0,0,"wq",0,0,0,0,0,0,0,15,104,690
391,0.6183,0,0,0,0,0,0.3817,0,0,0,0,0,0,0,0,0,0,0,0,0,0,801,NA,0,1000,6,80,"wq",0,950,1,0,0,0,0,0,"wq",0,0,0,0,0,0,0,15,104,600
392,0.4859,0,0,0,0,0,0.5141,0,0,0,0,0,0,0,0,0,0,0,0,0,0,802,NA,0,1000,6,80,"wq",0,950,1,0,0,0,0,0,"wq",0,0,0,0,0,0,0,15,104,638
393,0.9167,0,0,0,0,0,0,0.0833,0,0,0,0,0,0,0,0,0,0,0,0,0,803,NA,0,1000,2,0,"wq",0,0,0,85,0,900,0.5,0,"wq",0,0,0,0,0,0,0,15,105,648
394,0.9106,0,0,0,0,0,0,0.083,0,0,0,0,0,0,0,0,0.0064,0,0,0,0,804,NA,0,1000,2,0,"wq",0,0,0,85,0,900,0.5,0,"wq",0,0,0,0,0,0,0,15,105,797
395,0.9016,0,0,0,0,0,0,0.0824,0,0,0,0,0,0,0,0,0.016,0,0,0,0,805,NA,0,1000,2,0,"wq",0,750,0,85,0,900,0.5,0,"wq",0,0,0,0,0,0,0,15,105,932
396,0.8049,0,0,0,0,0,0,0.1951,0,0,0,0,0,0,0,0,0,0,0,0,0,806,NA,0,1000,2,0,"wq",0,0,0,85,0,900,0.5,0,"wq",0,0,0,0,0,0,0,15,105,550
397,0.7987,0,0,0,0,0,0,0.1942,0,0,0,0,0,0,0,0,0.0071,0,0,0,0,807,NA,0,1000,2,0,"wq",0,0,0,85,0,900,0.5,0,"wq",0,0,0,0,0,0,0,15,105,715
398,0.7896,0,0,0,0,0,0,0.1929,0,0,0,0,0,0,0,0,0.0175,0,0,0,0,808,NA,0,1000,2,0,"wq",0,750,0,85,0,900,0.5,0,"wq",0,0,0,0,0,0,0,15,105,958
399,0.76,0,0,0,0,0,0,0.24,0,0,0,0,0,0,0,0,0,0,0,0,0,809,NA,0,1000,2,0,"wq",0,0,0,85,0,900,0.5,0,"wq",0,0,0,0,0,0,0,15,105,479
400,0.7539,0,0,0,0,0,0,0.2388,0,0,0,0,0,0,0,0,0.0073,0,0,0,0,810,NA,0,1000,2,0,"wq",0,0,0,85,0,900,0.5,0,"wq",0,0,0,0,0,0,0,15,105,620
401,0.7448,0,0,0,0,0,0,0.2371,0,0,0,0,0,0,0,0,0.0181,0,0,0,0,811,NA,0,1000,2,0,"wq",0,750,0,85,0,900,0.5,0,"wq",0,0,0,0,0,0,0,15,105,1218
412,69.29,0,0,4.92,0,0,1.78,24.01,0,0,0,0,0,0,0,0,0,0,0,0,0,822,NA,0,0,0,0,"wq",0,0,0,0,0,0,0,0,"wq",0,0,0,0,0,0,0,13,107,596.7
413,0.74,0,0,0,0,0,0,0.26,0,0,0,0,0,0,0,0,0,0,0,0,0,823,25,0,900,20,95,"wq",0,900,0.5,0,0,0,0,0,"wq",0,0,0,0,0,0,0,15,108,470
414,0.74,0,0,0.02,0,0,0,0.24,0,0,0,0,0,0,0,0,0,0,0,0,0,824,25,0,900,20,95,"wq",0,900,0.5,0,0,0,0,0,"wq",0,0,0,0,0,0,0,15,108,440
415,0.74,0,0,0.04,0,0,0,0.22,0,0,0,0,0,0,0,0,0,0,0,0,0,825,25,0,900,20,95,"wq",0,900,0.5,0,0,0,0,0,"wq",0,0,0,0,0,0,0,15,108,480
416,0.74,0,0,0.06,0,0,0,0.2,0,0,0,0,0,0,0,0,0,0,0,0,0,826,25,0,900,20,95,"wq",0,900,0.5,0,0,0,0,0,"wq",0,0,0,0,0,0,0,15,108,470
417,0.74,0,0,0.08,0,0,0,0.18,0,0,0,0,0,0,0,0,0,0,0,0,0,827,25,0,900,20,95,"wq",0,900,0.5,0,0,0,0,0,"wq",0,0,0,0,0,0,0,15,108,550
418,0.74,0,0,0.1,0,0,0,0.16,0,0,0,0,0,0,0,0,0,0,0,0,0,828,25,0,900,20,95,"wq",0,900,0.5,0,0,0,0,0,"wq",0,0,0,0,0,0,0,15,108,520
419,0.8878,0,0,0,0.0664,0,0,0.0458,0,0,0,0,0,0,0,0,0,0,0,0,0,829,40,0,780,0,80,"wq",0,950,1,0,0,0,0,0,"wq",0,0,0,0,0,0,0,15,109,716
450,75,0,0,0,0,0,0,25,0,0,0,0,0,0,0,0,0,0,0,0,0,860,NA,0,1000,0,0,"wq",0,850,1,0,0,0,0,0,"wq",0,0,0,0,0,0,0,13,111,581.4
451,74,0,0,1,0,0,0,25,0,0,0,0,0,0,0,0,0,0,0,0,0,861,NA,0,1000,0,0,"wq",0,850,1,0,0,0,0,0,"wq",0,0,0,0,0,0,0,13,111,598.7
452,73,0,0,2,0,0,0,25,0,0,0,0,0,0,0,0,0,0,0,0,0,862,NA,0,1000,0,0,"wq",0,850,1,0,0,0,0,0,"wq",0,0,0,0,0,0,0,13,111,667.1
453,72,0,0,3,0,0,0,25,0,0,0,0,0,0,0,0,0,0,0,0,0,863,NA,0,1000,0,0,"wq",0,850,1,0,0,0,0,0,"wq",0,0,0,0,0,0,0,13,111,768.2
454,71,0,0,4,0,0,0,25,0,0,0,0,0,0,0,0,0,0,0,0,0,864,NA,0,1000,0,0,"wq",0,850,1,0,0,0,0,0,"wq",0,0,0,0,0,0,0,13,111,746.6
455,69,0,0,6,0,0,0,25,0,0,0,0,0,0,0,0,0,0,0,0,0,865,NA,0,1000,0,0,"wq",0,850,1,0,0,0,0,0,"wq",0,0,0,0,0,0,0,13,111,655.3
460,94.07,0,0,0,1.49,0,0,0,0,0,4.44,0,0,0,0,0,0,0,0,0,0,870,NA,0,1000,6,0,"wq",0,900,0,0,0,900,1,0,"wq",0,0,0,0,0,0,0,14,113,917.58
461,93.42,0,0,0,2.04,0,0,0,0,0,4.54,0,0,0,0,0,0,0,0,0,0,871,NA,0,1000,6,0,"wq",0,901,0,0,0,900,1,0,"wq",0,0,0,0,0,0,0,14,113,934.99
462,92.85,0,0,0,1.52,0,0,0,0,0,5.64,0,0,0,0,0,0,0,0,0,0,872,NA,0,1000,6,0,"wq",0,902,0,0,0,900,1,0,"wq",0,0,0,0,0,0,0,14,113,1216
463,92.43,0,0,0,1.95,0,0,0,0,0,5.62,0,0,0,0,0,0,0,0,0,0,873,NA,0,1000,6,0,"wq",0,903,0,0,0,900,1,0,"wq",0,0,0,0,0,0,0,14,113,1104.1
464,57.23,0,0,18.31,0,0,0,24.45,0,0,0,0,0,0,0,0,0,0,0,0,0,874,NA,0,890,1,0,"wq",0,0,0,0,0,0,0,0,"wq",0,0,0,0,0,0,0,14,114,747
464,57.23,0,0,18.31,0,0,0,24.45,0,0,0,0,0,0,0,0,0,0,0,0,0,875,NA,0,890,1,20,"wq",0,0,0,0,0,0,0,0,"wq",0,0,0,0,0,0,0,14,114,788
464,57.23,0,0,18.31,0,0,0,24.45,0,0,0,0,0,0,0,0,0,0,0,0,0,876,NA,0,890,1,56,"wq",0,0,0,0,0,0,0,0,"wq",0,0,0,0,0,0,0,14,114,895
464,57.23,0,0,18.31,0,0,0,24.45,0,0,0,0,0,0,0,0,0,0,0,0,0,877,NA,0,890,1,76,"wq",0,0,0,0,0,0,0,0,"wq",0,0,0,0,0,0,0,14,114,1015
464,57.23,0,0,18.31,0,0,0,24.45,0,0,0,0,0,0,0,0,0,0,0,0,0,878,NA,0,890,1,86,"wq",0,0,0,0,0,0,0,0,"wq",0,0,0,0,0,0,0,14,114,1071
464,57.23,0,0,18.31,0,0,0,24.45,0,0,0,0,0,0,0,0,0,0,0,0,0,879,NA,0,890,1,86,"wq",0,890,1,0,0,0,0,0,"wq",0,0,0,0,0,0,0,14,114,810
470,0.84,0,0,0,0,0,0,0.14,0,0,0,0.02,0,0,0,0,0,0,0,0,0,886,NA,0,850,1,88,"wq",0,800,1,0,0,0,0,0,"wq",0,0,0,0,0,0,0,15,117,830
471,0.82,0,0,0,0,0,0,0.16,0,0,0,0.02,0,0,0,0,0,0,0,0,0,887,NA,0,850,1,88,"wq",0,800,1,0,0,0,0,0,"wq",0,0,0,0,0,0,0,15,117,740
472,0.8,0,0,0,0,0,0,0.18,0,0,0,0.02,0,0,0,0,0,0,0,0,0,888,NA,0,850,1,88,"wq",0,800,1,0,0,0,0,0,"wq",0,0,0,0,0,0,0,15,117,674
473,0.78,0,0,0,0,0,0,0.2,0,0,0,0.02,0,0,0,0,0,0,0,0,0,889,NA,0,850,1,88,"wq",0,800,1,0,0,0,0,0,"wq",0,0,0,0,0,0,0,15,117,610
474,0.76,0,0,0,0,0,0,0.22,0,0,0,0.02,0,0,0,0,0,0,0,0,0,890,NA,0,850,1,88,"wq",0,800,1,0,0,0,0,0,"wq",0,0,0,0,0,0,0,15,117,573
475,0.74,0,0,0,0,0,0,0.24,0,0,0,0.02,0,0,0,0,0,0,0,0,0,891,NA,0,850,1,88,"wq",0,800,1,0,0,0,0,0,"wq",0,0,0,0,0,0,0,15,117,546
487,38.5,0,0,38.5,8,0,0,15,0,0,0,0,0,0,0,0,0,0,0,0,0,906,NA,0,0,0,0,"wq",0,0,0,0,0,0,0,0,"wq",0,0,0,0,0,0,0,14,121,545
488,37.5,0,0,37.5,10,0,0,15,0,0,0,0,0,0,0,0,0,0,0,0,0,907,NA,0,0,0,0,"wq",0,0,0,0,0,0,0,0,"wq",0,0,0,0,0,0,0,14,121,598
489,36,0,0,36,13,0,0,15,0,0,0,0,0,0,0,0,0,0,0,0,0,908,NA,0,0,0,0,"wq",0,0,0,0,0,0,0,0,"wq",0,0,0,0,0,0,0,14,121,718
490,35,0,0,35,15,0,0,15,0,0,0,0,0,0,0,0,0,0,0,0,0,909,NA,0,0,0,0,"wq",0,0,0,0,0,0,0,0,"wq",0,0,0,0,0,0,0,14,121,834
491,74,0,0,0,0,0,0,26,0,0,0,0,0,0,0,0,0,0,0,0,0,910,30,0,0,0,0,"wq",0,0,0,0,0,0,0,0,"wq",0,0,0,0,0,0,0,14,122,390
492,72,0,0,0,2,0,0,26,0,0,0,0,0,0,0,0,0,0,0,0,0,911,30,0,0,0,0,"wq",0,0,0,0,0,0,0,0,"wq",0,0,0,0,0,0,0,14,122,481
493,70,0,0,0,4,0,0,26,0,0,0,0,0,0,0,0,0,0,0,0,0,912,30,0,0,0,0,"wq",0,0,0,0,0,0,0,0,"wq",0,0,0,0,0,0,0,14,122,554
494,68,0,0,0,6,0,0,26,0,0,0,0,0,0,0,0,0,0,0,0,0,913,30,0,0,0,0,"wq",0,0,0,0,0,0,0,0,"wq",0,0,0,0,0,0,0,14,122,578
495,66,0,0,0,8,0,0,26,0,0,0,0,0,0,0,0,0,0,0,0,0,914,30,0,0,0,0,"wq",0,0,0,0,0,0,0,0,"wq",0,0,0,0,0,0,0,14,122,581
495,66,0,0,0,8,0,0,26,0,0,0,0,0,0,0,0,0,0,0,0,0,915,NA,0,800,0,30,"wq",0,800,0,0,0,0,0,0,"wq",0,0,0,0,0,0,0,14,123,732.17
495,66,0,0,0,8,0,0,26,0,0,0,0,0,0,0,0,0,0,0,0,0,916,NA,0,800,0,30,"wq",0,800,0,0,0,0,0,0,"wq",0,0,0,0,0,0,0,14,123,776.22
495,66,0,0,0,8,0,0,26,0,0,0,0,0,0,0,0,0,0,0,0,0,917,NA,0,800,0,30,"wq",0,800,0,0,0,0,0,0,"wq",0,0,0,0,0,0,0,14,123,742.66
495,66,0,0,0,8,0,0,26,0,0,0,0,0,0,0,0,0,0,0,0,0,918,NA,0,800,0,30,"wq",0,800,0,0,0,0,0,0,"wq",0,0,0,0,0,0,0,14,123,1046.9
495,66,0,0,0,8,0,0,26,0,0,0,0,0,0,0,0,0,0,0,0,0,919,NA,0,800,0,30,"wq",0,650,0,0,0,0,0,0,"wq",0,0,0,0,0,0,0,14,123,793.48
495,66,0,0,0,8,0,0,26,0,0,0,0,0,0,0,0,0,0,0,0,0,920,NA,0,800,0,30,"wq",0,650,0,0,0,0,0,0,"wq",0,0,0,0,0,0,0,14,123,869.57
495,66,0,0,0,8,0,0,26,0,0,0,0,0,0,0,0,0,0,0,0,0,921,NA,0,800,0,30,"wq",0,650,0,0,0,0,0,0,"wq",0,0,0,0,0,0,0,14,123,806.52
495,66,0,0,0,8,0,0,26,0,0,0,0,0,0,0,0,0,0,0,0,0,922,NA,0,800,0,30,"wq",0,650,0,0,0,0,0,0,"wq",0,0,0,0,0,0,0,14,123,880.43
495,66,0,0,0,8,0,0,26,0,0,0,0,0,0,0,0,0,0,0,0,0,923,NA,0,650,0,40,"wq",0,700,0,0,0,0,0,0,"wq",0,0,0,0,0,0,0,14,123,8112.7
495,66,0,0,0,8,0,0,26,0,0,0,0,0,0,0,0,0,0,0,0,0,924,NA,0,650,0,40,"wq",0,700,0,0,0,0,0,0,"wq",0,0,0,0,0,0,0,14,123,876.19
495,66,0,0,0,8,0,0,26,0,0,0,0,0,0,0,0,0,0,0,0,0,925,NA,0,650,0,40,"wq",0,700,0,0,0,0,0,0,"wq",0,0,0,0,0,0,0,14,123,800
495,66,0,0,0,8,0,0,26,0,0,0,0,0,0,0,0,0,0,0,0,0,926,NA,0,650,0,40,"wq",0,700,0,0,0,0,0,0,"wq",0,0,0,0,0,0,0,14,123,998.9
495,66,0,0,0,8,0,0,26,0,0,0,0,0,0,0,0,0,0,0,0,0,927,NA,0,650,0,40,"wq",0,650,0,0,0,0,0,0,"wq",0,0,0,0,0,0,0,14,123,686.36
495,66,0,0,0,8,0,0,26,0,0,0,0,0,0,0,0,0,0,0,0,0,928,NA,0,650,0,40,"wq",0,650,0,0,0,0,0,0,"wq",0,0,0,0,0,0,0,14,123,850
495,66,0,0,0,8,0,0,26,0,0,0,0,0,0,0,0,0,0,0,0,0,929,NA,0,650,0,40,"wq",0,650,0,0,0,0,0,0,"wq",0,0,0,0,0,0,0,14,123,761.36
495,66,0,0,0,8,0,0,26,0,0,0,0,0,0,0,0,0,0,0,0,0,930,NA,0,650,0,40,"wq",0,650,0,0,0,0,0,0,"wq",0,0,0,0,0,0,0,14,123,854.55
497,0.84,0,0,0,0,0,0,0.16,0,0,0,0,0,0,0,0,0,0,0,0,0,931,NA,0,0,0,5,"wq",0,750,0.5,0,0,0,0,0,"wq",0,0,0,0,0,0,0,15,124,613
497,0.84,0,0,0,0,0,0,0.16,0,0,0,0,0,0,0,0,0,0,0,0,0,932,NA,0,0,0,5,"wq",0,850,0.5,0,0,0,0,0,"wq",0,0,0,0,0,0,0,15,124,560
497,0.84,0,0,0,0,0,0,0.16,0,0,0,0,0,0,0,0,0,0,0,0,0,933,NA,0,0,0,5,"wq",0,950,0.5,0,0,0,0,0,"wq",0,0,0,0,0,0,0,15,124,551
497,0.84,0,0,0,0,0,0,0.16,0,0,0,0,0,0,0,0,0,0,0,0,0,934,NA,0,0,0,5,"wq",0,750,0.5,0,0,300,1,0,"wq",0,0,0,0,0,0,0,15,124,506
497,0.84,0,0,0,0,0,0,0.16,0,0,0,0,0,0,0,0,0,0,0,0,0,935,NA,0,0,0,5,"wq",0,750,0.5,0,0,400,1,0,"wq",0,0,0,0,0,0,0,15,124,865
497,0.84,0,0,0,0,0,0,0.16,0,0,0,0,0,0,0,0,0,0,0,0,0,936,NA,0,0,0,5,"wq",0,750,0.5,0,0,500,1,0,"wq",0,0,0,0,0,0,0,15,124,755
498,0.7248,0,0,0.0788,0,0,0,0.1934,0,0,0,0,0,0,0,0,0.003,0,0,0,0,937,60,0,850,0,0,"wq",0,850,0.5,0,0,0,0,0,"wq",0,0,0,0,0,0,0,15,125,545
499,0.7211,0,0,0.0786,0,0,0,0.1928,0,0,0,0,0,0,0,0,0.0075,0,0,0,0,938,60,0,850,0,0,"wq",0,850,0.5,0,0,0,0,0,"wq",0,0,0,0,0,0,0,15,125,675
500,0.7184,0,0,0.0784,0,0,0,0.1924,0,0,0,0,0,0,0,0,0.0108,0,0,0,0,939,60,0,850,0,0,"wq",0,850,0.5,0,0,0,0,0,"wq",0,0,0,0,0,0,0,15,125,720
501,0.716,0,0,0.0782,0,0,0,0.192,0,0,0,0,0,0,0,0,0.0138,0,0,0,0,940,60,0,850,0,0,"wq",0,850,0.5,0,0,0,0,0,"wq",0,0,0,0,0,0,0,15,125,850
502,0.7121,0,0,0.078,0,0,0,0.1914,0,0,0,0,0,0,0,0,0.0185,0,0,0,0,941,60,0,850,0,0,"wq",0,850,0.5,0,0,0,0,0,"wq",0,0,0,0,0,0,0,15,125,995
503,0.72,0,0,0.0785,0,0,0,0.1926,0,0,0,0,0,0,0,0,0.0034,0,0.0055,0,0,942,60,0,850,0,0,"wq",0,850,0.5,0,0,0,0,0,"wq",0,0,0,0,0,0,0,15,125,720
504,0.7117,0,0,0.0779,0,0,0,0.1912,0,0,0,0,0,0,0,0,0.0048,0,0.0144,0,0,943,60,0,850,0,0,"wq",0,850,0.5,0,0,0,0,0,"wq",0,0,0,0,0,0,0,15,125,990
505,0.7067,0,0,0.0775,0,0,0,0.1904,0,0,0,0,0,0,0,0,0.0048,0,0.0206,0,0,944,60,0,850,0,0,"wq",0,850,0.5,0,0,0,0,0,"wq",0,0,0,0,0,0,0,15,125,910
506,0.7014,0,0,0.0772,0,0,0,0.1896,0,0,0,0,0,0,0,0,0.0154,0,0.0164,0,0,945,60,0,850,0,0,"wq",0,850,0.5,0,0,0,0,0,"wq",0,0,0,0,0,0,0,15,125,1045
507,0.705,0,0,0.0775,0,0,0,0.1902,0,0,0,0,0,0,0,0,0.0143,0,0.013,0,0,946,60,0,850,0,0,"wq",0,850,0.5,0,0,0,0,0,"wq",0,0,0,0,0,0,0,15,125,1190
518,0.7413,0,0,0.0193,0,0,0.0065,0.2146,0,0,0,0,0,0,0,0,0.0183,0,0,0,0,957,NA,0,900,1,0,"wq",0,900,0.5,0,0,0,0,0,"wq",0,0,0,0,0,0,0,15,128,908
518,0.7413,0,0,0.0193,0,0,0.0065,0.2146,0,0,0,0,0,0,0,0,0.0183,0,0,0,0,959,NA,0,900,1,0,"wq",0,900,0.5,0,0,900,0.5,0,"wq",0,0,0,0,0,0,0,15,128,987
519,0.7647,0,0,0,0,0,0.0064,0.2109,0,0,0,0,0,0,0,0,0.018,0,0,0,0,958,NA,0,900,1,0,"wq",0,900,0.5,0,0,0,0,0,"wq",0,0,0,0,0,0,0,15,128,840
519,0.7647,0,0,0,0,0,0.0064,0.2109,0,0,0,0,0,0,0,0,0.018,0,0,0,0,960,NA,0,900,1,0,"wq",0,900,0.5,0,0,900,0.5,0,"wq",0,0,0,0,0,0,0,15,128,923
520,0.7285,0,0,0.0396,0.0313,0,0,0.2006,0,0,0,0,0,0,0,0,0,0,0,0,0,961,NA,0,600,0.25,75,"wq",0,0,0,0,0,0,0,0,"wq",0,0,0,0,0,0,0,15,129,672
520,0.7285,0,0,0.0396,0.0313,0,0,0.2006,0,0,0,0,0,0,0,0,0,0,0,0,0,962,NA,0,600,0.25,75,"wq",0,800,0.5,0,0,300,2,0,"wq",0,0,0,0,0,0,0,15,129,747
528,0.7305,0,0,0.0449,0,0,0,0.2109,0,0,0,0,0,0.0137,0,0,0,0,0,0,0,988,NA,0,1000,1,0,"wq",0,0,0,0,0,0,0,0,"wq",0,0,0,0,0,0,0,15,132,562
528,0.7305,0,0,0.0449,0,0,0,0.2109,0,0,0,0,0,0.0137,0,0,0,0,0,0,0,989,NA,0,1000,1,0,"wq",0,0,0,50,0,0,0,0,"wq",0,0,0,0,0,0,0,15,132,719
528,0.7305,0,0,0.0449,0,0,0,0.2109,0,0,0,0,0,0.0137,0,0,0,0,0,0,0,990,NA,0,1000,1,0,"wq",0,0,0,90,0,0,0,0,"wq",0,0,0,0,0,0,0,15,132,883
529,0.7872,0,0,0,0.0061,0,0,0.1872,0,0,0,0,0,0.0195,0,0,0,0,0,0,0,992,NA,0,900,5,0,"wq",0,800,1,0,0,352,0.5,88,"wq",0,0,0,0,0,0,0,15,133,1000
530,78.28,0,0,0,0,0,0,21.72,0,0,0,0,0,0,0,0,0,0,0,0,0,993,NA,0,850,0.5,0,"wq",0,0,0,60,0,0,0,0,"wq",0,0,0,0,0,0,0,13,134,857.1
531,76.75,0,0,1.28,0,0,0,21.97,0,0,0,0,0,0,0,0,0,0,0,0,0,994,NA,0,850,0.5,0,"wq",0,0,0,60,0,0,0,0,"wq",0,0,0,0,0,0,0,13,134,807.6
532,75.18,0,0,2.59,0,0,0,22.23,0,0,0,0,0,0,0,0,0,0,0,0,0,995,NA,0,850,0.5,0,"wq",0,0,0,60,0,0,0,0,"wq",0,0,0,0,0,0,0,13,134,795.3
533,73.58,0,0,3.93,0,0,0,22.49,0,0,0,0,0,0,0,0,0,0,0,0,0,996,NA,0,850,0.5,0,"wq",0,0,0,60,0,0,0,0,"wq",0,0,0,0,0,0,0,13,134,806.9
534,71.94,0,0,5.3,0,0,0,22.76,0,0,0,0,0,0,0,0,0,0,0,0,0,997,NA,0,850,0.5,0,"wq",0,0,0,60,0,0,0,0,"wq",0,0,0,0,0,0,0,13,134,793.9
541,0.8167,0,0,0,0.0118,0,0,0.1524,0,0,0,0,0,0.0191,0,0,0,0,0,0,0,1004,NA,0,950,5,70,"wq",0,750,1,0,0,475,0.25,0,"wq",0,0,0,0,0,0,0,15,136,1113
542,0.76,0,0,0,0,0,0,0.24,0,0,0,0,0,0,0,0,0,0,0,0,0,1005,NA,0,1000,12,85,"wq",0,800,1,0,0,0,0,0,"wq",0,0,0,0,0,0,0,15,137,411
543,0.77,0,0,0,0,0,0,0.22,0,0.01,0,0,0,0,0,0,0,0,0,0,0,1006,NA,0,1000,12,85,"wq",0,800,1,0,0,0,0,0,"wq",0,0,0,0,0,0,0,15,137,503
544,0.78,0,0,0,0,0,0,0.2,0,0.02,0,0,0,0,0,0,0,0,0,0,0,1007,NA,0,1000,12,85,"wq",0,800,1,0,0,0,0,0,"wq",0,0,0,0,0,0,0,15,137,474
545,0.79,0,0,0,0,0,0,0.18,0,0.03,0,0,0,0,0,0,0,0,0,0,0,1008,NA,0,1000,12,85,"wq",0,800,1,0,0,0,0,0,"wq",0,0,0,0,0,0,0,15,137,523
546,0.8,0,0,0,0,0,0,0.16,0,0.04,0,0,0,0,0,0,0,0,0,0,0,1009,NA,0,1000,12,85,"wq",0,800,1,0,0,0,0,0,"wq",0,0,0,0,0,0,0,15,137,557
547,0.81,0,0,0,0,0,0,0.14,0,0.05,0,0,0,0,0,0,0,0,0,0,0,1010,NA,0,1000,12,85,"wq",0,800,1,0,0,0,0,0,"wq",0,0,0,0,0,0,0,15,137,603
551,94.74,0,0,0,5.26,0,0,0,0,0,0,0,0,0,0,0,0,0,0,0,0,1014,NA,0,0,0,0,"wq",0,0,0,0,0,0,0,0,"wq",0,0,0,0,0,0,0,13,139,662.99
552,94.29,0,0,0,5.71,0,0,0,0,0,0,0,0,0,0,0,0,0,0,0,0,1015,NA,0,0,0,0,"wq",0,0,0,0,0,0,0,0,"wq",0,0,0,0,0,0,0,13,139,885.45
553,93.13,0,0,0,6.87,0,0,0,0,0,0,0,0,0,0,0,0,0,0,0,0,1016,NA,0,0,0,0,"wq",0,0,0,0,0,0,0,0,"wq",0,0,0,0,0,0,0,13,139,643.1
554,91.88,0,0,0,8.12,0,0,0,0,0,0,0,0,0,0,0,0,0,0,0,0,1017,NA,0,0,0,0,"wq",0,0,0,0,0,0,0,0,"wq",0,0,0,0,0,0,0,13,139,593.48
555,0.7197,0,0,0.0325,0,0,0.0464,0.2014,0,0,0,0,0,0,0,0,0,0,0,0,0,1018,NA,0,1000,0,0,"wq",0,800,1,0,0,0,0,0,"wq",0,0,0,0,0,0,0,15,140,421
555,0.7197,0,0,0.0325,0,0,0.0464,0.2014,0,0,0,0,0,0,0,0,0,0,0,0,0,1019,NA,0,1000,0,0,"wq",0,800,1,88.75,0,0,0,0,"wq",0,0,0,0,0,0,0,15,140,686
555,0.7197,0,0,0.0325,0,0,0.0464,0.2014,0,0,0,0,0,0,0,0,0,0,0,0,0,1020,NA,0,1000,0,0,"wq",0,800,1,88.75,0,400,0.33,0,"wq",0,0,0,0,0,0,0,15,140,967
555,0.7197,0,0,0.0325,0,0,0.0464,0.2014,0,0,0,0,0,0,0,0,0,0,0,0,0,1021,NA,0,1000,0,0,"wq",0,800,1,88.75,0,400,1.67,0,"wq",0,0,0,0,0,0,0,15,140,1192
556,0.7487,0,0,0.0197,0,0,0.0066,0.225,0,0,0,0,0,0,0,0,0,0,0,0,0,1022,NA,0,950,1,0,"wq",0,780,0.5,0,0,0,0,0,"wq",0,0,0,0,0,0,0,15,141,520
556,0.7487,0,0,0.0197,0,0,0.0066,0.225,0,0,0,0,0,0,0,0,0,0,0,0,0,1023,NA,0,950,1,0,"wq",0,780,0.5,40,0,0,0,0,"wq",0,0,0,0,0,0,0,15,141,751
556,0.7487,0,0,0.0197,0,0,0.0066,0.225,0,0,0,0,0,0,0,0,0,0,0,0,0,1024,NA,0,950,1,0,"wq",0,780,0.5,60,0,0,0,0,"wq",0,0,0,0,0,0,0,15,141,775
556,0.7487,0,0,0.0197,0,0,0.0066,0.225,0,0,0,0,0,0,0,0,0,0,0,0,0,1025,NA,0,950,1,0,"wq",0,780,0.5,99,0,0,0,0,"wq",0,0,0,0,0,0,0,15,141,880
557,91.91,0,0,0,8.09,0,0,0,0,0,0,0,0,0,0,0,0,0,0,0,0,1026,NA,0,0,0,0,"wq",0,0,0,0,0,0,0,0,"wq",0,0,0,0,0,0,0,13,142,2084.57
558,88.83,0,0,0,8.31,0,0,2.86,0,0,0,0,0,0,0,0,0,0,0,0,0,1027,NA,0,0,0,0,"wq",0,0,0,0,0,0,0,0,"wq",0,0,0,0,0,0,0,13,142,1980.02
559,85.58,0,0,0,8.54,0,0,5.88,0,0,0,0,0,0,0,0,0,0,0,0,0,1028,NA,0,0,0,0,"wq",0,0,0,0,0,0,0,0,"wq",0,0,0,0,0,0,0,13,142,1703.25
560,82.15,0,0,0,8.78,0,0,9.07,0,0,0,0,0,0,0,0,0,0,0,0,0,1029,NA,0,0,0,0,"wq",0,0,0,0,0,0,0,0,"wq",0,0,0,0,0,0,0,13,142,1592.46
568,0.854,0,0,0.0299,0,0,0,0.088,0,0,0,0.0097,0,0.0184,0,0,0,0,0,0,0,1037,NA,0,1000,2,0,"wq",0,750,0,0,0,600,0,85,"wq",820,0.5,0,0,0,0,0,15,144,909
568,0.854,0,0,0.0299,0,0,0,0.088,0,0,0,0.0097,0,0.0184,0,0,0,0,0,0,0,1038,NA,0,1000,2,0,"wq",0,750,0,0,0,600,0,85,"wq",620,0.5,0,0,0,0,0,15,144,972
569,0.7973,0,0,0.0065,0,0,0.0331,0.161,0,0,0,0.0021,0,0,0,0,0,0,0,0,0,1039,NA,0,1200,12,0,"wq",0,850,0.67,70,0,900,1,0,"wq",0,0,0,0,0,0,0,15,145,697
569,0.7973,0,0,0.0065,0,0,0.0331,0.161,0,0,0,0.0021,0,0,0,0,0,0,0,0,0,1040,NA,0,1200,12,0,"wq",0,850,0.67,70,0,900,1,30,"wq",0,0,0,0,0,0,0,15,145,1014
569,0.7973,0,0,0.0065,0,0,0.0331,0.161,0,0,0,0.0021,0,0,0,0,0,0,0,0,0,1041,NA,0,1200,12,0,"wq",0,850,0.67,70,0,900,1,60,"wq",0,0,0,0,0,0,0,15,145,1213
569,0.7973,0,0,0.0065,0,0,0.0331,0.161,0,0,0,0.0021,0,0,0,0,0,0,0,0,0,1042,NA,0,1200,12,0,"wq",0,850,0.67,70,0,900,1,80,"wq",0,0,0,0,0,0,0,15,145,1076
577,79.99,0,0,1.88,1.79,0,0,15.38,0,0,0,0,0,0.96,0,0,0,0,0,0,0,1059,25000,0,750,1,0,"wq",0,0,0,0,0,0,0,0,"wq",0,0,0,0,0,0,0,13,149,708.5
577,79.99,0,0,1.88,1.79,0,0,15.38,0,0,0,0,0,0.96,0,0,0,0,0,0,0,1060,25000,0,510,1,0,"wq",0,0,0,0,0,0,0,0,"wq",0,0,0,0,0,0,0,13,149,714
584,72.26,0,0,0,0,0,6.42,21.32,0,0,0,0,0,0,0,0,0,0,0,0,0,1067,NA,0,900,0.5,50,"wq",0,0,0,0,0,0,0,0,"wq",0,0,0,0,0,0,0,13,151,530.7
585,71.7,0,0,0,0,0,6.41,21.89,0,0,0,0,0,0,0,0,0,0,0,0,0,1068,NA,0,900,0.5,50,"wq",0,0,0,0,0,0,0,0,"wq",0,0,0,0,0,0,0,13,151,741.3
586,72.93,0,0,0,0,0,6.03,21.04,0,0,0,0,0,0,0,0,0,0,0,0,0,1069,NA,0,900,0.5,50,"wq",0,0,0,0,0,0,0,0,"wq",0,0,0,0,0,0,0,13,151,851.1
587,80,0,0,0,0,0,0,20,0,0,0,0,0,0,0,0,0,0,0,0,0,1070,NA,0,0,0,90,"wq",0,0,0,0,0,0,0,0,"wq",0,0,0,0,0,0,0,13,152,779
587,80,0,0,0,0,0,0,20,0,0,0,0,0,0,0,0,0,0,0,0,0,1071,NA,0,0,0,90,"wq",0,750,1,0,0,0,0,0,"wq",0,0,0,0,0,0,0,13,152,503
587,80,0,0,0,0,0,0,20,0,0,0,0,0,0,0,0,0,0,0,0,0,1072,NA,0,0,0,90,"wq",0,850,1,0,0,0,0,0,"wq",0,0,0,0,0,0,0,13,152,608
587,80,0,0,0,0,0,0,20,0,0,0,0,0,0,0,0,0,0,0,0,0,1073,NA,0,0,0,90,"wq",0,950,1,0,0,0,0,0,"wq",0,0,0,0,0,0,0,13,152,623
588,70,0,0,0,0,0,0,30,0,0,0,0,0,0,0,0,0,0,0,0,0,1074,NA,0,0,0,90,"wq",0,0,0,0,0,0,0,0,"wq",0,0,0,0,0,0,0,13,152,561
588,70,0,0,0,0,0,0,30,0,0,0,0,0,0,0,0,0,0,0,0,0,1075,NA,0,0,0,90,"wq",0,750,1,0,0,0,0,0,"wq",0,0,0,0,0,0,0,13,152,449
588,70,0,0,0,0,0,0,30,0,0,0,0,0,0,0,0,0,0,0,0,0,1076,NA,0,0,0,90,"wq",0,850,1,0,0,0,0,0,"wq",0,0,0,0,0,0,0,13,152,493
588,70,0,0,0,0,0,0,30,0,0,0,0,0,0,0,0,0,0,0,0,0,1077,NA,0,0,0,90,"wq",0,950,1,0,0,0,0,0,"wq",0,0,0,0,0,0,0,13,152,587
589,62.7,0,0,6.44,4.08,0,0,24.58,0,0,0,0,0,2.2,0,0,0,0,0,0,0,1078,NA,0,800,0.5,0,"wq",0,0,0,0,0,0,0,0,"wq",0,0,0,0,0,0,0,13,153,834
590,70.02,0,0,2.04,1.94,0,0,23.38,0,0,0,0,0,2.62,0,0,0,0,0,0,0,1079,NA,0,800,0.5,0,"wq",0,0,0,0,0,0,0,0,"wq",0,0,0,0,0,0,0,13,153,690
591,67.44,0,0,2.08,3.96,0,0,23.85,0,0,0,0,0,2.67,0,0,0,0,0,0,0,1080,NA,0,800,0.5,0,"wq",0,0,0,0,0,0,0,0,"wq",0,0,0,0,0,0,0,13,153,770
592,60.73,0,0,6.51,6.2,0,0,24.89,0,0,0,0,0,1.67,0,0,0,0,0,0,0,1081,NA,0,800,0.5,0,"wq",0,0,0,0,0,0,0,0,"wq",0,0,0,0,0,0,0,13,153,833
593,68.16,0,0,4.13,1.96,0,0,23.64,0,0,0,0,0,2.11,0,0,0,0,0,0,0,1082,NA,0,800,0.5,0,"wq",0,0,0,0,0,0,0,0,"wq",0,0,0,0,0,0,0,13,153,666
594,0.627,0,0,0.0644,0.0408,0,0,0.2458,0,0,0,0,0,0.022,0,0,0,0,0,0,0,1083,NA,0,800,0.5,0,"wq",0,0,0,0,0,0,0,0,"wq",0,0,0,0,0,0,0,15,154,797
594,0.627,0,0,0.0644,0.0408,0,0,0.2458,0,0,0,0,0,0.022,0,0,0,0,0,0,0,1084,NA,0,800,0.5,0,"wq",0,0,0,23,0,0,0,0,"wq",0,0,0,0,0,0,0,15,154,857
594,0.627,0,0,0.0644,0.0408,0,0,0.2458,0,0,0,0,0,0.022,0,0,0,0,0,0,0,1085,NA,0,800,0.5,0,"wq",0,0,0,44,0,0,0,0,"wq",0,0,0,0,0,0,0,15,154,935
594,0.627,0,0,0.0644,0.0408,0,0,0.2458,0,0,0,0,0,0.022,0,0,0,0,0,0,0,1086,NA,0,800,0.5,0,"wq",0,0,0,66,0,0,0,0,"wq",0,0,0,0,0,0,0,15,154,1009
594,0.627,0,0,0.0644,0.0408,0,0,0.2458,0,0,0,0,0,0.022,0,0,0,0,0,0,0,1087,NA,0,800,0.5,0,"wq",0,0,0,85,0,0,0,0,"wq",0,0,0,0,0,0,0,15,154,1110
595,0.7,0,0,0.19,0,0,0,0.1,0,0,0,0.01,0,0,0,0,0,0,0,0,0,1088,NA,0,900,1,75,"wq",0,0,0,0,0,0,0,0,"wq",0,0,0,0,0,0,0,15,155,980
595,0.7,0,0,0.19,0,0,0,0.1,0,0,0,0.01,0,0,0,0,0,0,0,0,0,1089,NA,0,900,1,75,"wq",0,550,0.5,0,0,0,0,0,"wq",0,0,0,0,0,0,0,15,155,794
595,0.7,0,0,0.19,0,0,0,0.1,0,0,0,0.01,0,0,0,0,0,0,0,0,0,1090,NA,0,900,1,75,"wq",0,600,0.5,0,0,0,0,0,"wq",0,0,0,0,0,0,0,15,155,703
595,0.7,0,0,0.19,0,0,0,0.1,0,0,0,0.01,0,0,0,0,0,0,0,0,0,1091,NA,0,900,1,75,"wq",0,700,0.5,0,0,0,0,0,"wq",0,0,0,0,0,0,0,15,155,711
595,0.7,0,0,0.19,0,0,0,0.1,0,0,0,0.01,0,0,0,0,0,0,0,0,0,1092,NA,0,900,1,75,"wq",0,900,0.5,0,0,0,0,0,"wq",0,0,0,0,0,0,0,15,155,691
598,0.8885,0,0,0,0,0,0,0,0,0.1115,0,0,0,0,0,0,0,0,0,0,0,1100,NA,0,1100,6,0,"wq",0,1000,0,70,0,850,1,0,"wq",0,0,0,0,0,0,0,15,158,754
598,0.8885,0,0,0,0,0,0,0,0,0.1115,0,0,0,0,0,0,0,0,0,0,0,1101,NA,0,1100,6,0,"wq",0,1000,0,70,0,850,1,10,"wq",0,0,0,0,0,0,0,15,158,921
599,0.9191,0,0,0,0.0809,0,0,0,0,0,0,0,0,0,0,0,0,0,0,0,0,1102,NA,0,1100,6,0,"wq",0,1000,0,70,0,850,1,0,"wq",0,0,0,0,0,0,0,15,159,669
599,0.9191,0,0,0,0.0809,0,0,0,0,0,0,0,0,0,0,0,0,0,0,0,0,1103,NA,0,1100,6,0,"wq",0,1000,0,70,0,850,1,10,"wq",0,0,0,0,0,0,0,15,159,813
600,0.9132,0,0,0,0.0868,0,0,0,0,0,0,0,0,0,0,0,0,0,0,0,0,1104,NA,0,1100,6,0,"wq",0,1000,0,70,0,850,1,0,"wq",0,0,0,0,0,0,0,15,159,687
600,0.9132,0,0,0,0.0868,0,0,0,0,0,0,0,0,0,0,0,0,0,0,0,0,1105,NA,0,1100,6,0,"wq",0,1000,0,70,0,850,1,10,"wq",0,0,0,0,0,0,0,15,159,817
601,0.9073,0,0,0,0.0927,0,0,0,0,0,0,0,0,0,0,0,0,0,0,0,0,1106,NA,0,1100,6,0,"wq",0,1000,0,70,0,850,1,0,"wq",0,0,0,0,0,0,0,15,159,722
601,0.9073,0,0,0,0.0927,0,0,0,0,0,0,0,0,0,0,0,0,0,0,0,0,1107,NA,0,1100,6,0,"wq",0,1000,0,70,0,850,1,10,"wq",0,0,0,0,0,0,0,15,159,848
602,0.9013,0,0,0,0.0987,0,0,0,0,0,0,0,0,0,0,0,0,0,0,0,0,1108,NA,0,1100,6,0,"wq",0,1000,0,70,0,850,1,0,"wq",0,0,0,0,0,0,0,15,159,778
602,0.9013,0,0,0,0.0987,0,0,0,0,0,0,0,0,0,0,0,0,0,0,0,0,1109,NA,0,1100,6,0,"wq",0,1000,0,70,0,850,1,10,"wq",0,0,0,0,0,0,0,15,159,892
609,0.9072,0,0,0,0,0,0,0,0,0.0928,0,0,0,0,0,0,0,0,0,0,0,1116,NA,0,1100,6,0,"wq",0,1000,0,70,0,850,1,0,"wq",0,0,0,0,0,0,0,15,162,863
609,0.9072,0,0,0,0,0,0,0,0,0.0928,0,0,0,0,0,0,0,0,0,0,0,1117,NA,0,1100,6,0,"wq",0,1000,0,70,0,850,1,10,"wq",0,0,0,0,0,0,0,15,162,1086
610,0.8978,0,0,0,0,0,0,0,0,0.1022,0,0,0,0,0,0,0,0,0,0,0,1118,NA,0,1100,6,0,"wq",0,1000,0,70,0,850,1,0,"wq",0,0,0,0,0,0,0,15,162,833
610,0.8978,0,0,0,0,0,0,0,0,0.1022,0,0,0,0,0,0,0,0,0,0,0,1119,NA,0,1100,6,0,"wq",0,1000,0,70,0,850,1,10,"wq",0,0,0,0,0,0,0,15,162,950
611,0.8885,0,0,0,0,0,0,0,0,0.1115,0,0,0,0,0,0,0,0,0,0,0,1120,NA,0,1100,6,0,"wq",0,1000,0,70,0,850,1,0,"wq",0,0,0,0,0,0,0,15,162,753
611,0.8885,0,0,0,0,0,0,0,0,0.1115,0,0,0,0,0,0,0,0,0,0,0,1121,NA,0,1100,6,0,"wq",0,1000,0,70,0,850,1,10,"wq",0,0,0,0,0,0,0,15,162,918
612,0.8791,0,0,0,0,0,0,0,0,0.1209,0,0,0,0,0,0,0,0,0,0,0,1122,NA,0,1100,6,0,"wq",0,1000,0,70,0,850,1,0,"wq",0,0,0,0,0,0,0,15,162,785
612,0.8791,0,0,0,0,0,0,0,0,0.1209,0,0,0,0,0,0,0,0,0,0,0,1123,NA,0,1100,6,0,"wq",0,1000,0,70,0,850,1,10,"wq",0,0,0,0,0,0,0,15,162,867
613,0.8697,0,0,0,0,0,0,0,0,0.1303,0,0,0,0,0,0,0,0,0,0,0,1124,NA,0,1100,6,0,"wq",0,1000,0,70,0,850,1,0,"wq",0,0,0,0,0,0,0,15,162,789
613,0.8697,0,0,0,0,0,0,0,0,0.1303,0,0,0,0,0,0,0,0,0,0,0,1125,NA,0,1100,6,0,"wq",0,1000,0,70,0,850,1,10,"wq",0,0,0,0,0,0,0,15,162,918
614,0.7809,0,0,0.1891,0.03,0,0,0,0,0,0,0,0,0,0,0,0,0,0,0,0,1126,NA,0,1100,6,0,"wq",0,1000,0,70,0,850,1,0,"wq",0,0,0,0,0,0,0,15,163,762
614,0.7809,0,0,0.1891,0.03,0,0,0,0,0,0,0,0,0,0,0,0,0,0,0,0,1127,NA,0,1100,6,0,"wq",0,1000,0,70,0,850,1,10,"wq",0,0,0,0,0,0,0,15,163,956
615,0.7735,0,0,0.1903,0.0362,0,0,0,0,0,0,0,0,0,0,0,0,0,0,0,0,1128,NA,0,1100,6,0,"wq",0,1000,0,70,0,850,1,0,"wq",0,0,0,0,0,0,0,15,163,723
615,0.7735,0,0,0.1903,0.0362,0,0,0,0,0,0,0,0,0,0,0,0,0,0,0,0,1129,NA,0,1100,6,0,"wq",0,1000,0,70,0,850,1,10,"wq",0,0,0,0,0,0,0,15,163,845
616,0.7661,0,0,0.1914,0.0425,0,0,0,0,0,0,0,0,0,0,0,0,0,0,0,0,1130,NA,0,1100,6,0,"wq",0,1000,0,70,0,850,1,0,"wq",0,0,0,0,0,0,0,15,163,782
616,0.7661,0,0,0.1914,0.0425,0,0,0,0,0,0,0,0,0,0,0,0,0,0,0,0,1131,NA,0,1100,6,0,"wq",0,1000,0,70,0,850,1,10,"wq",0,0,0,0,0,0,0,15,163,949
619,0.8069,0,0,0,0,0,0,0.1792,0,0,0,0,0,0,0,0,0.0139,0,0,0,0,1140,NA,0,1000,10,80,"wq",0,1000,1,0,0,0,0,0,"wq",0,0,0,0,0,0,0,15,166,711
620,0.7927,0,0,0,0,0,0,0.1933,0,0,0,0,0,0,0,0,0.014,0,0,0,0,1141,NA,0,1000,10,80,"wq",0,1000,1,0,0,0,0,0,"wq",0,0,0,0,0,0,0,15,166,765
621,0.778,0,0,0,0,0,0,0.2078,0,0,0,0,0,0,0,0,0.0142,0,0,0,0,1142,NA,0,1000,10,80,"wq",0,1000,1,0,0,0,0,0,"wq",0,0,0,0,0,0,0,15,166,759
622,0.7631,0,0,0,0,0,0,0.2225,0,0,0,0,0,0,0,0,0.0144,0,0,0,0,1143,NA,0,1000,10,80,"wq",0,1000,1,0,0,0,0,0,"wq",0,0,0,0,0,0,0,15,166,759
623,0.7478,0,0,0,0,0,0,0.2377,0,0,0,0,0,0,0,0,0.0145,0,0,0,0,1144,NA,0,1000,10,80,"wq",0,1000,1,0,0,0,0,0,"wq",0,0,0,0,0,0,0,15,166,783
624,0.7321,0,0,0,0,0,0,0.2532,0,0,0,0,0,0,0,0,0.0147,0,0,0,0,1145,NA,0,1000,10,80,"wq",0,1000,1,0,0,0,0,0,"wq",0,0,0,0,0,0,0,15,166,765
625,0.7161,0,0,0,0,0,0,0.269,0,0,0,0,0,0,0,0,0.0149,0,0,0,0,1146,NA,0,1000,10,80,"wq",0,1000,1,0,0,0,0,0,"wq",0,0,0,0,0,0,0,15,166,869
626,0.8265,0,0,0,0,0,0,0.1538,0,0,0,0.0197,0,0,0,0,0,0,0,0,0,1147,NA,0,1000,1,0,"wq",0,800,1,0,0,0,0,0,"wq",0,0,0,0,0,0,0,15,167,739
627,0.8147,0,0,0,0,0,0,0.1559,0,0,0,0.02,0,0.0094,0,0,0,0,0,0,0,1148,NA,0,1000,1,0,"wq",0,800,1,0,0,0,0,0,"wq",0,0,0,0,0,0,0,15,167,679
628,0.8026,0,0,0,0,0,0,0.1581,0,0,0,0.0202,0,0.0191,0,0,0,0,0,0,0,1149,NA,0,1000,1,0,"wq",0,800,1,0,0,0,0,0,"wq",0,0,0,0,0,0,0,15,167,622
629,0.7901,0,0,0,0,0,0,0.1604,0,0,0,0.0205,0,0.029,0,0,0,0,0,0,0,1150,NA,0,1000,1,0,"wq",0,800,1,0,0,0,0,0,"wq",0,0,0,0,0,0,0,15,167,577
630,0.7773,0,0,0,0,0,0,0.1627,0,0,0,0.0208,0,0.0392,0,0,0,0,0,0,0,1151,NA,0,1000,1,0,"wq",0,800,1,0,0,0,0,0,"wq",0,0,0,0,0,0,0,15,167,582
632,80.72,8.84,0,0.52,2.49,4.68,0,0,0,2.75,0,0,0,0,0,0,0,0,0,0,0,1158,NA,2,900,0,0,"wq",0,0,0,0,0,0,0,0,"wq",0,0,0,0,0,0,0,NA,NA,819.3
632,80.72,8.84,0,0.52,2.49,4.68,0,0,0,2.75,0,0,0,0,0,0,0,0,0,0,0,1159,NA,2,900,0,0,"wq",0,600,6,0,0,0,0,0,"wq",0,0,0,0,0,0,0,NA,NA,806.2
632,80.72,8.84,0,0.52,2.49,4.68,0,0,0,2.75,0,0,0,0,0,0,0,0,0,0,0,1160,NA,2,900,0,0,"wq",0,880,1.5,0,0,0,0,0,"wq",0,0,0,0,0,0,0,NA,NA,1412
632,80.72,8.84,0,0.52,2.49,4.68,0,0,0,2.75,0,0,0,0,0,0,0,0,0,0,0,1161,NA,2,900,0,0,"wq",0,880,1.5,0,0,600,6,0,"wq",0,0,0,0,0,0,0,NA,NA,1430
632,80.72,8.84,0,0.52,2.49,4.68,0,0,0,2.75,0,0,0,0,0,0,0,0,0,0,0,1162,NA,2,900,0,0,"wq",0,880,1.5,0,0,750,1.5,0,"1.5",0,0,0,0,0,0,0,NA,NA,1329
632,80.72,8.84,0,0.52,2.49,4.68,0,0,0,2.75,0,0,0,0,0,0,0,0,0,0,0,1163,NA,2,900,0,0,"wq",0,880,1.5,0,0,750,1.5,0,"1.5",600,6,0,0,0,0,0,NA,NA,1338
632,80.72,8.84,0,0.52,2.49,4.68,0,0,0,2.75,0,0,0,0,0,0,0,0,0,0,0,1164,NA,2,900,0,0,"wq",0,790,1.5,0,0,0,0,0,"wq",0,0,0,0,0,0,0,NA,NA,1180
632,80.72,8.84,0,0.52,2.49,4.68,0,0,0,2.75,0,0,0,0,0,0,0,0,0,0,0,1165,NA,2,900,0,0,"wq",0,790,1.5,0,0,600,6,0,"wq",0,0,0,0,0,0,0,NA,NA,1255
633,0.7924,0,0,0,0,0,0,0.1979,0,0,0,0,0,0.0097,0,0,0,0,0,0,0,1166,NA,0,950,0,0,"wq",0,950,0.5,0,0,0,0,0,"wq",0,0,0,0,0,0,0,15,170,780
633,0.7924,0,0,0,0,0,0,0.1979,0,0,0,0,0,0.0097,0,0,0,0,0,0,0,1167,NA,0,950,0,0,"wq",0,950,0.5,0,0,500,6,0,"wq",0,0,0,0,0,0,0,15,170,1070
633,0.7924,0,0,0,0,0,0,0.1979,0,0,0,0,0,0.0097,0,0,0,0,0,0,0,1168,NA,0,950,0,0,"wq",0,950,0.5,0,0,600,6,0,"wq",0,0,0,0,0,0,0,15,170,685
634,0.5,0,0,0.4,0,0,0,0.08,0,0,0,0,0,0.02,0,0,0,0,0,0,0,1170,NA,0,1000,2,0,"wq",0,0,0,98,0,900,0.5,0,"wq",0,0,0,0,0,0,0,15,171,835
635,0.45,0,0,0.45,0,0,0,0.08,0,0,0,0,0,0.02,0,0,0,0,0,0,0,1171,NA,0,1000,2,0,"wq",0,0,0,98,0,900,0.5,0,"wq",0,0,0,0,0,0,0,15,171,800
636,0.4,0,0,0.5,0,0,0,0.08,0,0,0,0,0,0.02,0,0,0,0,0,0,0,1172,NA,0,1000,2,0,"wq",0,0,0,98,0,900,0.5,0,"wq",0,0,0,0,0,0,0,15,171,753
637,81.33,8.8,0,0,2.47,4.66,0,0,0,2.74,0,0,0,0,0,0,0,0,0,0,0,1173,NA,0,0,0,0,"wq",0,0,0,0,0,0,0,0,"wq",0,0,0,0,0,0,0,13,172,800
638,80.15,7.11,0,0,2.5,4.71,0,0,0,5.53,0,0,0,0,0,0,0,0,0,0,0,1174,NA,0,760,0.5,0,"wq",0,0,0,0,0,0,0,0,"wq",0,0,0,0,0,0,0,13,173,953
638,80.15,7.11,0,0,2.5,4.71,0,0,0,5.53,0,0,0,0,0,0,0,0,0,0,0,1175,NA,0,800,0.5,0,"wq",0,0,0,0,0,0,0,0,"wq",0,0,0,0,0,0,0,13,173,875
639,86.72,0,0,0,0,0,0,0,0,0,13.28,0,0,0,0,0,0,0,0,0,0,1176,NA,0,1100,8,0,"wq",0,900,0.5,0,0,0,0,0,"wq",0,0,0,0,0,0,0,14,174,883
