"alloy_id","Ti","Al","Ga","Zr","Mo","V","Ta","Nb","Au","Cr","Mn","Fe","Zn","Pb","Sn","Hf","Bi","O","C","N","Si","H","alloy_proc_id","ingotweight","rate.heat","temp.hold","time.hold","deformation.amount","rate.heat1","temp.hold1","time.hold1","deformation.amount1","rate.heat2","temp.hold2","time.hold2","deformation.amount2","rate.cooling2","temp.hold3","time.hold3","temp.hold4","time.hold4","deformation.amount4","temp.hold5","deformation.amount5","student_id","reference_id","YTS"
2,83.7,7.16,0,0,3.52,2.84,0,0,0,2.78,0,0,0,0,0,0,0,0,0,0,0,0,7,NA,0,910,0.5,0,0,0,0,0,0,0,0,0,"wq",0,0,0,0,0,0,0,13,4,810
2,83.7,7.16,0,0,3.52,2.84,0,0,0,2.78,0,0,0,0,0,0,0,0,0,0,0,0,8,NA,0,910,0.5,0,0,0,0,0,0,0,0,0,"wq",0,0,0,0,0,0,0,13,4,860
2,83.7,7.16,0,0,3.52,2.84,0,0,0,2.78,0,0,0,0,0,0,0,0,0,0,0,0,9,NA,0,810,0.5,0,0,600,6,0,0,0,0,0,"wq",0,0,0,0,0,0,0,13,4,1140
3,84.07,6.97,0,0,3.42,2.84,0,0,0,2.69,0,0,0,0,0,0,0,0,0,0,0,0,10,NA,0,910,0.5,0,0,0,0,0,0,0,0,0,"wq",0,0,0,0,0,0,0,13,4,840
3,84.07,6.97,0,0,3.42,2.84,0,0,0,2.69,0,0,0,0,0,0,0,0,0,0,0,0,11,NA,0,910,0.5,0,0,0,0,0,0,0,0,0,"wq",0,0,0,0,0,0,0,13,4,910
3,84.07,6.97,0,0,3.42,2.84,0,0,0,2.69,0,0,0,0,0,0,0,0,0,0,0,0,12,NA,0,810,0.5,0,0,600,6,0,0,0,0,0,"wq",0,0,0,0,0,0,0,13,4,1160
4,89,0,0,0,0,0,0,0,0,11,0,0,0,0,0,0,0,0,0,0,0,0,13,NA,0,0,0,0,0,0,0,0,0,0,0,0,"wq",0,0,0,0,0,0,0,13,5,1000
4,89,0,0,0,0,0,0,0,0,11,0,0,0,0,0,0,0,0,0,0,0,0,14,NA,0,400,0.75,0,0,0,0,0,0,0,0,0,"wq",0,0,0,0,0,0,0,13,5,1100
4,89,0,0,0,0,0,0,0,0,11,0,0,0,0,0,0,0,0,0,0,0,0,15,NA,0,400,1.5,0,0,0,0,0,0,0,0,0,"wq",0,0,0,0,0,0,0,13,5,1140
4,89,0,0,0,0,0,0,0,0,11,0,0,0,0,0,0,0,0,0,0,0,0,16,NA,0,400,3,0,0,0,0,0,0,0,0,0,"wq",0,0,0,0,0,0,0,13,5,1400
4,89,0,0,0,0,0,0,0,0,11,0,0,0,0,0,0,0,0,0,0,0,0,17,NA,0,400,6,0,0,0,0,0,0,0,0,0,"wq",0,0,0,0,0,0,0,13,5,1500
4,89,0,0,0,0,0,0,0,0,11,0,0,0,0,0,0,0,0,0,0,0,0,18,NA,0,400,12,0,0,0,0,0,0,0,0,0,"wq",0,0,0,0,0,0,0,13,5,1600
5,88.15,0,0,0,0,0,0,0,0,11,0,0.85,0,0,0,0,0,0,0,0,0,0,19,NA,0,0,0,0,0,0,0,0,0,0,0,0,"wq",0,0,0,0,0,0,0,13,5,800
6,83.7,5.3,0,0,0,0,0,0,0,11,0,0,0,0,0,0,0,0,0,0,0,0,20,NA,0,0,0,0,0,0,0,0,0,0,0,0,"wq",0,0,0,0,0,0,0,13,5,850
7,82.85,5.3,0,0,0,0,0,0,0,11,0,0.85,0,0,0,0,0,0,0,0,0,0,21,NA,0,0,0,0,0,0,0,0,0,0,0,0,"wq",0,0,0,0,0,0,0,13,5,800
9,79.09,0,0,0,0,0,20.91,0,0,0,0,0,0,0,0,0,0,0,0,0,0,0,27,NA,0,1000,6,80,0,950,1,0,0,450,4,0,"wq",0,0,0,0,0,0,0,13,7,380
9,79.09,0,0,0,0,0,20.91,0,0,0,0,0,0,0,0,0,0,0,0,0,0,0,28,NA,0,1000,6,80,0,950,1,0,0,500,72,0,"wq",0,0,0,0,0,0,0,13,7,877
9,79.09,0,0,0,0,0,20.91,0,0,0,0,0,0,0,0,0,0,0,0,0,0,0,29,NA,0,1000,6,80,0,950,1,0,0,600,72,0,"wq",0,0,0,0,0,0,0,13,7,612
12,71.97,0,0,3.25,0,0,4.64,20.14,0,0,0,0,0,0,0,0,0,0,0,0,0,0,51,45,0,1000,6,75,0,844,0.5,0,0,0,0,0,"wq",0,0,0,0,0,0,0,13,10,320
12,71.97,0,0,3.25,0,0,4.64,20.14,0,0,0,0,0,0,0,0,0,0,0,0,0,0,58,45,0,1000,6,75,0,844,0.5,0,0,400,3,0,"wq",0,0,0,0,0,0,0,13,10,800
13,83.05,0,0,0,2.47,0,4.26,10.22,0,0,0,0,0,0,0,0,0,0,0,0,0,0,52,45,0,1000,6,75,0,844,0.5,0,0,0,0,0,"wq",0,0,0,0,0,0,0,13,10,430
13,83.05,0,0,0,2.47,0,4.26,10.22,0,0,0,0,0,0,0,0,0,0,0,0,0,0,59,45,0,1000,6,75,0,844,0.5,0,0,400,3,0,"wq",0,0,0,0,0,0,0,13,10,1140
14,75.94,0,0,0,0,0,4.5,19.56,0,0,0,0,0,0,0,0,0,0,0,0,0,0,53,45,0,1000,6,75,0,844,0.5,0,0,0,0,0,"wq",0,0,0,0,0,0,0,13,10,240
14,75.94,0,0,0,0,0,4.5,19.56,0,0,0,0,0,0,0,0,0,0,0,0,0,0,60,45,0,1000,6,75,0,844,0.5,0,0,400,3,0,"wq",0,0,0,0,0,0,0,13,10,860
15,72.61,0,0,0,2.68,0,4.62,20.09,0,0,0,0,0,0,0,0,0,0,0,0,0,0,61,45,0,1000,6,75,0,844,0.5,0,0,400,3,0,"wq",0,0,0,0,0,0,0,13,10,570
15,72.61,0,0,0,2.68,0,4.62,20.09,0,0,0,0,0,0,0,0,0,0,0,0,0,0,54,45,0,1000,6,75,0,844,0.5,0,0,0,0,0,"wq",0,0,0,0,0,0,0,13,10,580
16,74.48,0,0,0,0,0,4.57,19.87,0,0,0,0,0,0,1.08,0,0,0,0,0,0,0,55,45,0,1000,6,75,0,844,0.5,0,0,0,0,0,"wq",0,0,0,0,0,0,0,13,10,480
16,74.48,0,0,0,0,0,4.57,19.87,0,0,0,0,0,0,1.08,0,0,0,0,0,0,0,62,45,0,1000,6,75,0,844,0.5,0,0,400,3,0,"wq",0,0,0,0,0,0,0,13,10,520
17,72.52,0,0,0,0,0,4.67,20.29,0,0,0,0,0,0,2.52,0,0,0,0,0,0,0,56,45,0,1000,6,75,0,844,0.5,0,0,0,0,0,"wq",0,0,0,0,0,0,0,13,10,380
17,72.52,0,0,0,0,0,4.67,20.29,0,0,0,0,0,0,2.52,0,0,0,0,0,0,0,63,45,0,1000,6,75,0,844,0.5,0,0,400,3,0,"wq",0,0,0,0,0,0,0,13,10,930
18,71.43,0,0,0,0,0,4.72,20.52,0,0,0,0,0,0,3.33,0,0,0,0,0,0,0,57,45,0,1000,6,75,0,844,0.5,0,0,0,0,0,"wq",0,0,0,0,0,0,0,13,10,500
18,71.43,0,0,0,0,0,4.72,20.52,0,0,0,0,0,0,3.33,0,0,0,0,0,0,0,64,45,0,1000,6,75,0,844,0.5,0,0,400,3,0,"wq",0,0,0,0,0,0,0,13,10,570
28,86.2,10.2,0,0,0,3.6,0,0,0,0,0,0,0,0,0,0,0,0,0,0,0,0,101,NA,0,0,0,0,0,0,0,0,0,0,0,0,"wq",0,0,0,0,0,0,0,14,12,870
29,74.43,0,0,0,0,0,0,25.57,0,0,0,0,0,0,0,0,0,0,0,0,0,0,102,NA,0,0,0,0,0,0,0,0,0,0,0,0,"wq",0,0,0,0,0,0,0,14,12,609
30,73.86,0,0,0,0,0,0,25.8,0,0,0,0,0,0,0,0.33,0,0,0,0,0,0,103,NA,0,0,0,0,0,0,0,0,0,0,0,0,"wq",0,0,0,0,0,0,0,14,12,841
31,72.69,0,0,0,0,0,0,26.28,0,0,0,0,0,0,0,1.03,0,0,0,0,0,0,104,NA,0,0,0,0,0,0,0,0,0,0,0,0,"wq",0,0,0,0,0,0,0,14,12,833
32,71.48,0,0,0,0,0,0,26.78,0,0,0,0,0,0,0,1.74,0,0,0,0,0,0,105,NA,0,0,0,0,0,0,0,0,0,0,0,0,"wq",0,0,0,0,0,0,0,14,12,877
33,70.21,0,0,0,0,0,0,27.3,0,0,0,0,0,0,0,2.49,0,0,0,0,0,0,106,NA,0,0,0,0,0,0,0,0,0,0,0,0,"wq",0,0,0,0,0,0,0,14,12,835
35,85.3,10.2,0,0,0,4.5,0,0,0,0,0,0,0,0,0,0,0,0,0,0,0,0,108,45,0,1000,6,75,0,844,0.5,0,0,0,0,0,"wq",0,0,0,0,0,0,0,14,13,688
36,83.42,10.32,0,0,0,5.47,0,0,0,0,0,0,0,0,0.78,0,0,0,0,0,0,0,109,45,0,1000,6,75,0,844,0.5,0,0,0,3,0,"wq",0,0,0,0,0,0,0,14,13,763
46,84.55,0,0,7.79,0,0,0,7.65,0,0,0,0,0,0,0,0,0,0,0,0,0,0,121,45,0,1000,6,75,0,844,0.5,0,0,0,0,0,"wq",0,0,0,0,0,0,0,14,13,618
46,84.55,0,0,7.79,0,0,0,7.65,0,0,0,0,0,0,0,0,0,0,0,0,0,0,122,45,0,1000,6,75,0,844,0.5,0,0,0,3,0,"wq",0,0,0,0,0,0,0,14,13,858
47,71.97,0,0,3.25,0,0,4.64,20.14,0,0,0,0,0,0,0,0,0,0,0,0,0,0,123,45,0,1000,6,75,0,844,0.5,0,0,0,0,0,"wq",0,0,0,0,0,0,0,14,13,250
47,71.97,0,0,3.25,0,0,4.64,20.14,0,0,0,0,0,0,0,0,0,0,0,0,0,0,124,45,0,1000,6,75,0,844,0.5,0,0,400,3,0,"wq",0,0,0,0,0,0,0,14,13,874
48,83.05,0,0,0,2.47,0,4.26,10.22,0,0,0,0,0,0,0,0,0,0,0,0,0,0,125,45,0,1000,6,75,0,844,0.5,0,0,0,0,0,"wq",0,0,0,0,0,0,0,14,13,1198
48,83.05,0,0,0,2.47,0,4.26,10.22,0,0,0,0,0,0,0,0,0,0,0,0,0,0,126,45,0,1000,6,75,0,844,0.5,0,0,400,3,0,"wq",0,0,0,0,0,0,0,14,13,884
49,75.94,0,0,0,0,0,4.5,19.56,0,0,0,0,0,0,0,0,0,0,0,0,0,0,127,45,0,1000,6,75,0,844,0.5,0,0,0,0,0,"wq",0,0,0,0,0,0,0,14,13,211
49,75.94,0,0,0,0,0,4.5,19.56,0,0,0,0,0,0,0,0,0,0,0,0,0,0,128,45,0,1000,6,75,0,844,0.5,0,0,0,3,0,"wq",0,0,0,0,0,0,0,14,13,874
50,72.61,0,0,0,2.68,0,4.62,20.09,0,0,0,0,0,0,0,0,0,0,0,0,0,0,129,45,0,1000,6,75,0,844,0.5,0,0,0,0,0,"wq",0,0,0,0,0,0,0,14,13,601
50,72.61,0,0,0,2.68,0,4.62,20.09,0,0,0,0,0,0,0,0,0,0,0,0,0,0,130,45,0,1000,6,75,0,844,0.5,0,0,0,3,0,"wq",0,0,0,0,0,0,0,14,13,1198
51,74.48,0,0,0,0,0,4.58,19.87,0,0,0,0,0,0,1.07,0,0,0,0,0,0,0,131,45,0,1000,6,75,0,844,0.5,0,0,0,0,0,"wq",0,0,0,0,0,0,0,14,13,433
51,74.48,0,0,0,0,0,4.58,19.87,0,0,0,0,0,0,1.07,0,0,0,0,0,0,0,132,45,0,1000,6,75,0,844,0.5,0,0,0,3,0,"wq",0,0,0,0,0,0,0,14,13,884
52,72.52,0,0,0,0,0,4.67,20.29,0,0,0,0,0,0,2.52,0,0,0,0,0,0,0,133,45,0,1000,6,75,0,844,0.5,0,0,0,0,0,"wq",0,0,0,0,0,0,0,14,13,508
52,72.52,0,0,0,0,0,4.67,20.29,0,0,0,0,0,0,2.52,0,0,0,0,0,0,0,134,45,0,1000,6,75,0,844,0.5,0,0,400,3,0,"wq",0,0,0,0,0,0,0,14,13,591
53,71.43,0,0,0,0,0,4.72,20.52,0,0,0,0,0,0,3.32,0,0,0,0,0,0,0,135,45,0,1000,6,75,0,844,0.5,0,0,0,0,0,"wq",0,0,0,0,0,0,0,14,13,504
53,71.43,0,0,0,0,0,4.72,20.52,0,0,0,0,0,0,3.32,0,0,0,0,0,0,0,136,45,0,1000,6,75,0,844,0.5,0,0,0,3,0,"wq",0,0,0,0,0,0,0,14,13,586
54,0.906,0,0,0,0.055,0,0,0.039,0,0,0,0,0,0,0,0,0,0,0,0,0,0,137,NA,0,850,0,0,0,900,1,0,0,0,0,0,"wq",0,0,0,0,0,0,0,15,14,664
54,0.906,0,0,0,0.055,0,0,0.039,0,0,0,0,0,0,0,0,0,0,0,0,0,0,141,NA,0,850,0,0,0,900,1,0,0,650,0.5,0,"wq",0,0,0,0,0,0,0,15,14,484
74,77.8,0,0,0,22.2,0,0,0,0,0,0,0,0,0,0,0,0,0,0,0,0,0,166,NA,0,0,0,0,0,0,0,0,0,0,0,0,"wq",0,0,0,0,0,0,0,13,16,660
75,88.2,0,0,0,11.8,0,0,0,0,0,0,0,0,0,0,0,0,0,0,0,0,0,167,NA,0,0,0,0,0,0,0,0,0,0,0,0,"wq",0,0,0,0,0,0,0,13,16,696
76,78,0,0,0,11.2,0,0,10.8,0,0,0,0,0,0,0,0,0,0,0,0,0,0,168,NA,0,0,0,0,0,0,0,0,0,0,0,0,"wq",0,0,0,0,0,0,0,13,16,499
77,78.2,0,0,10.6,11.2,0,0,0,0,0,0,0,0,0,0,0,0,0,0,0,0,0,169,NA,0,0,0,0,0,0,0,0,0,0,0,0,"wq",0,0,0,0,0,0,0,13,16,683
78,75.8,0,0,0,10.8,0,0,0,0,0,0,0,0,0,13.4,0,0,0,0,0,0,0,170,NA,0,0,0,0,0,0,0,0,0,0,0,0,"wq",0,0,0,0,0,0,0,13,16,835
79,69,0,0,10.1,10.6,0,0,10.3,0,0,0,0,0,0,0,0,0,0,0,0,0,0,171,NA,0,0,0,0,0,0,0,0,0,0,0,0,"wq",0,0,0,0,0,0,0,13,16,737
80,60.8,0,0,19.3,10.1,0,0,9.8,0,0,0,0,0,0,0,0,0,0,0,0,0,0,172,NA,0,0,0,0,0,0,0,0,0,0,0,0,"wq",0,0,0,0,0,0,0,13,16,739
81,63.3,0,0,27.7,9.6,0,0,9.4,0,0,0,0,0,0,0,0,0,0,0,0,0,0,173,NA,0,0,0,0,0,0,0,0,0,0,0,0,"wq",0,0,0,0,0,0,0,13,16,664
82,68.1,0,0,10,5.2,0,0,10.2,0,0,0,0,0,0,6.5,0,0,0,0,0,0,0,174,NA,0,0,0,0,0,0,0,0,0,0,0,0,"wq",0,0,0,0,0,0,0,13,16,478
83,60,0,0,19.1,5,0,0,9.7,0,0,0,0,0,0,6.2,0,0,0,0,0,0,0,175,NA,0,0,0,0,0,0,0,0,0,0,0,0,"wq",0,0,0,0,0,0,0,13,16,769
84,70.4,0,0,0,10.1,0,0,19.5,0,0,0,0,0,0,0,0,0,0,0,0,0,0,176,NA,0,0,0,0,0,0,0,0,0,0,0,0,"wq",0,0,0,0,0,0,0,13,16,424
85,69.6,0,0,0,4.9,0,0,19.4,0,0,0,0,0,0,6.1,0,0,0,0,0,0,0,177,NA,0,0,0,0,0,0,0,0,0,0,0,0,"wq",0,0,0,0,0,0,0,13,16,471
86,62.5,0,0,9.2,9.6,0,0,18.7,0,0,0,0,0,0,0,0,0,0,0,0,0,0,178,NA,0,0,0,0,0,0,0,0,0,0,0,0,"wq",0,0,0,0,0,0,0,13,16,499
87,55.3,0,0,17.6,9.2,0,0,17.9,0,0,0,0,0,0,0,0,0,0,0,0,0,0,179,NA,0,0,0,0,0,0,0,0,0,0,0,0,"wq",0,0,0,0,0,0,0,13,16,672
88,61,0,0,9,0,0,0,18.3,0,0,0,0,0,0,11.7,0,0,0,0,0,0,0,180,NA,0,0,0,0,0,0,0,0,0,0,0,0,"wq",0,0,0,0,0,0,0,13,16,560
89,54,0,0,17.2,0,0,0,17.6,0,0,0,0,0,0,11.2,0,0,0,0,0,0,0,181,NA,0,0,0,0,0,0,0,0,0,0,0,0,"wq",0,0,0,0,0,0,0,13,16,739
90,61.9,0,0,9.1,4.7,0,0,18.5,0,0,0,0,0,0,5.8,0,0,0,0,0,0,0,182,NA,0,0,0,0,0,0,0,0,0,0,0,0,"wq",0,0,0,0,0,0,0,13,16,499
91,54.7,0,0,17.4,4.5,0,0,17.8,0,0,0,0,0,0,5.6,0,0,0,0,0,0,0,183,NA,0,0,0,0,0,0,0,0,0,0,0,0,"wq",0,0,0,0,0,0,0,13,16,481
92,64.1,0,0,0,9.2,0,0,26.7,0,0,0,0,0,0,0,0,0,0,0,0,0,0,184,NA,0,0,0,0,0,0,0,0,0,0,0,0,"wq",0,0,0,0,0,0,0,13,16,394
93,62.8,0,0,0,0,0,0,26.2,0,0,0,0,0,0,11,0,0,0,0,0,0,0,185,NA,0,0,0,0,0,0,0,0,0,0,0,0,"wq",0,0,0,0,0,0,0,13,16,397
94,57.2,0,0,8.4,8.8,0,0,25.6,0,0,0,0,0,0,0,0,0,0,0,0,0,0,186,NA,0,0,0,0,0,0,0,0,0,0,0,0,"wq",0,0,0,0,0,0,0,13,16,570
95,50.8,0,0,16.1,8.5,0,0,24.6,0,0,0,0,0,0,0,0,0,0,0,0,0,0,187,NA,0,0,0,0,0,0,0,0,0,0,0,0,"wq",0,0,0,0,0,0,0,13,16,686
96,56.1,0,0,8.1,0,0,0,25.2,0,0,0,0,0,0,10.6,0,0,0,0,0,0,0,188,NA,0,0,0,0,0,0,0,0,0,0,0,0,"wq",0,0,0,0,0,0,0,13,16,695
97,49.8,0,0,15.8,0,0,0,24.2,0,0,0,0,0,0,10.2,0,0,0,0,0,0,0,189,NA,0,0,0,0,0,0,0,0,0,0,0,0,"wq",0,0,0,0,0,0,0,13,16,542
98,56.6,0,0,8.2,4.4,0,0,25.4,0,0,0,0,0,0,5.4,0,0,0,0,0,0,0,190,NA,0,0,0,0,0,0,0,0,0,0,0,0,"wq",0,0,0,0,0,0,0,13,16,435
99,50.2,0,0,15.9,4.2,0,0,24.4,0,0,0,0,0,0,5.2,0,0,0,0,0,0,0,191,NA,0,0,0,0,0,0,0,0,0,0,0,0,"wq",0,0,0,0,0,0,0,13,16,534
110,70.25,0,0,0,0,0,0,0,0,3.7,0,18.93,0,0,0,0,0,0,0,0,7.12,0,205,NA,0,0,0,0,0,0,0,0,0,0,0,0,"wq",0,0,0,0,0,0,0,14,19,2446
111,71.97,0,0,3.25,0,0,4.64,20.14,0,0,0,0,0,0,0,0,0,0,0,0,0,0,212,NA,0,0,0,0,0,790,1,0,0,0,0,0,"wq",0,0,0,0,0,0,0,14,20,407.41
111,71.97,0,0,3.25,0,0,4.64,20.14,0,0,0,0,0,0,0,0,0,0,0,0,0,0,213,NA,0,0,0,19.17,0,790,1,0,0,0,0,0,"wq",0,0,0,0,0,0,0,14,20,379.63
111,71.97,0,0,3.25,0,0,4.64,20.14,0,0,0,0,0,0,0,0,0,0,0,0,0,0,214,NA,0,0,0,35.99,0,790,1,0,0,0,0,0,"wq",0,0,0,0,0,0,0,14,20,375.11
111,71.97,0,0,3.25,0,0,4.64,20.14,0,0,0,0,0,0,0,0,0,0,0,0,0,0,215,NA,0,0,0,51.06,0,790,1,0,0,0,0,0,"wq",0,0,0,0,0,0,0,14,20,513.89
111,71.97,0,0,3.25,0,0,4.64,20.14,0,0,0,0,0,0,0,0,0,0,0,0,0,0,216,NA,0,0,0,63.94,0,790,1,0,0,0,0,0,"wq",0,0,0,0,0,0,0,14,20,564.81
111,71.97,0,0,3.25,0,0,4.64,20.14,0,0,0,0,0,0,0,0,0,0,0,0,0,0,217,NA,0,0,0,83.38,0,790,1,0,0,0,0,0,"wq",0,0,0,0,0,0,0,14,20,590.28
113,0.93,0,0,0,0.053,0,0,0.017,0,0,0,0,0,0,0,0,0,0,0,0,0,0,218,NA,0,0,0,0,0,0,0,0,0,0,0,0,"wq",0,0,0,0,0,0,0,15,21,1854
114,0.906,0,0,0,0.055,0,0,0.039,0,0,0,0,0,0,0,0,0,0,0,0,0,0,219,NA,0,0,0,0,0,0,0,0,0,0,0,0,"wq",0,0,0,0,0,0,0,15,21,1685
115,0.888,0,0,0,0.055,0,0,0.057,0,0,0,0,0,0,0,0,0,0,0,0,0,0,220,NA,0,0,0,0,0,0,0,0,0,0,0,0,"wq",0,0,0,0,0,0,0,15,21,1404
116,0.81,0,0,0.025,0.009,0,0,0.117,0,0,0,0,0,0,0.039,0,0,0,0,0,0,0,221,NA,0,957,2,0,0,847,1,74.35,0,900,1,0,"wq",0,0,0,0,0,0,0,15,22,258
116,0.81,0,0,0.025,0.009,0,0,0.117,0,0,0,0,0,0,0.039,0,0,0,0,0,0,0,228,NA,0,957,2,0,0,847,1,74.35,0,900,1,0,"wq",550,2,0,0,0,0,0,15,22,823
117,81.17,0,0,6.27,3.16,0,0,6.27,0,0,0,0,0,0,3.13,0,0,0,0,0,0,0,229,10,0,0,0,0,0,0,0,0,0,0,0,0,"wq",0,0,0,0,0,0,0,13,23,478
118,76.38,0,0,5.91,2.96,0,0,11.8,0,0,0,0,0,0,2.95,0,0,0,0,0,0,0,230,10,0,0,0,0,0,0,0,0,0,0,0,0,"wq",0,0,0,0,0,0,0,13,23,499
119,79.36,0,0,5.9,2.96,0,0,8.85,0,0,0,0,0,0,2.93,0,0,0,0,0,0,0,231,10,0,0,0,0,0,0,0,0,0,0,0,0,"wq",0,0,0,0,0,0,0,13,23,566
120,82.3,0,0,5.9,2.95,0,0,5.9,0,0,0,0,0,0,2.95,0,0,0,0,0,0,0,232,10,0,0,0,0,0,0,0,0,0,0,0,0,"wq",0,0,0,0,0,0,0,13,23,235
121,85.25,0,0,2.97,2.94,0,0,5.9,0,0,0,0,0,0,2.94,0,0,0,0,0,0,0,233,10,0,0,0,0,0,0,0,0,0,0,0,0,"wq",0,0,0,0,0,0,0,13,23,275
122,81.22,0,0,3.13,3.16,0,0,9.36,0,0,0,0,0,0,3.13,0,0,0,0,0,0,0,234,10,0,0,0,0,0,0,0,0,0,0,0,0,"wq",0,0,0,0,0,0,0,13,23,533
129,69.3,0,0,4.92,0,0,1.78,24,0,0,0,0,0,0,0,0,0,0,0,0,0,0,243,NA,0,1000,2,89,0,1000,2,0,0,0,0,0,"wq",0,0,0,0,0,0,0,13,25,550
130,67.53,0,0,4.86,0,0,0,27.61,0,0,0,0,0,0,0,0,0,0,0,0,0,0,244,NA,0,1000,2,89,0,1000,2,0,0,0,0,0,"wq",0,0,0,0,0,0,0,13,25,490
139,0.85,0,0,0,0.12,0,0,0.03,0,0,0,0,0,0,0,0,0,0,0,0,0,0,282,35,0,1000,24,0,0,780,0,80,0,950,1,0,"wq",0,0,0,0,0,0,0,15,30,450
141,87.5,0,0,0,4,0,0,7.5,0,0,0,0,0,0,1,0,0,0,0,0,0,0,284,NA,0,800,0,50,0,1000,0.5,0,0,0,0,0,"wq",0,0,0,0,0,0,0,13,31,465.1
142,86.5,0,0,0,4,0,0,7.5,0,0,0,0,0,0,2,0,0,0,0,0,0,0,285,NA,0,800,0,50,0,1000,0.5,0,0,0,0,0,"wq",0,0,0,0,0,0,0,13,31,419.9
143,85.5,0,0,0,4,0,0,7.5,0,0,0,0,0,0,3,0,0,0,0,0,0,0,286,NA,0,800,0,50,0,1000,0.5,0,0,0,0,0,"wq",0,0,0,0,0,0,0,13,31,530.9
158,73.59,0,0,3.27,0,0,0,23.14,0,0,0,0,0,0,0,0,0,0,0,0,0,0,301,NA,0,950,5,87.5,0,250,0.33,0,0,0,0,0,"wq",0,0,0,0,0,0,0,13,33,686
158,73.59,0,0,3.27,0,0,0,23.14,0,0,0,0,0,0,0,0,0,0,0,0,0,0,302,NA,0,950,5,87.5,0,350,0.33,0,0,0,0,0,"wq",0,0,0,0,0,0,0,13,33,912
158,73.59,0,0,3.27,0,0,0,23.14,0,0,0,0,0,0,0,0,0,0,0,0,0,0,303,NA,0,950,5,87.5,0,425,0.33,0,0,0,0,0,"wq",0,0,0,0,0,0,0,13,33,622
159,95.14,0,0,0,3.16,0,0,0,0,0,0,0,0,1.7,0,0,0,0,0,0,0,0,304,NA,0,20,0,0,0,0,0,0,0,0,0,0,"wq",0,0,0,0,0,0,0,14,34,1187.7
159,95.14,0,0,0,3.16,0,0,0,0,0,0,0,0,1.7,0,0,0,0,0,0,0,0,305,NA,0,300,0.083,0,0,0,0,0,0,0,0,0,"wq",0,0,0,0,0,0,0,14,34,1251
159,95.14,0,0,0,3.16,0,0,0,0,0,0,0,0,1.7,0,0,0,0,0,0,0,0,306,NA,0,300,0.5,0,0,0,0,0,0,0,0,0,"wq",0,0,0,0,0,0,0,14,34,1356.6
159,95.14,0,0,0,3.16,0,0,0,0,0,0,0,0,1.7,0,0,0,0,0,0,0,0,307,NA,0,300,4,0,0,0,0,0,0,0,0,0,"wq",0,0,0,0,0,0,0,14,34,1493.8
159,95.14,0,0,0,3.16,0,0,0,0,0,0,0,0,1.7,0,0,0,0,0,0,0,0,308,NA,0,400,0.083,0,0,0,0,0,0,0,0,0,"wq",0,0,0,0,0,0,0,14,34,1367.2
159,95.14,0,0,0,3.16,0,0,0,0,0,0,0,0,1.7,0,0,0,0,0,0,0,0,309,NA,0,400,0.5,0,0,0,0,0,0,0,0,0,"wq",0,0,0,0,0,0,0,14,34,1583.6
159,95.14,0,0,0,3.16,0,0,0,0,0,0,0,0,1.7,0,0,0,0,0,0,0,0,310,NA,0,400,4,0,0,0,0,0,0,0,0,0,"wq",0,0,0,0,0,0,0,14,34,1614.6
159,95.14,0,0,0,3.16,0,0,0,0,0,0,0,0,1.7,0,0,0,0,0,0,0,0,311,NA,0,500,0.083,0,0,0,0,0,0,0,0,0,"wq",0,0,0,0,0,0,0,14,34,1514.3
159,95.14,0,0,0,3.16,0,0,0,0,0,0,0,0,1.7,0,0,0,0,0,0,0,0,312,NA,0,500,0.5,0,0,0,0,0,0,0,0,0,"wq",0,0,0,0,0,0,0,14,34,1657.5
159,95.14,0,0,0,3.16,0,0,0,0,0,0,0,0,1.7,0,0,0,0,0,0,0,0,313,NA,0,500,4,0,0,0,0,0,0,0,0,0,"wq",0,0,0,0,0,0,0,14,34,1536.1
159,95.14,0,0,0,3.16,0,0,0,0,0,0,0,0,1.7,0,0,0,0,0,0,0,0,314,NA,0,600,0.083,0,0,0,0,0,0,0,0,0,"wq",0,0,0,0,0,0,0,14,34,1430.5
159,95.14,0,0,0,3.16,0,0,0,0,0,0,0,0,1.7,0,0,0,0,0,0,0,0,315,NA,0,600,0.5,0,0,0,0,0,0,0,0,0,"wq",0,0,0,0,0,0,0,14,34,1266.9
159,95.14,0,0,0,3.16,0,0,0,0,0,0,0,0,1.7,0,0,0,0,0,0,0,0,316,NA,0,600,4,0,0,0,0,0,0,0,0,0,"wq",0,0,0,0,0,0,0,14,34,1124.3
160,82.13,0,0,3.96,7.98,0,0,5.13,0,0,0,0,0,0,0,0,0,0,0,0,0,0,317,30,0,1000,24,0,0,800,0,20,0,950,0,0,"wq",0,0,0,0,0,0,0,14,35,899
161,84.11,0,0,2.97,7.98,0,0,4.94,0,0,0,0,0,0,0,0,0,0,0,0,0,0,318,30,0,1000,24,0,0,800,0,20,0,950,0,0,"wq",0,0,0,0,0,0,0,14,35,947
162,86.21,0,0,2.01,7.98,0,0,3.89,0,0,0,0,0,0,0,0,0,0,0,0,0,0,319,30,0,1000,24,0,0,800,0,20,0,950,0,0,"wq",0,0,0,0,0,0,0,14,35,798
163,84.04,0,0,5.02,7.98,0,0,2.96,0,0,0,0,0,0,0,0,0,0,0,0,0,0,320,30,0,1000,24,0,0,800,0,20,0,950,0,0,"wq",0,0,0,0,0,0,0,14,35,483
164,0.76,0,0,0,0,0,0,0.24,0,0,0,0,0,0,0,0,0,0,0,0,0,0,321,NA,0,950,20,95,0,900,1,0,0,0,0,0,"wq",0,0,0,0,0,0,0,15,36,250
164,0.76,0,0,0,0,0,0,0.24,0,0,0,0,0,0,0,0,0,0,0,0,0,0,323,NA,0,950,20,95,0,900,1,0,0,300,0.167,0,"wq",0,0,0,0,0,0,0,15,36,750
164,0.76,0,0,0,0,0,0,0.24,0,0,0,0,0,0,0,0,0,0,0,0,0,0,325,NA,0,950,20,95,0,900,1,0,0,600,0.167,0,"wq",0,0,0,0,0,0,0,15,36,440
165,0.74,0,0,0,0,0,0,0.26,0,0,0,0,0,0,0,0,0,0,0,0,0,0,322,NA,0,950,20,95,0,900,1,0,0,0,0,0,"wq",0,0,0,0,0,0,0,15,36,300
165,0.74,0,0,0,0,0,0,0.26,0,0,0,0,0,0,0,0,0,0,0,0,0,0,324,NA,0,950,20,95,0,900,1,0,0,300,0.167,0,"wq",0,0,0,0,0,0,0,15,36,760
165,0.74,0,0,0,0,0,0,0.26,0,0,0,0,0,0,0,0,0,0,0,0,0,0,326,NA,0,950,20,95,0,900,1,0,0,600,0.167,0,"wq",0,0,0,0,0,0,0,15,36,400
166,0.9611,0,0,0,0.0389,0,0,0,0,0,0,0,0,0,0,0,0,0,0,0,0,0,327,30,0,0,0,0,0,0,0,0,0,0,0,0,"wq",0,0,0,0,0,0,0,15,37,737
167,0.9191,0,0,0,0.0809,0,0,0,0,0,0,0,0,0,0,0,0,0,0,0,0,0,328,30,0,0,0,0,0,0,0,0,0,0,0,0,"wq",0,0,0,0,0,0,0,15,37,745
168,0.862,0.102,0,0,0,0.036,0,0,0,0,0,0,0,0,0,0,0,0,0,0,0,0,329,30,0,0,0,0,0,0,0,0,0,0,0,0,"wq",0,0,0,0,0,0,0,15,37,999
169,84.55,0,0,7.79,0,0,0,7.66,0,0,0,0,0,0,0,0,0,0,0,0,0,0,330,NA,0,900,1,0,0,350,5,0,0,0,0,0,"wq",0,0,0,0,0,0,0,13,38,714
169,84.55,0,0,7.79,0,0,0,7.66,0,0,0,0,0,0,0,0,0,0,0,0,0,0,331,NA,0,900,1,0,0,450,5,0,0,0,0,0,"wq",0,0,0,0,0,0,0,13,38,808
169,84.55,0,0,7.79,0,0,0,7.66,0,0,0,0,0,0,0,0,0,0,0,0,0,0,332,NA,0,900,1,0,0,550,5,0,0,0,0,0,"wq",0,0,0,0,0,0,0,13,38,819
169,84.55,0,0,7.79,0,0,0,7.66,0,0,0,0,0,0,0,0,0,0,0,0,0,0,333,30,0,0,0,0,0,0,0,0,0,0,0,0,"wq",0,0,0,0,0,0,0,13,38,710
177,80,0,0,0,0,0,0,3,0,0,0,14,0,0,3,0,0,0,0,0,0,0,349,NA,0,0,0,0,0,0,0,0,0,0,0,0,"wq",0,0,0,0,0,0,0,14,41,1880
178,82,0,0,0,0,0,0,3,0,0,0,12,0,0,3,0,0,0,0,0,0,0,350,NA,0,0,0,0,0,0,0,0,0,0,0,0,"wq",0,0,0,0,0,0,0,14,41,1600
179,84,0,0,0,0,0,0,3,0,0,0,10,0,0,3,0,0,0,0,0,0,0,351,NA,0,0,0,0,0,0,0,0,0,0,0,0,"wq",0,0,0,0,0,0,0,14,41,1470
182,0.9976,0,0,0,0,0,0.0122,0.0102,0,0,0,0,0,0,0,0,0,0,0,0,0,0,368,NA,0,830,0,0,0,650,0,0,0,0,0,0,"wq",0,0,0,0,0,0,0,15,43,338.29
182,0.9976,0,0,0,0,0,0.0122,0.0102,0,0,0,0,0,0,0,0,0,0,0,0,0,0,369,NA,0,830,0,0,0,650,0,0,0,700,4,0,"wq",0,0,0,0,0,0,0,15,43,313.58
182,0.9976,0,0,0,0,0,0.0122,0.0102,0,0,0,0,0,0,0,0,0,0,0,0,0,0,370,NA,0,830,0,0,0,650,0,0,0,840,2,0,"wq",0,0,0,0,0,0,0,15,43,302.98
182,0.9976,0,0,0,0,0,0.0122,0.0102,0,0,0,0,0,0,0,0,0,0,0,0,0,0,371,NA,0,830,0,0,0,650,0,0,0,550,4,0,"wq",0,0,0,0,0,0,0,15,43,320.33
182,0.9976,0,0,0,0,0,0.0122,0.0102,0,0,0,0,0,0,0,0,0,0,0,0,0,0,372,NA,0,830,0,0,0,650,0,0,0,600,4,0,"wq",0,0,0,0,0,0,0,15,43,314.39
182,0.9976,0,0,0,0,0,0.0122,0.0102,0,0,0,0,0,0,0,0,0,0,0,0,0,0,373,NA,0,830,0,0,0,650,0,0,0,700,4,0,"wq",0,0,0,0,0,0,0,15,43,303.73
182,0.9976,0,0,0,0,0,0.0122,0.0102,0,0,0,0,0,0,0,0,0,0,0,0,0,0,374,NA,0,830,0,0,0,650,0,0,0,750,4,0,"wq",0,0,0,0,0,0,0,15,43,296.03
191,96.29,0,0,0,0,0,0,0,0,0,0,0,3.71,0,0,0,0,0,0,0,0,0,388,NA,0,800,0.5,0,0,0,0,0,0,0,0,0,"wq",0,0,0,0,0,0,0,13,47,651
192,92.48,0,0,0,0,0,0,0,0,0,0,0,7.52,0,0,0,0,0,0,0,0,0,389,NA,0,800,0.5,0,0,0,0,0,0,0,0,0,"wq",0,0,0,0,0,0,0,13,47,934
193,84.53,0,0,0,0,0,0,0,0,0,0,0,15.47,0,0,0,0,0,0,0,0,0,390,NA,0,800,0.5,0,0,0,0,0,0,0,0,0,"wq",0,0,0,0,0,0,0,13,47,1136
194,76.12,0,0,0,0,0,0,0,0,0,0,0,23.88,0,0,0,0,0,0,0,0,0,391,NA,0,800,0.5,0,0,0,0,0,0,0,0,0,"wq",0,0,0,0,0,0,0,13,47,1241
195,83,8.78,0,0,2.38,4.37,0,0,0,0.65,0,0.82,0,0,0,0,0,0,0,0,0,0,392,NA,0,950,0.5,30,20,950,0,0,0.25,530,8,0,"wq",0,0,0,0,0,0,0,14,48,1755
195,83,8.78,0,0,2.38,4.37,0,0,0,0.65,0,0.82,0,0,0,0,0,0,0,0,0,0,393,NA,0,950,0.5,30,20,950,0,0,0.25,560,8,0,"wq",0,0,0,0,0,0,0,14,48,1680
195,83,8.78,0,0,2.38,4.37,0,0,0,0.65,0,0.82,0,0,0,0,0,0,0,0,0,0,394,NA,0,950,0.5,30,20,950,0,0,20,560,8,0,"wq",0,0,0,0,0,0,0,14,48,1560
195,83,8.78,0,0,2.38,4.37,0,0,0,0.65,0,0.82,0,0,0,0,0,0,0,0,0,0,395,NA,0,950,0.5,30,20,950,0,0,0.25,600,8,0,"wq",0,0,0,0,0,0,0,14,48,1240
195,83,8.78,0,0,2.38,4.37,0,0,0,0.65,0,0.82,0,0,0,0,0,0,0,0,0,0,396,NA,0,950,0.5,30,20,950,0,0,2,600,8,0,"wq",0,0,0,0,0,0,0,14,48,1350
195,83,8.78,0,0,2.38,4.37,0,0,0,0.65,0,0.82,0,0,0,0,0,0,0,0,0,0,397,NA,0,950,0.5,30,20,950,0,0,0.25,640,8,0,"wq",0,0,0,0,0,0,0,14,48,1330
195,83,8.78,0,0,2.38,4.37,0,0,0,0.65,0,0.82,0,0,0,0,0,0,0,0,0,0,398,NA,0,950,0.5,30,20,950,0,0,2,640,8,0,"wq",0,0,0,0,0,0,0,14,48,1360
195,83,8.78,0,0,2.38,4.37,0,0,0,0.65,0,0.82,0,0,0,0,0,0,0,0,0,0,424,NA,0,950,0.5,30,20,820,0,0,20,640,8,0,"wq",0,0,0,0,0,0,0,14,48,1450
195,83,8.78,0,0,2.38,4.37,0,0,0,0.65,0,0.82,0,0,0,0,0,0,0,0,0,0,421,NA,0,950,0.5,30,20,820,0,0,0.25,600,8,0,"wq",0,0,0,0,0,0,0,14,48,1480
195,83,8.78,0,0,2.38,4.37,0,0,0,0.65,0,0.82,0,0,0,0,0,0,0,0,0,0,422,NA,0,950,0.5,30,20,820,0,0,20,600,8,0,"wq",0,0,0,0,0,0,0,14,48,1520
195,83,8.78,0,0,2.38,4.37,0,0,0,0.65,0,0.82,0,0,0,0,0,0,0,0,0,0,423,NA,0,950,0.5,30,20,820,0,0,0.25,640,8,0,"wq",0,0,0,0,0,0,0,14,48,1427
196,76.23,5,0,0,0,14.67,0,0,0,2.92,0,0,0,0,1.18,0,0,0,0,0,0,0,399,NA,0,900,0.5,70,10,860,0,0,0.25,450,8,0,"wq",0,0,0,0,0,0,0,14,48,1180
196,76.23,5,0,0,0,14.67,0,0,0,2.92,0,0,0,0,1.18,0,0,0,0,0,0,0,400,NA,0,900,0.5,70,10,860,0,0,0.25,450,16,0,"wq",0,0,0,0,0,0,0,14,48,1270
196,76.23,5,0,0,0,14.67,0,0,0,2.92,0,0,0,0,1.18,0,0,0,0,0,0,0,401,NA,0,900,0.5,70,10,860,0,0,0.01,538,0,0,"wq",0,0,0,0,0,0,0,14,48,1255
196,76.23,5,0,0,0,14.67,0,0,0,2.92,0,0,0,0,1.18,0,0,0,0,0,0,0,402,NA,0,900,0.5,70,10,860,0,0,0.25,0,16,0,"wq",0,0,0,0,0,0,0,14,48,975
196,76.23,5,0,0,0,14.67,0,0,0,2.92,0,0,0,0,1.18,0,0,0,0,0,0,0,403,NA,0,900,0.5,70,10,860,0,0,0.25,450,16,80,"wq",0,0,0,0,0,0,0,14,48,1730
196,76.23,5,0,0,0,14.67,0,0,0,2.92,0,0,0,0,1.18,0,0,0,0,0,0,0,404,NA,0,900,0.5,70,10,860,0,0,0.25,500,16,80,"wq",0,0,0,0,0,0,0,14,48,1317
196,76.23,5,0,0,0,14.67,0,0,0,2.92,0,0,0,0,1.18,0,0,0,0,0,0,0,405,NA,0,900,0.5,70,10,860,0,0,0.25,538,16,80,"wq",0,0,0,0,0,0,0,14,48,1210
196,76.23,5,0,0,0,14.67,0,0,0,2.92,0,0,0,0,1.18,0,0,0,0,0,0,0,406,NA,0,900,0.5,70,10,860,0,0,0.25,300,8,0,"wq",450,16,0,0,0,0,0,14,48,1330
196,76.23,5,0,0,0,14.67,0,0,0,2.92,0,0,0,0,1.18,0,0,0,0,0,0,0,407,NA,0,900,0.5,70,10,860,0,0,0.25,300,8,0,"wq",538,8,0,0,0,0,0,14,48,996
196,76.23,5,0,0,0,14.67,0,0,0,2.92,0,0,0,0,1.18,0,0,0,0,0,0,0,425,NA,0,900,0.5,70,10,700,0,0,0.25,538,16,0,"wq",0,0,0,0,0,0,0,14,48,1285
196,76.23,5,0,0,0,14.67,0,0,0,2.92,0,0,0,0,1.18,0,0,0,0,0,0,0,408,NA,0,900,0.5,70,10,860,0,0,0.25,300,8,0,"wq",538,16,0,0,0,0,0,14,48,1030
197,84.93,5.51,0,0,8.01,0,0,1.54,0,0,0,0,0,0,0,0,0,0,0,0,0,0,414,NA,0,900,0.5,80,10,880,0,0,0.25,300,8,0,"wq",520,8,0,0,0,0,0,14,48,1620
197,84.93,5.51,0,0,8.01,0,0,1.54,0,0,0,0,0,0,0,0,0,0,0,0,0,0,428,NA,0,900,0.5,80,10,800,0,0,0.25,520,16,0,"wq",0,0,0,0,0,0,0,14,48,1590
197,84.93,5.51,0,0,8.01,0,0,1.54,0,0,0,0,0,0,0,0,0,0,0,0,0,0,429,NA,0,900,0.5,80,10,800,0,0,0.25,538,8,0,"wq",0,0,0,0,0,0,0,14,48,1400
197,84.93,5.51,0,0,8.01,0,0,1.54,0,0,0,0,0,0,0,0,0,0,0,0,0,0,413,NA,0,900,0.5,80,10,880,0,0,0.25,538,8,0,"wq",0,0,0,0,0,0,0,14,48,1388
197,84.93,5.51,0,0,8.01,0,0,1.54,0,0,0,0,0,0,0,0,0,0,0,0,0,0,409,NA,0,900,0.5,80,10,880,0,0,0.25,500,8,0,"wq",0,0,0,0,0,0,0,14,48,1400
197,84.93,5.51,0,0,8.01,0,0,1.54,0,0,0,0,0,0,0,0,0,0,0,0,0,0,410,NA,0,900,0.5,80,10,880,0,0,0.25,520,8,0,"wq",0,0,0,0,0,0,0,14,48,1489
197,84.93,5.51,0,0,8.01,0,0,1.54,0,0,0,0,0,0,0,0,0,0,0,0,0,0,411,NA,0,900,0.5,80,10,880,0,0,0.03,520,8,0,"wq",0,0,0,0,0,0,0,14,48,1560
197,84.93,5.51,0,0,8.01,0,0,1.54,0,0,0,0,0,0,0,0,0,0,0,0,0,0,430,NA,0,900,0.5,80,10,800,0,0,0.25,300,8,0,"wq",520,8,0,0,0,0,0,14,48,1651
197,84.93,5.51,0,0,8.01,0,0,1.54,0,0,0,0,0,0,0,0,0,0,0,0,0,0,426,NA,0,900,0.5,80,10,800,0,0,0.25,520,8,0,"wq",0,0,0,0,0,0,0,14,48,1550
197,84.93,5.51,0,0,8.01,0,0,1.54,0,0,0,0,0,0,0,0,0,0,0,0,0,0,427,NA,0,900,0.5,80,10,800,0,0,0.03,520,8,0,"wq",0,0,0,0,0,0,0,14,48,1585
197,84.93,5.51,0,0,8.01,0,0,1.54,0,0,0,0,0,0,0,0,0,0,0,0,0,0,412,NA,0,900,0.5,80,10,880,0,0,0.25,520,16,0,"wq",0,0,0,0,0,0,0,14,48,1533
198,89.8,2.74,0,0,3.49,0,0,0,0,0,0,3.97,0,0,0,0,0,0,0,0,0,0,420,NA,0,850,0.5,70,20,815,0,0,20,560,8,0,"wq",0,0,0,0,0,0,0,14,48,1400
198,89.8,2.74,0,0,3.49,0,0,0,0,0,0,3.97,0,0,0,0,0,0,0,0,0,0,418,NA,0,850,0.5,70,20,815,0,0,20,538,8,0,"wq",0,0,0,0,0,0,0,14,48,1405
198,89.8,2.74,0,0,3.49,0,0,0,0,0,0,3.97,0,0,0,0,0,0,0,0,0,0,419,NA,0,850,0.5,70,20,815,0,0,0.25,560,8,0,"wq",0,0,0,0,0,0,0,14,48,1460
198,89.8,2.74,0,0,3.49,0,0,0,0,0,0,3.97,0,0,0,0,0,0,0,0,0,0,415,NA,0,850,0.5,70,20,815,0,0,0.25,520,8,0,"wq",0,0,0,0,0,0,0,14,48,1640
198,89.8,2.74,0,0,3.49,0,0,0,0,0,0,3.97,0,0,0,0,0,0,0,0,0,0,416,NA,0,850,0.5,70,20,815,0,0,20,520,8,0,"wq",0,0,0,0,0,0,0,14,48,1510
198,89.8,2.74,0,0,3.49,0,0,0,0,0,0,3.97,0,0,0,0,0,0,0,0,0,0,417,NA,0,850,0.5,70,20,815,0,0,0.25,538,8,0,"wq",0,0,0,0,0,0,0,14,48,1510
198,89.8,2.74,0,0,3.49,0,0,0,0,0,0,3.97,0,0,0,0,0,0,0,0,0,0,431,NA,0,850,0.5,70,20,780,0,0,0.25,520,8,0,"wq",0,0,0,0,0,0,0,14,48,1685
198,89.8,2.74,0,0,3.49,0,0,0,0,0,0,3.97,0,0,0,0,0,0,0,0,0,0,432,NA,0,850,0.5,70,20,780,0,0,20,520,8,0,"wq",0,0,0,0,0,0,0,14,48,1600
198,89.8,2.74,0,0,3.49,0,0,0,0,0,0,3.97,0,0,0,0,0,0,0,0,0,0,433,NA,0,850,0.5,70,20,780,0,0,0.25,538,8,0,"wq",0,0,0,0,0,0,0,14,48,1580
198,89.8,2.74,0,0,3.49,0,0,0,0,0,0,3.97,0,0,0,0,0,0,0,0,0,0,434,NA,0,850,0.5,70,20,780,0,0,20,538,8,0,"wq",0,0,0,0,0,0,0,14,48,1590
198,89.8,2.74,0,0,3.49,0,0,0,0,0,0,3.97,0,0,0,0,0,0,0,0,0,0,435,NA,0,850,0.5,70,20,780,0,0,0.25,560,8,0,"wq",0,0,0,0,0,0,0,14,48,1600
198,89.8,2.74,0,0,3.49,0,0,0,0,0,0,3.97,0,0,0,0,0,0,0,0,0,0,436,NA,0,850,0.5,70,20,780,0,0,20,560,8,0,"wq",0,0,0,0,0,0,0,14,48,1605
199,83.27,9.01,0,2.13,2.03,0,0,0,0,1.87,0,0.87,0,0,0.83,0,0,0,0,0,0,0,437,NA,0,0,0,0,0,0,0,0,0,0,0,0,"wq",0,0,0,0,0,0,0,14,49,1189
199,83.27,9.01,0,2.13,2.03,0,0,0,0,1.87,0,0.87,0,0,0.83,0,0,0,0,0,0,0,438,NA,0,0,0,0,0,0,0,0,0,0,0,0,"wq",0,0,0,0,0,0,0,14,49,1200
199,83.27,9.01,0,2.13,2.03,0,0,0,0,1.87,0,0.87,0,0,0.83,0,0,0,0,0,0,0,439,NA,0,0,0,0,0,0,0,0,0,0,0,0,"wq",0,0,0,0,0,0,0,14,49,1190
199,83.27,9.01,0,2.13,2.03,0,0,0,0,1.87,0,0.87,0,0,0.83,0,0,0,0,0,0,0,440,NA,0,0,0,0,0,0,0,0,0,0,0,0,"wq",0,0,0,0,0,0,0,14,49,1185
200,0.9953,0,0,0,0,0,0,0,0,0,0,0,0,0,0,0,0.0047,0,0,0,0,0,441,NA,0,0,0,0,0,0,0,0,0,0,0,0,"wq",0,0,0,0,0,0,0,15,50,305.13
201,0.9881,0,0,0,0,0,0,0,0,0,0,0,0,0,0,0,0.0119,0,0,0,0,0,442,NA,0,0,0,0,0,0,0,0,0,0,0,0,"wq",0,0,0,0,0,0,0,15,50,310.43
202,0.9752,0,0,0,0,0,0,0,0,0,0,0,0,0,0,0,0.0248,0,0,0,0,0,443,NA,0,0,0,0,0,0,0,0,0,0,0,0,"wq",0,0,0,0,0,0,0,15,50,429.07
203,0.9458,0,0,0,0,0,0,0,0,0,0,0,0,0,0,0,0.0542,0,0,0,0,0,444,NA,0,0,0,0,0,0,0,0,0,0,0,0,"wq",0,0,0,0,0,0,0,15,50,539.7
204,0.9153,0,0,0.0847,0,0,0,0,0,0,0,0,0,0,0,0,0,0,0,0,0,0,445,NA,0,0,0,0,0,0,0,0,0,0,0,0,"wq",0,0,0,0,0,0,0,15,51,581
205,0.9053,0,0,0.0848,0,0,0,0,0,0.0099,0,0,0,0,0,0,0,0,0,0,0,0,446,NA,0,0,0,0,0,0,0,0,0,0,0,0,"wq",0,0,0,0,0,0,0,15,51,760
206,0.8852,0,0,0.085,0,0,0,0,0,0.0298,0,0,0,0,0,0,0,0,0,0,0,0,447,NA,0,0,0,0,0,0,0,0,0,0,0,0,"wq",0,0,0,0,0,0,0,15,51,917
207,0.8651,0,0,0.0851,0,0,0,0,0,0.0498,0,0,0,0,0,0,0,0,0,0,0,0,448,NA,0,0,0,0,0,0,0,0,0,0,0,0,"wq",0,0,0,0,0,0,0,15,51,1216
208,0.8449,0,0,0.0853,0,0,0,0,0,0.0698,0,0,0,0,0,0,0,0,0,0,0,0,449,NA,0,0,0,0,0,0,0,0,0,0,0,0,"wq",0,0,0,0,0,0,0,15,51,1499
209,0.8145,0,0,0.0855,0,0,0,0,0,0.1,0,0,0,0,0,0,0,0,0,0,0,0,450,NA,0,0,0,0,0,0,0,0,0,0,0,0,"wq",0,0,0,0,0,0,0,15,51,1038
210,80.15,7.11,0,0,2.5,4.71,0,0,0,5.53,0,0,0,0,0,0,0,0,0,0,0,0,451,NA,0,730,0.5,0,0,0,0,0,0,0,0,0,"wq",0,0,0,0,0,0,0,14,52,952
210,80.15,7.11,0,0,2.5,4.71,0,0,0,5.53,0,0,0,0,0,0,0,0,0,0,0,0,452,NA,0,760,0.5,0,0,0,0,0,0,0,0,0,"wq",0,0,0,0,0,0,0,14,52,934.33
210,80.15,7.11,0,0,2.5,4.71,0,0,0,5.53,0,0,0,0,0,0,0,0,0,0,0,0,453,NA,0,800,0.5,0,0,0,0,0,0,0,0,0,"wq",0,0,0,0,0,0,0,14,52,82.52
210,80.15,7.11,0,0,2.5,4.71,0,0,0,5.53,0,0,0,0,0,0,0,0,0,0,0,0,454,NA,0,830,0.5,0,0,0,0,0,0,0,0,0,"wq",0,0,0,0,0,0,0,14,52,863.85
210,80.15,7.11,0,0,2.5,4.71,0,0,0,5.53,0,0,0,0,0,0,0,0,0,0,0,0,455,NA,0,730,0.5,0,0,460,6,0,0,0,0,0,"wq",0,0,0,0,0,0,0,14,52,1383.8
210,80.15,7.11,0,0,2.5,4.71,0,0,0,5.53,0,0,0,0,0,0,0,0,0,0,0,0,456,NA,0,760,0.5,0,0,480,6,0,0,0,0,0,"wq",0,0,0,0,0,0,0,14,52,1454.6
210,80.15,7.11,0,0,2.5,4.71,0,0,0,5.53,0,0,0,0,0,0,0,0,0,0,0,0,457,NA,0,800,0.5,0,0,500,6,0,0,0,0,0,"wq",0,0,0,0,0,0,0,14,52,1106.4
210,80.15,7.11,0,0,2.5,4.71,0,0,0,5.53,0,0,0,0,0,0,0,0,0,0,0,0,458,NA,0,830,0.5,0,0,520,6,0,0,0,0,0,"wq",0,0,0,0,0,0,0,14,52,1172.2
210,80.15,7.11,0,0,2.5,4.71,0,0,0,5.53,0,0,0,0,0,0,0,0,0,0,0,0,459,NA,0,730,0.5,0,0,460,6,0,0,0,0,0,"wq",0,0,0,0,0,0,0,14,52,1431.6
210,80.15,7.11,0,0,2.5,4.71,0,0,0,5.53,0,0,0,0,0,0,0,0,0,0,0,0,460,NA,0,760,0.5,0,0,480,6,0,0,0,0,0,"wq",0,0,0,0,0,0,0,14,52,1413.3
210,80.15,7.11,0,0,2.5,4.71,0,0,0,5.53,0,0,0,0,0,0,0,0,0,0,0,0,461,NA,0,800,0.5,0,0,500,6,0,0,0,0,0,"wq",0,0,0,0,0,0,0,14,52,1141.6
210,80.15,7.11,0,0,2.5,4.71,0,0,0,5.53,0,0,0,0,0,0,0,0,0,0,0,0,462,NA,0,830,0.5,0,0,520,6,0,0,0,0,0,"wq",0,0,0,0,0,0,0,14,52,1097.7
210,80.15,7.11,0,0,2.5,4.71,0,0,0,5.53,0,0,0,0,0,0,0,0,0,0,0,0,463,NA,0,730,0.5,0,0,460,6,0,0,0,0,0,"wq",0,0,0,0,0,0,0,14,52,1345.4
210,80.15,7.11,0,0,2.5,4.71,0,0,0,5.53,0,0,0,0,0,0,0,0,0,0,0,0,464,NA,0,760,0.5,0,0,480,6,0,0,0,0,0,"wq",0,0,0,0,0,0,0,14,52,1429
210,80.15,7.11,0,0,2.5,4.71,0,0,0,5.53,0,0,0,0,0,0,0,0,0,0,0,0,465,NA,0,800,0.5,0,0,500,6,0,0,0,0,0,"wq",0,0,0,0,0,0,0,14,52,1302.7
210,80.15,7.11,0,0,2.5,4.71,0,0,0,5.53,0,0,0,0,0,0,0,0,0,0,0,0,466,NA,0,830,0.5,0,0,520,6,0,0,0,0,0,"wq",0,0,0,0,0,0,0,14,52,1201.1
210,80.15,7.11,0,0,2.5,4.71,0,0,0,5.53,0,0,0,0,0,0,0,0,0,0,0,0,467,NA,0,730,0.5,0,0,460,6,0,0,0,0,0,"wq",0,0,0,0,0,0,0,14,52,1255.1
210,80.15,7.11,0,0,2.5,4.71,0,0,0,5.53,0,0,0,0,0,0,0,0,0,0,0,0,468,NA,0,760,0.5,0,0,480,6,0,0,0,0,0,"wq",0,0,0,0,0,0,0,14,52,1336.7
210,80.15,7.11,0,0,2.5,4.71,0,0,0,5.53,0,0,0,0,0,0,0,0,0,0,0,0,469,NA,0,800,0.5,0,0,500,6,0,0,0,0,0,"wq",0,0,0,0,0,0,0,14,52,1352.1
210,80.15,7.11,0,0,2.5,4.71,0,0,0,5.53,0,0,0,0,0,0,0,0,0,0,0,0,470,NA,0,830,0.5,0,0,520,6,0,0,0,0,0,"wq",0,0,0,0,0,0,0,14,52,1341.1
213,95.84,0,0,0,4.16,0,0,0,0,0,0,0,0,0,0,0,0,0,0,0,0,0,485,NA,0,1000,2,94,0,900,0.5,0,0,0,0,0,"wq",0,0,0,0,0,0,0,13,55,322
214,94.48,0,0,0,4.24,0,0,0,0,0,0,0,0,0,1.28,0,0,0,0,0,0,0,486,NA,0,1000,2,94,0,900,0.5,0,0,0,0,0,"wq",0,0,0,0,0,0,0,13,55,325
215,93.54,0,0,0,4.29,0,0,0,0,0,0,0,0,0,2.17,0,0,0,0,0,0,0,487,NA,0,1000,2,94,0,900,0.5,0,0,0,0,0,"wq",0,0,0,0,0,0,0,13,55,361
216,92.58,0,0,0,4.35,0,0,0,0,0,0,0,0,0,3.07,0,0,0,0,0,0,0,488,NA,0,1000,2,94,0,900,0.5,0,0,0,0,0,"wq",0,0,0,0,0,0,0,13,55,335
217,91.59,0,0,0,4.4,0,0,0,0,0,0,0,0,0,4.01,0,0,0,0,0,0,0,489,NA,0,1000,2,94,0,900,0.5,0,0,0,0,0,"wq",0,0,0,0,0,0,0,13,55,303
218,90.58,0,0,0,4.46,0,0,0,0,0,0,0,0,0,4.96,0,0,0,0,0,0,0,490,NA,0,1000,2,94,0,900,0.5,0,0,0,0,0,"wq",0,0,0,0,0,0,0,13,55,193
219,89.54,0,0,0,4.52,0,0,0,0,0,0,0,0,0,5.94,0,0,0,0,0,0,0,491,NA,0,1000,2,94,0,900,0.5,0,0,0,0,0,"wq",0,0,0,0,0,0,0,13,55,512
220,88.47,0,0,0,4.58,0,0,0,0,0,0,0,0,0,6.95,0,0,0,0,0,0,0,492,NA,0,1000,2,94,0,900,0.5,0,0,0,0,0,"wq",0,0,0,0,0,0,0,13,55,732
221,83.8,5.25,0,0,0,9.26,0,0,0,0,0,1.69,0,0,0,0,0,0,0,0,0,0,493,NA,0,860,0,0,0,830,0,0,0,500,4,0,"wq",0,0,0,0,0,0,0,14,56,1461
221,83.8,5.25,0,0,0,9.26,0,0,0,0,0,1.69,0,0,0,0,0,0,0,0,0,0,494,NA,0,760,0,0,0,830,0,0,0,500,4,0,"wq",0,0,0,0,0,0,0,14,56,1431
221,83.8,5.25,0,0,0,9.26,0,0,0,0,0,1.69,0,0,0,0,0,0,0,0,0,0,495,NA,0,710,0,0,0,830,0,0,0,500,4,0,"wq",0,0,0,0,0,0,0,14,56,1365
221,83.8,5.25,0,0,0,9.26,0,0,0,0,0,1.69,0,0,0,0,0,0,0,0,0,0,496,NA,0,860,0,0,0,760,0,0,0,500,4,0,"wq",0,0,0,0,0,0,0,14,56,1331
221,83.8,5.25,0,0,0,9.26,0,0,0,0,0,1.69,0,0,0,0,0,0,0,0,0,0,497,NA,0,760,0,0,0,760,0,0,0,500,4,0,"wq",0,0,0,0,0,0,0,14,56,1431
221,83.8,5.25,0,0,0,9.26,0,0,0,0,0,1.69,0,0,0,0,0,0,0,0,0,0,498,NA,0,710,0,0,0,760,0,0,0,500,4,0,"wq",0,0,0,0,0,0,0,14,56,1228
221,83.8,5.25,0,0,0,9.26,0,0,0,0,0,1.69,0,0,0,0,0,0,0,0,0,0,499,NA,0,710,0,0,0,710,0,0,0,500,4,0,"wq",0,0,0,0,0,0,0,14,56,1120
222,78.16,0,0,15.38,0,0,0,2.52,0,0,0,0,0,0,3.94,0,0,0,0,0,0,0,505,NA,0,0,0,0,0,0,0,0,0,0,0,0,"wq",0,0,0,0,0,0,0,14,57,563
222,78.16,0,0,15.38,0,0,0,2.52,0,0,0,0,0,0,3.94,0,0,0,0,0,0,0,506,NA,0,0,0,0,0,0,0,0,0,0,0,0,"wq",0,0,0,0,0,0,0,14,57,700
222,78.16,0,0,15.38,0,0,0,2.52,0,0,0,0,0,0,3.94,0,0,0,0,0,0,0,507,NA,0,0,0,0,0,0,0,0,0,0,0,0,"wq",0,0,0,0,0,0,0,14,57,570
223,69,0,0,18,0,0,0,9,0,0,0,0,0,0,4,0,0,0,0,0,0,0,508,NA,0,1000,2,98.5,0,900,0.5,0,0,0,0,0,"wq",0,0,0,0,0,0,0,14,58,274.66
224,68,0,0,18,0,0,0,10,0,0,0,0,0,0,4,0,0,0,0,0,0,0,509,NA,0,1000,2,98.5,0,900,0.5,0,0,0,0,0,"wq",0,0,0,0,0,0,0,14,58,448.39
225,69,0,0,18,0,0,0,10,0,0,0,0,0,0,3,0,0,0,0,0,0,0,510,NA,0,1000,2,98.5,0,900,0.5,0,0,0,0,0,"wq",0,0,0,0,0,0,0,14,58,139.98
226,68,0,0,18,0,0,0,11,0,0,0,0,0,0,3,0,0,0,0,0,0,0,511,NA,0,1000,2,98.5,0,900,0.5,0,0,0,0,0,"wq",0,0,0,0,0,0,0,14,58,319.32
227,67,0,0,18,0,0,0,12,0,0,0,0,0,0,3,0,0,0,0,0,0,0,512,NA,0,1000,2,98.5,0,900,0.5,0,0,0,0,0,"wq",0,0,0,0,0,0,0,14,58,485.57
228,68,0,0,18,0,0,0,12,0,0,0,0,0,0,2,0,0,0,0,0,0,0,513,NA,0,1000,2,98.5,0,900,0.5,0,0,0,0,0,"wq",0,0,0,0,0,0,0,14,58,198.65
229,67,0,0,18,0,0,0,13,0,0,0,0,0,0,2,0,0,0,0,0,0,0,514,NA,0,1000,2,98.5,0,900,0.5,0,0,0,0,0,"wq",0,0,0,0,0,0,0,14,58,375.19
230,68,0,0,18,0,0,0,13,0,0,0,0,0,0,1,0,0,0,0,0,0,0,515,NA,0,1000,2,98.5,0,900,0.5,0,0,0,0,0,"wq",0,0,0,0,0,0,0,14,58,123.78
231,67,0,0,18,0,0,0,14,0,0,0,0,0,0,1,0,0,0,0,0,0,0,516,NA,0,1000,2,98.5,0,900,0.5,0,0,0,0,0,"wq",0,0,0,0,0,0,0,14,58,299.38
232,68,0,0,18,0,0,0,14,0,0,0,0,0,0,0,0,0,0,0,0,0,0,517,NA,0,1000,2,98.5,0,900,0.5,0,0,0,0,0,"wq",0,0,0,0,0,0,0,14,58,64.8
233,67,0,0,18,0,0,0,15,0,0,0,0,0,0,0,0,0,0,0,0,0,0,518,NA,0,1000,2,98.5,0,900,0.5,0,0,0,0,0,"wq",0,0,0,0,0,0,0,14,58,231.05
234,66,0,0,18,0,0,0,16,0,0,0,0,0,0,0,0,0,0,0,0,0,0,519,NA,0,1000,2,98.5,0,900,0.5,0,0,0,0,0,"wq",0,0,0,0,0,0,0,14,58,378.61
249,0.8133,0.088,0,0,0.0247,0.0466,0,0,0,0.0274,0,0,0,0,0,0,0,0,0,0,0,0,544,NA,0,0,0,0,0,0,0,0,0,0,0,0,"wq",0,0,0,0,0,0,0,15,62,1126
268,81.35,6.31,0,0,2.54,5.73,0,0,0,2.81,0,0.44,0,0,0.82,0,0,0,0,0,0,0,563,NA,0,980,2,83.6,0,760,1.5,65.1,0,775,1,0,"wq",440,8,0,0,0,0,0,14,66,1617.1
268,81.35,6.31,0,0,2.54,5.73,0,0,0,2.81,0,0.44,0,0,0.82,0,0,0,0,0,0,0,564,NA,0,980,2,83.6,0,760,1.5,65.1,0,775,1,0,"wq",480,8,0,0,0,0,0,14,66,1547.8
268,81.35,6.31,0,0,2.54,5.73,0,0,0,2.81,0,0.44,0,0,0.82,0,0,0,0,0,0,0,565,NA,0,980,2,83.6,0,760,1.5,65.1,0,775,1,0,"wq",520,8,0,0,0,0,0,14,66,1424.8
268,81.35,6.31,0,0,2.54,5.73,0,0,0,2.81,0,0.44,0,0,0.82,0,0,0,0,0,0,0,566,NA,0,980,2,83.6,0,760,1.5,65.1,0,775,1,0,"wq",560,8,0,0,0,0,0,14,66,1309.1
268,81.35,6.31,0,0,2.54,5.73,0,0,0,2.81,0,0.44,0,0,0.82,0,0,0,0,0,0,0,567,NA,0,980,2,83.6,0,760,1.5,65.1,0,830,0.5,0,"wq",440,8,0,0,0,0,0,14,66,1616.1
268,81.35,6.31,0,0,2.54,5.73,0,0,0,2.81,0,0.44,0,0,0.82,0,0,0,0,0,0,0,568,NA,0,980,2,83.6,0,760,1.5,65.1,0,830,0.5,0,"wq",480,8,0,0,0,0,0,14,66,1475.6
268,81.35,6.31,0,0,2.54,5.73,0,0,0,2.81,0,0.44,0,0,0.82,0,0,0,0,0,0,0,569,NA,0,980,2,83.6,0,760,1.5,65.1,0,830,0.5,0,"wq",520,8,0,0,0,0,0,14,66,1361.7
268,81.35,6.31,0,0,2.54,5.73,0,0,0,2.81,0,0.44,0,0,0.82,0,0,0,0,0,0,0,570,NA,0,980,2,83.6,0,760,1.5,65.1,0,830,0.5,0,"wq",560,8,0,0,0,0,0,14,66,1180.7
275,0.8133,0.088,0,0,0.0247,0.0466,0,0,0,0.0274,0,0,0,0,0,0,0,0,0,0,0,0,578,NA,0,900,1,0,0,0,0,0,0,0,0,0,"wq",0,0,0,0,0,0,0,15,69,743
276,0.8071,0.0877,0,0,0.0247,0.0465,0,0,0,0.0273,0,0,0,0,0,0,0,0,0,0,0.0067,0,585,NA,0,900,1,0,0,0,0,0,0,0,0,0,"wq",0,0,0,0,0,0,0,15,69,720
279,52.58,0,0,26.69,0,0,0,20.73,0,0,0,0,0,0,0,0,0,0,0,0,0,0,615,NA,0,890,1,20,0,0,0,0,0,0,0,0,"wq",0,0,0,0,0,0,0,13,71,706.28
279,52.58,0,0,26.69,0,0,0,20.73,0,0,0,0,0,0,0,0,0,0,0,0,0,0,616,NA,0,890,1,56,0,0,0,0,0,0,0,0,"wq",0,0,0,0,0,0,0,13,71,720.91
279,52.58,0,0,26.69,0,0,0,20.73,0,0,0,0,0,0,0,0,0,0,0,0,0,0,617,NA,0,890,1,76,0,0,0,0,0,0,0,0,"wq",0,0,0,0,0,0,0,13,71,790.44
279,52.58,0,0,26.69,0,0,0,20.73,0,0,0,0,0,0,0,0,0,0,0,0,0,0,618,NA,0,890,1,86,0,0,0,0,0,0,0,0,"wq",0,0,0,0,0,0,0,13,71,892.53
279,52.58,0,0,26.69,0,0,0,20.73,0,0,0,0,0,0,0,0,0,0,0,0,0,0,619,NA,0,890,1,86,0,890,1,0,0,0,0,0,"wq",0,0,0,0,0,0,0,13,71,614.28
280,84.15,0,0,2.45,0,0,0,9.63,0,0,0,0,0,0,3.77,0,0,0,0,0,0,0,620,NA,0,850,0.5,0,0,850,1.5,0,0,0,0,0,"wq",0,0,0,0,0,0,0,13,72,500
281,81.31,0,0,2.51,0,0,0,12.32,0,0,0,0,0,0,3.86,0,0,0,0,0,0,0,621,NA,0,850,0.5,0,0,850,1.5,0,0,0,0,0,"wq",0,0,0,0,0,0,0,13,72,410
282,78.34,0,0,2.57,0,0,0,15.14,0,0,0,0,0,0,3.95,0,0,0,0,0,0,0,622,NA,0,850,0.5,0,0,850,1.5,0,0,0,0,0,"wq",0,0,0,0,0,0,0,13,72,200
283,75.23,0,0,2.63,0,0,0,18.09,0,0,0,0,0,0,4.05,0,0,0,0,0,0,0,623,NA,0,850,0.5,0,0,850,1.5,0,0,0,0,0,"wq",0,0,0,0,0,0,0,13,72,570
284,68.53,0,0,2.77,0,0,0,24.45,0,0,0,0,0,0,4.25,0,0,0,0,0,0,0,624,NA,0,850,0.5,0,0,850,1.5,0,0,0,0,0,"wq",0,0,0,0,0,0,0,13,72,557
285,92.85,0,0,0,0,0,0,7.15,0,0,0,0,0,0,0,0,0,0,0,0,0,0,625,100,0,0,0,0,0,0,0,0,0,0,0,0,"wq",0,0,0,0,0,0,0,13,73,672.97
286,83.31,0,0,0,0,0,0,16.69,0,0,0,0,0,0,0,0,0,0,0,0,0,0,626,100,0,0,0,0,0,0,0,0,0,0,0,0,"wq",0,0,0,0,0,0,0,13,73,616.5
290,0.76,0,0,0,0,0,0,0.24,0,0,0,0,0,0,0,0,0,0,0,0,0,0,631,NA,0,900,6,0,0,800,0,0,0,800,1,88,"wq",400,0.667,0,0,0,0,0,15,75,850
309,0.8553,0,0,0,0.0683,0,0,0.0764,0,0,0,0,0,0,0,0,0,0,0,0,0,0,655,40,0,1000,24,0,0,900,0,80,0,500,24,0,"wq",0,0,0,0,0,0,0,15,80,981
334,50,0,0,50,0,0,0,0,0,0,0,0,0,0,0,0,0,0,0,0,0,0,706,NA,0,0,0,0,0,0,0,0,0,0,0,0,"wq",0,0,0,0,0,0,0,13,87,967
335,47.5,0,0,47.5,0,0,0,5,0,0,0,0,0,0,0,0,0,0,0,0,0,0,707,NA,0,0,0,0,0,0,0,0,0,0,0,0,"wq",0,0,0,0,0,0,0,13,87,914
336,45,0,0,45,0,0,0,10,0,0,0,0,0,0,0,0,0,0,0,0,0,0,708,NA,0,0,0,0,0,0,0,0,0,0,0,0,"wq",0,0,0,0,0,0,0,13,87,649
337,40,0,0,40,0,0,0,20,0,0,0,0,0,0,0,0,0,0,0,0,0,0,709,NA,0,0,0,0,0,0,0,0,0,0,0,0,"wq",0,0,0,0,0,0,0,13,87,873
338,33.33,0,0,33.33,0,0,0,33.34,0,0,0,0,0,0,0,0,0,0,0,0,0,0,710,NA,0,0,0,0,0,0,0,0,0,0,0,0,"wq",0,0,0,0,0,0,0,13,87,1137
339,76.47,5.35,0,0,0,14.18,0,0,0,2.78,0,0,0,0,1.22,0,0,0,0,0,0,0,711,NA,0,850,1,0,0,300,10,0,0,0,0,0,"wq",0,0,0,0,0,0,0,14,88,784
339,76.47,5.35,0,0,0,14.18,0,0,0,2.78,0,0,0,0,1.22,0,0,0,0,0,0,0,712,NA,0,0,0,0,0,0,0,0,0,500,8,0,"wq",0,0,0,0,0,0,0,14,88,1081
339,76.47,5.35,0,0,0,14.18,0,0,0,2.78,0,0,0,0,1.22,0,0,0,0,0,0,0,713,NA,0,0,0,0,0,0,0,0,0,500,10,0,"wq",0,0,0,0,0,0,0,14,88,1131
339,76.47,5.35,0,0,0,14.18,0,0,0,2.78,0,0,0,0,1.22,0,0,0,0,0,0,0,714,NA,0,0,0,0,0,0,0,0,0,250,24,0,"wq",500,8,0,0,0,0,0,14,88,1180
339,76.47,5.35,0,0,0,14.18,0,0,0,2.78,0,0,0,0,1.22,0,0,0,0,0,0,0,715,NA,0,0,0,0,0,0,0,0,0,300,10,0,"wq",500,10,0,0,0,0,0,14,88,1168
340,83.29,8.84,0,2.33,2.04,0,0,0,0,1.87,0,0.81,0,0,0.82,0,0,0,0,0,0,0,716,NA,0,920,0.25,0,0,0,0,0,0,0,0,0,"wq",0,0,0,0,0,0,0,14,89,790
340,83.29,8.84,0,2.33,2.04,0,0,0,0,1.87,0,0.81,0,0,0.82,0,0,0,0,0,0,0,717,NA,0,920,1,0,0,0,0,0,0,0,0,0,"wq",0,0,0,0,0,0,0,14,89,690
340,83.29,8.84,0,2.33,2.04,0,0,0,0,1.87,0,0.81,0,0,0.82,0,0,0,0,0,0,0,718,NA,0,850,0.25,0,0,0,0,0,0,0,0,0,"wq",0,0,0,0,0,0,0,14,89,885
340,83.29,8.84,0,2.33,2.04,0,0,0,0,1.87,0,0.81,0,0,0.82,0,0,0,0,0,0,0,719,NA,0,850,1,0,0,0,0,0,0,0,0,0,"wq",0,0,0,0,0,0,0,14,89,945
340,83.29,8.84,0,2.33,2.04,0,0,0,0,1.87,0,0.81,0,0,0.82,0,0,0,0,0,0,0,720,NA,0,920,1,0,0,850,1,0,0,0,0,0,"wq",0,0,0,0,0,0,0,14,89,905
360,0.7296,0,0,0.0851,0,0,0,0.1799,0,0,0,0.0054,0,0,0,0,0,0,0,0,0,0,740,NA,0,810,1,0,0,0,0,0,0,0,0,0,"wq",0,0,0,0,0,0,0,15,94,790
360,0.7296,0,0,0.0851,0,0,0,0.1799,0,0,0,0.0054,0,0,0,0,0,0,0,0,0,0,741,NA,0,810,1,0,0,350,4,0,0,0,0,0,"wq",0,0,0,0,0,0,0,15,94,1092
360,0.7296,0,0,0.0851,0,0,0,0.1799,0,0,0,0.0054,0,0,0,0,0,0,0,0,0,0,742,NA,0,810,1,0,0,550,4,0,0,0,0,0,"wq",0,0,0,0,0,0,0,15,94,797
360,0.7296,0,0,0.0851,0,0,0,0.1799,0,0,0,0.0054,0,0,0,0,0,0,0,0,0,0,743,NA,0,810,1,0,0,450,2,0,0,0,0,0,"wq",0,0,0,0,0,0,0,15,94,880
360,0.7296,0,0,0.0851,0,0,0,0.1799,0,0,0,0.0054,0,0,0,0,0,0,0,0,0,0,744,NA,0,810,1,0,0,450,4,0,0,0,0,0,"wq",0,0,0,0,0,0,0,15,94,950
360,0.7296,0,0,0.0851,0,0,0,0.1799,0,0,0,0.0054,0,0,0,0,0,0,0,0,0,0,745,NA,0,810,1,0,0,450,6,0,0,0,0,0,"wq",0,0,0,0,0,0,0,15,94,865
361,0.93,0,0.01,0,0.06,0,0,0,0,0,0,0,0,0,0,0,0,0,0,0,0,0,746,NA,0,0,0,95,0,1000,1,0,0,0,0,0,"wq",0,0,0,0,0,0,0,15,95,412
362,0.92,0,0.02,0,0.06,0,0,0,0,0,0,0,0,0,0,0,0,0,0,0,0,0,747,NA,0,0,0,95,0,1000,1,0,0,0,0,0,"wq",0,0,0,0,0,0,0,15,95,413
363,0.91,0,0.03,0,0.06,0,0,0,0,0,0,0,0,0,0,0,0,0,0,0,0,0,748,NA,0,0,0,95,0,1000,1,0,0,0,0,0,"wq",0,0,0,0,0,0,0,15,95,130
364,0.9,0,0.04,0,0.06,0,0,0,0,0,0,0,0,0,0,0,0,0,0,0,0,0,749,NA,0,0,0,95,0,1000,1,0,0,0,0,0,"wq",0,0,0,0,0,0,0,15,95,461
365,0.89,0,0.05,0,0.06,0,0,0,0,0,0,0,0,0,0,0,0,0,0,0,0,0,750,NA,0,0,0,95,0,1000,1,0,0,0,0,0,"wq",0,0,0,0,0,0,0,15,95,697
366,0.88,0,0.06,0,0.06,0,0,0,0,0,0,0,0,0,0,0,0,0,0,0,0,0,751,NA,0,0,0,95,0,1000,1,0,0,0,0,0,"wq",0,0,0,0,0,0,0,15,95,693
367,0.87,0,0.08,0,0.06,0,0,0,0,0,0,0,0,0,0,0,0,0,0,0,0,0,752,NA,0,0,0,95,0,1000,1,0,0,0,0,0,"wq",0,0,0,0,0,0,0,15,95,671
376,88.27,7.96,0,0,3.77,0,0,0,0,0,0,0,0,0,0,0,0,0,0,0,0,0,772,NA,0,1200,2,0,0,900,0,0,0,900,1,0,"wq",25,0,0,0,0,0,0,14,98,827
376,88.27,7.96,0,0,3.77,0,0,0,0,0,0,0,0,0,0,0,0,0,0,0,0,0,773,NA,0,1200,2,0,0,900,0,0,0,900,1,0,"wq",-196,0,0,0,0,0,0,14,98,1536
376,88.27,7.96,0,0,3.77,0,0,0,0,0,0,0,0,0,0,0,0,0,0,0,0,0,774,NA,0,1200,2,0,0,900,0,0,0,900,1,0,"wq",-253,0,0,0,0,0,0,14,98,1725
377,84.55,0,0,7.79,0,0,0,7.65,0,0,0,0,0,0,0,0,0,0,0,0,0,0,775,NA,0,0,0,0,0,0,0,0,0,0,0,0,"wq",0,0,0,0,0,0,0,14,99,845.63
377,84.55,0,0,7.79,0,0,0,7.65,0,0,0,0,0,0,0,0,0,0,0,0,0,0,776,NA,0,900,1,0,0,25,0,0,0,0,0,0,"wq",0,0,0,0,0,0,0,14,99,760.46
377,84.55,0,0,7.79,0,0,0,7.65,0,0,0,0,0,0,0,0,0,0,0,0,0,0,777,NA,0,900,1,0,0,-30,0,0,0,0,0,0,"wq",0,0,0,0,0,0,0,14,99,711.79
377,84.55,0,0,7.79,0,0,0,7.65,0,0,0,0,0,0,0,0,0,0,0,0,0,0,778,NA,0,660,1,0,0,25,0,0,0,0,0,0,"wq",0,0,0,0,0,0,0,14,99,769.58
378,0.756,0,0,0,0,0,0,0.2392,0,0,0,0,0,0,0,0,0,0.0048,0,0,0,0,779,NA,0,0,0,80,0,0,1,0,0,0,0,0,"wq",0,0,0,0,0,0,0,15,100,200
379,0.7527,0,0,0,0,0,0,0.2386,0,0,0,0,0,0,0,0,0,0.0087,0,0,0,0,780,NA,0,0,0,80,0,0,1,0,0,0,0,0,"wq",0,0,0,0,0,0,0,15,100,300
380,0.746,0,0,0,0,0,0,0.2373,0,0,0,0,0,0,0,0,0,0.0167,0,0,0,0,781,NA,0,0,0,80,0,0,1,0,0,0,0,0,"wq",0,0,0,0,0,0,0,15,100,570
381,0.7443,0,0,0,0,0,0,0.2557,0,0,0,0,0,0,0,0,0,0,0,0,0,0,782,NA,0,1000,24,0,0,0,0,0,0,0,0,0,"wq",0,0,0,0,0,0,0,15,101,346
381,0.7443,0,0,0,0,0,0,0.2557,0,0,0,0,0,0,0,0,0,0,0,0,0,0,783,NA,0,1000,24,0,0,800,0,36,0,25,0,86,"wq",800,0.333,0,0,0,0,0,15,101,435
381,0.7443,0,0,0,0,0,0,0.2557,0,0,0,0,0,0,0,0,0,0,0,0,0,0,784,NA,0,1000,24,0,0,800,0,36,0,25,0,79,"wq",800,0.333,25,0,36,0,0,15,101,627
381,0.7443,0,0,0,0,0,0,0.2557,0,0,0,0,0,0,0,0,0,0,0,0,0,0,785,NA,0,1000,24,0,0,800,0,36,0,25,0,79,"wq",800,0.333,450,8,0,25,36,15,101,649
382,94.75,0,0,0,5.25,0,0,0,0,0,0,0,0,0,0,0,0,0,0,0,0,0,786,NA,0,0,0,0,0,0,0,0,0,0,0,0,"wq",0,0,0,0,0,0,0,13,102,465
382,94.75,0,0,0,5.25,0,0,0,0,0,0,0,0,0,0,0,0,0,0,0,0,0,787,NA,0,850,0.5,0,0,0,0,0,0,0,0,0,"wq",0,0,0,0,0,0,0,13,102,412
383,88.91,0,0,0,11.09,0,0,0,0,0,0,0,0,0,0,0,0,0,0,0,0,0,788,NA,0,0,0,0,0,0,0,0,0,0,0,0,"wq",0,0,0,0,0,0,0,13,102,428
383,88.91,0,0,0,11.09,0,0,0,0,0,0,0,0,0,0,0,0,0,0,0,0,0,789,NA,0,850,0.5,0,0,0,0,0,0,0,0,0,"wq",0,0,0,0,0,0,0,13,102,494
385,0.9714,0,0,0,0,0,0.0286,0,0,0,0,0,0,0,0,0,0,0,0,0,0,0,795,NA,0,1000,6,80,0,950,1,0,0,0,0,0,"wq",0,0,0,0,0,0,0,15,104,398
386,0.938,0,0,0,0,0,0.062,0,0,0,0,0,0,0,0,0,0,0,0,0,0,0,796,NA,0,1000,6,80,0,950,1,0,0,0,0,0,"wq",0,0,0,0,0,0,0,15,104,471
387,0.8982,0,0,0,0,0,0.1018,0,0,0,0,0,0,0,0,0,0,0,0,0,0,0,797,NA,0,1000,6,80,0,950,1,0,0,0,0,0,"wq",0,0,0,0,0,0,0,15,104,442
388,0.8501,0,0,0,0,0,0.1499,0,0,0,0,0,0,0,0,0,0,0,0,0,0,0,798,NA,0,1000,6,80,0,950,1,0,0,0,0,0,"wq",0,0,0,0,0,0,0,15,104,346
389,0.7908,0,0,0,0,0,0.2092,0,0,0,0,0,0,0,0,0,0,0,0,0,0,0,799,NA,0,1000,6,80,0,950,1,0,0,0,0,0,"wq",0,0,0,0,0,0,0,15,104,380
390,0.7159,0,0,0,0,0,0.2841,0,0,0,0,0,0,0,0,0,0,0,0,0,0,0,800,NA,0,1000,6,80,0,950,1,0,0,0,0,0,"wq",0,0,0,0,0,0,0,15,104,504
391,0.6183,0,0,0,0,0,0.3817,0,0,0,0,0,0,0,0,0,0,0,0,0,0,0,801,NA,0,1000,6,80,0,950,1,0,0,0,0,0,"wq",0,0,0,0,0,0,0,15,104,375
392,0.4859,0,0,0,0,0,0.5141,0,0,0,0,0,0,0,0,0,0,0,0,0,0,0,802,NA,0,1000,6,80,0,950,1,0,0,0,0,0,"wq",0,0,0,0,0,0,0,15,104,603
393,0.9167,0,0,0,0,0,0,0.0833,0,0,0,0,0,0,0,0,0,0,0,0,0,0,803,NA,0,1000,2,0,0,0,0,85,0,900,0.5,0,"wq",0,0,0,0,0,0,0,15,105,462
394,0.9106,0,0,0,0,0,0,0.083,0,0,0,0,0,0,0,0,0,0.0064,0,0,0,0,804,NA,0,1000,2,0,0,0,0,85,0,900,0.5,0,"wq",0,0,0,0,0,0,0,15,105,600
395,0.9016,0,0,0,0,0,0,0.0824,0,0,0,0,0,0,0,0,0,0.016,0,0,0,0,805,NA,0,1000,2,0,0,750,0,85,0,900,0.5,0,"wq",0,0,0,0,0,0,0,15,105,797
396,0.8049,0,0,0,0,0,0,0.1951,0,0,0,0,0,0,0,0,0,0,0,0,0,0,806,NA,0,1000,2,0,0,0,0,85,0,900,0.5,0,"wq",0,0,0,0,0,0,0,15,105,325
397,0.7987,0,0,0,0,0,0,0.1942,0,0,0,0,0,0,0,0,0,0.0071,0,0,0,0,807,NA,0,1000,2,0,0,0,0,85,0,900,0.5,0,"wq",0,0,0,0,0,0,0,15,105,478
398,0.7896,0,0,0,0,0,0,0.1929,0,0,0,0,0,0,0,0,0,0.0175,0,0,0,0,808,NA,0,1000,2,0,0,750,0,85,0,900,0.5,0,"wq",0,0,0,0,0,0,0,15,105,584
399,0.76,0,0,0,0,0,0,0.24,0,0,0,0,0,0,0,0,0,0,0,0,0,0,809,NA,0,1000,2,0,0,0,0,85,0,900,0.5,0,"wq",0,0,0,0,0,0,0,15,105,220
400,0.7539,0,0,0,0,0,0,0.2388,0,0,0,0,0,0,0,0,0,0.0073,0,0,0,0,810,NA,0,1000,2,0,0,0,0,85,0,900,0.5,0,"wq",0,0,0,0,0,0,0,15,105,316
401,0.7448,0,0,0,0,0,0,0.2371,0,0,0,0,0,0,0,0,0,0.0181,0,0,0,0,811,NA,0,1000,2,0,0,750,0,85,0,900,0.5,0,"wq",0,0,0,0,0,0,0,15,105,1141
412,69.29,0,0,4.92,0,0,1.78,24.01,0,0,0,0,0,0,0,0,0,0,0,0,0,0,822,NA,0,0,0,0,0,0,0,0,0,0,0,0,"wq",0,0,0,0,0,0,0,13,107,547.1
413,0.74,0,0,0,0,0,0,0.26,0,0,0,0,0,0,0,0,0,0,0,0,0,0,823,25,0,900,20,95,0,900,0.5,0,0,0,0,0,"wq",0,0,0,0,0,0,0,15,108,390
414,0.74,0,0,0.02,0,0,0,0.24,0,0,0,0,0,0,0,0,0,0,0,0,0,0,824,25,0,900,20,95,0,900,0.5,0,0,0,0,0,"wq",0,0,0,0,0,0,0,15,108,345
415,0.74,0,0,0.04,0,0,0,0.22,0,0,0,0,0,0,0,0,0,0,0,0,0,0,825,25,0,900,20,95,0,900,0.5,0,0,0,0,0,"wq",0,0,0,0,0,0,0,15,108,320
416,0.74,0,0,0.06,0,0,0,0.2,0,0,0,0,0,0,0,0,0,0,0,0,0,0,826,25,0,900,20,95,0,900,0.5,0,0,0,0,0,"wq",0,0,0,0,0,0,0,15,108,365
417,0.74,0,0,0.08,0,0,0,0.18,0,0,0,0,0,0,0,0,0,0,0,0,0,0,827,25,0,900,20,95,0,900,0.5,0,0,0,0,0,"wq",0,0,0,0,0,0,0,15,108,455
418,0.74,0,0,0.1,0,0,0,0.16,0,0,0,0,0,0,0,0,0,0,0,0,0,0,828,25,0,900,20,95,0,900,0.5,0,0,0,0,0,"wq",0,0,0,0,0,0,0,15,108,485
419,0.8878,0,0,0,0.0664,0,0,0.0458,0,0,0,0,0,0,0,0,0,0,0,0,0,0,829,40,0,780,0,80,0,950,1,0,0,0,0,0,"wq",0,0,0,0,0,0,0,15,109,528
456,92.22,0,0,0,0,0,0,5.59,0,0,0,0,0,0,2.19,0,0,0,0,0,0,0,866,NA,0,0,0,0,0,0,0,0,0,0,0,0,"wq",0,0,0,0,0,0,0,14,112,787
457,90.39,0,0,0,0,0,0,7.38,0,0,0,0,0,0,2.22,0,0,0,0,0,0,0,867,NA,0,0,0,0,0,0,0,0,0,0,0,0,"wq",0,0,0,0,0,0,0,14,112,772
458,88.5,0,0,0,0,0,0,9.24,0,0,0,0,0,0,2.25,0,0,0,0,0,0,0,868,NA,0,0,0,0,0,0,0,0,0,0,0,0,"wq",0,0,0,0,0,0,0,14,112,611
459,85.9,0,0,0,0,0,0,11.8,0,0,0,0,0,0,2.31,0,0,0,0,0,0,0,869,NA,0,0,0,0,0,0,0,0,0,0,0,0,"wq",0,0,0,0,0,0,0,14,112,435
464,57.23,0,0,18.31,0,0,0,24.45,0,0,0,0,0,0,0,0,0,0,0,0,0,0,874,NA,0,890,1,0,0,0,0,0,0,0,0,0,"wq",0,0,0,0,0,0,0,14,114,723
464,57.23,0,0,18.31,0,0,0,24.45,0,0,0,0,0,0,0,0,0,0,0,0,0,0,875,NA,0,890,1,20,0,0,0,0,0,0,0,0,"wq",0,0,0,0,0,0,0,14,114,738
464,57.23,0,0,18.31,0,0,0,24.45,0,0,0,0,0,0,0,0,0,0,0,0,0,0,876,NA,0,890,1,56,0,0,0,0,0,0,0,0,"wq",0,0,0,0,0,0,0,14,114,840
464,57.23,0,0,18.31,0,0,0,24.45,0,0,0,0,0,0,0,0,0,0,0,0,0,0,877,NA,0,890,1,76,0,0,0,0,0,0,0,0,"wq",0,0,0,0,0,0,0,14,114,983
464,57.23,0,0,18.31,0,0,0,24.45,0,0,0,0,0,0,0,0,0,0,0,0,0,0,878,NA,0,890,1,86,0,0,0,0,0,0,0,0,"wq",0,0,0,0,0,0,0,14,114,1030
464,57.23,0,0,18.31,0,0,0,24.45,0,0,0,0,0,0,0,0,0,0,0,0,0,0,879,NA,0,890,1,86,0,890,1,0,0,0,0,0,"wq",0,0,0,0,0,0,0,14,114,786
470,0.84,0,0,0,0,0,0,0.14,0,0,0,0.02,0,0,0,0,0,0,0,0,0,0,886,NA,0,850,1,88,0,800,1,0,0,0,0,0,"wq",0,0,0,0,0,0,0,15,117,685
471,0.82,0,0,0,0,0,0,0.16,0,0,0,0.02,0,0,0,0,0,0,0,0,0,0,887,NA,0,850,1,88,0,800,1,0,0,0,0,0,"wq",0,0,0,0,0,0,0,15,117,597
472,0.8,0,0,0,0,0,0,0.18,0,0,0,0.02,0,0,0,0,0,0,0,0,0,0,888,NA,0,850,1,88,0,800,1,0,0,0,0,0,"wq",0,0,0,0,0,0,0,15,117,594
473,0.78,0,0,0,0,0,0,0.2,0,0,0,0.02,0,0,0,0,0,0,0,0,0,0,889,NA,0,850,1,88,0,800,1,0,0,0,0,0,"wq",0,0,0,0,0,0,0,15,117,591
474,0.76,0,0,0,0,0,0,0.22,0,0,0,0.02,0,0,0,0,0,0,0,0,0,0,890,NA,0,850,1,88,0,800,1,0,0,0,0,0,"wq",0,0,0,0,0,0,0,15,117,567
475,0.74,0,0,0,0,0,0,0.24,0,0,0,0.02,0,0,0,0,0,0,0,0,0,0,891,NA,0,850,1,88,0,800,1,0,0,0,0,0,"wq",0,0,0,0,0,0,0,15,117,540
487,38.5,0,0,38.5,8,0,0,15,0,0,0,0,0,0,0,0,0,0,0,0,0,0,906,NA,0,0,0,0,0,0,0,0,0,0,0,0,"wq",0,0,0,0,0,0,0,14,121,536
488,37.5,0,0,37.5,10,0,0,15,0,0,0,0,0,0,0,0,0,0,0,0,0,0,907,NA,0,0,0,0,0,0,0,0,0,0,0,0,"wq",0,0,0,0,0,0,0,14,121,562
489,36,0,0,36,13,0,0,15,0,0,0,0,0,0,0,0,0,0,0,0,0,0,908,NA,0,0,0,0,0,0,0,0,0,0,0,0,"wq",0,0,0,0,0,0,0,14,121,666
490,35,0,0,35,15,0,0,15,0,0,0,0,0,0,0,0,0,0,0,0,0,0,909,NA,0,0,0,0,0,0,0,0,0,0,0,0,"wq",0,0,0,0,0,0,0,14,121,787
491,74,0,0,0,0,0,0,26,0,0,0,0,0,0,0,0,0,0,0,0,0,0,910,30,0,0,0,0,0,0,0,0,0,0,0,0,"wq",0,0,0,0,0,0,0,14,122,447
492,72,0,0,0,2,0,0,26,0,0,0,0,0,0,0,0,0,0,0,0,0,0,911,30,0,0,0,0,0,0,0,0,0,0,0,0,"wq",0,0,0,0,0,0,0,14,122,535
493,70,0,0,0,4,0,0,26,0,0,0,0,0,0,0,0,0,0,0,0,0,0,912,30,0,0,0,0,0,0,0,0,0,0,0,0,"wq",0,0,0,0,0,0,0,14,122,621
494,68,0,0,0,6,0,0,26,0,0,0,0,0,0,0,0,0,0,0,0,0,0,913,30,0,0,0,0,0,0,0,0,0,0,0,0,"wq",0,0,0,0,0,0,0,14,122,634
495,66,0,0,0,8,0,0,26,0,0,0,0,0,0,0,0,0,0,0,0,0,0,914,30,0,0,0,0,0,0,0,0,0,0,0,0,"wq",0,0,0,0,0,0,0,14,122,663
495,66,0,0,0,8,0,0,26,0,0,0,0,0,0,0,0,0,0,0,0,0,0,915,NA,0,800,0,30,0,800,0,0,0,0,0,0,"wq",0,0,0,0,0,0,0,14,123,547.55
495,66,0,0,0,8,0,0,26,0,0,0,0,0,0,0,0,0,0,0,0,0,0,916,NA,0,800,0,30,0,800,0,0,0,0,0,0,"wq",0,0,0,0,0,0,0,14,123,562.44
495,66,0,0,0,8,0,0,26,0,0,0,0,0,0,0,0,0,0,0,0,0,0,917,NA,0,800,0,30,0,800,0,0,0,0,0,0,"wq",0,0,0,0,0,0,0,14,123,484.62
495,66,0,0,0,8,0,0,26,0,0,0,0,0,0,0,0,0,0,0,0,0,0,918,NA,0,800,0,30,0,800,0,0,0,0,0,0,"wq",0,0,0,0,0,0,0,14,123,923.08
495,66,0,0,0,8,0,0,26,0,0,0,0,0,0,0,0,0,0,0,0,0,0,919,NA,0,800,0,30,0,650,0,0,0,0,0,0,"wq",0,0,0,0,0,0,0,14,123,621.74
495,66,0,0,0,8,0,0,26,0,0,0,0,0,0,0,0,0,0,0,0,0,0,920,NA,0,800,0,30,0,650,0,0,0,0,0,0,"wq",0,0,0,0,0,0,0,14,123,626.09
495,66,0,0,0,8,0,0,26,0,0,0,0,0,0,0,0,0,0,0,0,0,0,921,NA,0,800,0,30,0,650,0,0,0,0,0,0,"wq",0,0,0,0,0,0,0,14,123,430.43
495,66,0,0,0,8,0,0,26,0,0,0,0,0,0,0,0,0,0,0,0,0,0,922,NA,0,800,0,30,0,650,0,0,0,0,0,0,"wq",0,0,0,0,0,0,0,14,123,773.91
495,66,0,0,0,8,0,0,26,0,0,0,0,0,0,0,0,0,0,0,0,0,0,923,NA,0,650,0,40,0,700,0,0,0,0,0,0,"wq",0,0,0,0,0,0,0,14,123,687.83
495,66,0,0,0,8,0,0,26,0,0,0,0,0,0,0,0,0,0,0,0,0,0,924,NA,0,650,0,40,0,700,0,0,0,0,0,0,"wq",0,0,0,0,0,0,0,14,123,677.25
495,66,0,0,0,8,0,0,26,0,0,0,0,0,0,0,0,0,0,0,0,0,0,925,NA,0,650,0,40,0,700,0,0,0,0,0,0,"wq",0,0,0,0,0,0,0,14,123,465.61
495,66,0,0,0,8,0,0,26,0,0,0,0,0,0,0,0,0,0,0,0,0,0,926,NA,0,650,0,40,0,700,0,0,0,0,0,0,"wq",0,0,0,0,0,0,0,14,123,903.7
495,66,0,0,0,8,0,0,26,0,0,0,0,0,0,0,0,0,0,0,0,0,0,927,NA,0,650,0,40,0,650,0,0,0,0,0,0,"wq",0,0,0,0,0,0,0,14,123,600
495,66,0,0,0,8,0,0,26,0,0,0,0,0,0,0,0,0,0,0,0,0,0,928,NA,0,650,0,40,0,650,0,0,0,0,0,0,"wq",0,0,0,0,0,0,0,14,123,740.91
495,66,0,0,0,8,0,0,26,0,0,0,0,0,0,0,0,0,0,0,0,0,0,929,NA,0,650,0,40,0,650,0,0,0,0,0,0,"wq",0,0,0,0,0,0,0,14,123,445.45
495,66,0,0,0,8,0,0,26,0,0,0,0,0,0,0,0,0,0,0,0,0,0,930,NA,0,650,0,40,0,650,0,0,0,0,0,0,"wq",0,0,0,0,0,0,0,14,123,740.91
497,0.84,0,0,0,0,0,0,0.16,0,0,0,0,0,0,0,0,0,0,0,0,0,0,931,NA,0,0,0,5,0,750,0.5,0,0,0,0,0,"wq",0,0,0,0,0,0,0,15,124,461
497,0.84,0,0,0,0,0,0,0.16,0,0,0,0,0,0,0,0,0,0,0,0,0,0,932,NA,0,0,0,5,0,850,0.5,0,0,0,0,0,"wq",0,0,0,0,0,0,0,15,124,382
497,0.84,0,0,0,0,0,0,0.16,0,0,0,0,0,0,0,0,0,0,0,0,0,0,933,NA,0,0,0,5,0,950,0.5,0,0,0,0,0,"wq",0,0,0,0,0,0,0,15,124,386
497,0.84,0,0,0,0,0,0,0.16,0,0,0,0,0,0,0,0,0,0,0,0,0,0,936,NA,0,0,0,5,0,750,0.5,0,0,500,1,0,"wq",0,0,0,0,0,0,0,15,124,302
518,0.7413,0,0,0.0193,0,0,0.0065,0.2146,0,0,0,0,0,0,0,0,0,0.0183,0,0,0,0,957,NA,0,900,1,0,0,900,0.5,0,0,0,0,0,"wq",0,0,0,0,0,0,0,15,128,766
518,0.7413,0,0,0.0193,0,0,0.0065,0.2146,0,0,0,0,0,0,0,0,0,0.0183,0,0,0,0,959,NA,0,900,1,0,0,900,0.5,0,0,900,0.5,0,"wq",0,0,0,0,0,0,0,15,128,842
519,0.7647,0,0,0,0,0,0.0064,0.2109,0,0,0,0,0,0,0,0,0,0.018,0,0,0,0,958,NA,0,900,1,0,0,900,0.5,0,0,0,0,0,"wq",0,0,0,0,0,0,0,15,128,693
519,0.7647,0,0,0,0,0,0.0064,0.2109,0,0,0,0,0,0,0,0,0,0.018,0,0,0,0,960,NA,0,900,1,0,0,900,0.5,0,0,900,0.5,0,"wq",0,0,0,0,0,0,0,15,128,795
520,0.7285,0,0,0.0396,0.0313,0,0,0.2006,0,0,0,0,0,0,0,0,0,0,0,0,0,0,961,NA,0,600,0.25,75,0,0,0,0,0,0,0,0,"wq",0,0,0,0,0,0,0,15,129,610
520,0.7285,0,0,0.0396,0.0313,0,0,0.2006,0,0,0,0,0,0,0,0,0,0,0,0,0,0,962,NA,0,600,0.25,75,0,800,0.5,0,0,300,2,0,"wq",0,0,0,0,0,0,0,15,129,712
529,0.7872,0,0,0,0.0061,0,0,0.1872,0,0,0,0,0,0,0.0195,0,0,0,0,0,0,0,991,NA,0,900,5,0,0,800,1,0,0,0,0,0,"wq",0,0,0,0,0,0,0,15,133,130
529,0.7872,0,0,0,0.0061,0,0,0.1872,0,0,0,0,0,0,0.0195,0,0,0,0,0,0,0,992,NA,0,900,5,0,0,800,1,0,0,352,0.5,88,"wq",0,0,0,0,0,0,0,15,133,954
530,78.28,0,0,0,0,0,0,21.72,0,0,0,0,0,0,0,0,0,0,0,0,0,0,993,NA,0,850,0.5,0,0,0,0,60,0,0,0,0,"wq",0,0,0,0,0,0,0,13,134,775.1
531,76.75,0,0,1.28,0,0,0,21.97,0,0,0,0,0,0,0,0,0,0,0,0,0,0,994,NA,0,850,0.5,0,0,0,0,60,0,0,0,0,"wq",0,0,0,0,0,0,0,13,134,780.9
532,75.18,0,0,2.59,0,0,0,22.23,0,0,0,0,0,0,0,0,0,0,0,0,0,0,995,NA,0,850,0.5,0,0,0,0,60,0,0,0,0,"wq",0,0,0,0,0,0,0,13,134,662.6
533,73.58,0,0,3.93,0,0,0,22.49,0,0,0,0,0,0,0,0,0,0,0,0,0,0,996,NA,0,850,0.5,0,0,0,0,60,0,0,0,0,"wq",0,0,0,0,0,0,0,13,134,741.9
534,71.94,0,0,5.3,0,0,0,22.76,0,0,0,0,0,0,0,0,0,0,0,0,0,0,997,NA,0,850,0.5,0,0,0,0,60,0,0,0,0,"wq",0,0,0,0,0,0,0,13,134,763.4
541,0.8167,0,0,0,0.0118,0,0,0.1524,0,0,0,0,0,0,0.0191,0,0,0,0,0,0,0,1004,NA,0,950,5,70,0,750,1,0,0,475,0.25,0,"wq",0,0,0,0,0,0,0,15,136,1033
542,0.76,0,0,0,0,0,0,0.24,0,0,0,0,0,0,0,0,0,0,0,0,0,0,1005,NA,0,1000,12,85,0,800,1,0,0,0,0,0,"wq",0,0,0,0,0,0,0,15,137,230
543,0.77,0,0,0,0,0,0,0.22,0,0.01,0,0,0,0,0,0,0,0,0,0,0,0,1006,NA,0,1000,12,85,0,800,1,0,0,0,0,0,"wq",0,0,0,0,0,0,0,15,137,279
544,0.78,0,0,0,0,0,0,0.2,0,0.02,0,0,0,0,0,0,0,0,0,0,0,0,1007,NA,0,1000,12,85,0,800,1,0,0,0,0,0,"wq",0,0,0,0,0,0,0,15,137,355
545,0.79,0,0,0,0,0,0,0.18,0,0.03,0,0,0,0,0,0,0,0,0,0,0,0,1008,NA,0,1000,12,85,0,800,1,0,0,0,0,0,"wq",0,0,0,0,0,0,0,15,137,425
546,0.8,0,0,0,0,0,0,0.16,0,0.04,0,0,0,0,0,0,0,0,0,0,0,0,1009,NA,0,1000,12,85,0,800,1,0,0,0,0,0,"wq",0,0,0,0,0,0,0,15,137,477
547,0.81,0,0,0,0,0,0,0.14,0,0.05,0,0,0,0,0,0,0,0,0,0,0,0,1010,NA,0,1000,12,85,0,800,1,0,0,0,0,0,"wq",0,0,0,0,0,0,0,15,137,557
548,55.01,0,0,20.09,0,0,17.64,7.26,0,0,0,0,0,0,0,0,0,0,0,0,0,0,1011,NA,0,0,0,0,0,0,0,0,0,0,0,0,"wq",0,0,0,0,0,0,0,13,138,1107.42
549,54.48,0,0,22.98,0,0,18.03,4.51,0,0,0,0,0,0,0,0,0,0,0,0,0,0,1012,NA,0,0,0,0,0,0,0,0,0,0,0,0,"wq",0,0,0,0,0,0,0,13,138,932.11
550,53.16,0,0,26.04,0,0,18.52,2.28,0,0,0,0,0,0,0,0,0,0,0,0,0,0,1013,NA,0,0,0,0,0,0,0,0,0,0,0,0,"wq",0,0,0,0,0,0,0,13,138,953.58
555,0.7197,0,0,0.0325,0,0,0.0464,0.2014,0,0,0,0,0,0,0,0,0,0,0,0,0,0,1018,NA,0,1000,0,0,0,800,1,0,0,0,0,0,"wq",0,0,0,0,0,0,0,15,140,88
555,0.7197,0,0,0.0325,0,0,0.0464,0.2014,0,0,0,0,0,0,0,0,0,0,0,0,0,0,1019,NA,0,1000,0,0,0,800,1,88.75,0,0,0,0,"wq",0,0,0,0,0,0,0,15,140,356
555,0.7197,0,0,0.0325,0,0,0.0464,0.2014,0,0,0,0,0,0,0,0,0,0,0,0,0,0,1020,NA,0,1000,0,0,0,800,1,88.75,0,400,0.33,0,"wq",0,0,0,0,0,0,0,15,140,920
555,0.7197,0,0,0.0325,0,0,0.0464,0.2014,0,0,0,0,0,0,0,0,0,0,0,0,0,0,1021,NA,0,1000,0,0,0,800,1,88.75,0,400,1.67,0,"wq",0,0,0,0,0,0,0,15,140,1180
556,0.7487,0,0,0.0197,0,0,0.0066,0.225,0,0,0,0,0,0,0,0,0,0,0,0,0,0,1022,NA,0,950,1,0,0,780,0.5,0,0,0,0,0,"wq",0,0,0,0,0,0,0,15,141,308
556,0.7487,0,0,0.0197,0,0,0.0066,0.225,0,0,0,0,0,0,0,0,0,0,0,0,0,0,1023,NA,0,950,1,0,0,780,0.5,40,0,0,0,0,"wq",0,0,0,0,0,0,0,15,141,510
556,0.7487,0,0,0.0197,0,0,0.0066,0.225,0,0,0,0,0,0,0,0,0,0,0,0,0,0,1024,NA,0,950,1,0,0,780,0.5,60,0,0,0,0,"wq",0,0,0,0,0,0,0,15,141,514
556,0.7487,0,0,0.0197,0,0,0.0066,0.225,0,0,0,0,0,0,0,0,0,0,0,0,0,0,1025,NA,0,950,1,0,0,780,0.5,99,0,0,0,0,"wq",0,0,0,0,0,0,0,15,141,522
557,91.91,0,0,0,8.09,0,0,0,0,0,0,0,0,0,0,0,0,0,0,0,0,0,1026,NA,0,0,0,0,0,0,0,0,0,0,0,0,"wq",0,0,0,0,0,0,0,13,142,617.89
558,88.83,0,0,0,8.31,0,0,2.86,0,0,0,0,0,0,0,0,0,0,0,0,0,0,1027,NA,0,0,0,0,0,0,0,0,0,0,0,0,"wq",0,0,0,0,0,0,0,13,142,860.32
559,85.58,0,0,0,8.54,0,0,5.88,0,0,0,0,0,0,0,0,0,0,0,0,0,0,1028,NA,0,0,0,0,0,0,0,0,0,0,0,0,"wq",0,0,0,0,0,0,0,13,142,762.88
560,82.15,0,0,0,8.78,0,0,9.07,0,0,0,0,0,0,0,0,0,0,0,0,0,0,1029,NA,0,0,0,0,0,0,0,0,0,0,0,0,"wq",0,0,0,0,0,0,0,13,142,708.47
568,0.854,0,0,0.0299,0,0,0,0.088,0,0,0,0.0097,0,0,0.0184,0,0,0,0,0,0,0,1037,NA,0,1000,2,0,0,750,0,0,0,600,0,85,"wq",820,0.5,0,0,0,0,0,15,144,584
568,0.854,0,0,0.0299,0,0,0,0.088,0,0,0,0.0097,0,0,0.0184,0,0,0,0,0,0,0,1038,NA,0,1000,2,0,0,750,0,0,0,600,0,85,"wq",620,0.5,0,0,0,0,0,15,144,912
569,0.7973,0,0,0.0065,0,0,0.0331,0.161,0,0,0,0.0021,0,0,0,0,0,0,0,0,0,0,1039,NA,0,1200,12,0,0,850,0.67,70,0,900,1,0,"wq",0,0,0,0,0,0,0,15,145,500
569,0.7973,0,0,0.0065,0,0,0.0331,0.161,0,0,0,0.0021,0,0,0,0,0,0,0,0,0,0,1040,NA,0,1200,12,0,0,850,0.67,70,0,900,1,30,"wq",0,0,0,0,0,0,0,15,145,662
569,0.7973,0,0,0.0065,0,0,0.0331,0.161,0,0,0,0.0021,0,0,0,0,0,0,0,0,0,0,1041,NA,0,1200,12,0,0,850,0.67,70,0,900,1,60,"wq",0,0,0,0,0,0,0,15,145,787
569,0.7973,0,0,0.0065,0,0,0.0331,0.161,0,0,0,0.0021,0,0,0,0,0,0,0,0,0,0,1042,NA,0,1200,12,0,0,850,0.67,70,0,900,1,80,"wq",0,0,0,0,0,0,0,15,145,821
577,79.99,0,0,1.88,1.79,0,0,15.38,0,0,0,0,0,0,0.96,0,0,0,0,0,0,0,1059,25000,0,750,1,0,0,0,0,0,0,0,0,0,"wq",0,0,0,0,0,0,0,13,149,499.1
577,79.99,0,0,1.88,1.79,0,0,15.38,0,0,0,0,0,0,0.96,0,0,0,0,0,0,0,1060,25000,0,510,1,0,0,0,0,0,0,0,0,0,"wq",0,0,0,0,0,0,0,13,149,440.7
587,80,0,0,0,0,0,0,20,0,0,0,0,0,0,0,0,0,0,0,0,0,0,1070,NA,0,0,0,90,0,0,0,0,0,0,0,0,"wq",0,0,0,0,0,0,0,13,152,627
587,80,0,0,0,0,0,0,20,0,0,0,0,0,0,0,0,0,0,0,0,0,0,1071,NA,0,0,0,90,0,750,1,0,0,0,0,0,"wq",0,0,0,0,0,0,0,13,152,270
587,80,0,0,0,0,0,0,20,0,0,0,0,0,0,0,0,0,0,0,0,0,0,1072,NA,0,0,0,90,0,850,1,0,0,0,0,0,"wq",0,0,0,0,0,0,0,13,152,364
587,80,0,0,0,0,0,0,20,0,0,0,0,0,0,0,0,0,0,0,0,0,0,1073,NA,0,0,0,90,0,950,1,0,0,0,0,0,"wq",0,0,0,0,0,0,0,13,152,390
588,70,0,0,0,0,0,0,30,0,0,0,0,0,0,0,0,0,0,0,0,0,0,1074,NA,0,0,0,90,0,0,0,0,0,0,0,0,"wq",0,0,0,0,0,0,0,13,152,484
588,70,0,0,0,0,0,0,30,0,0,0,0,0,0,0,0,0,0,0,0,0,0,1075,NA,0,0,0,90,0,750,1,0,0,0,0,0,"wq",0,0,0,0,0,0,0,13,152,273
588,70,0,0,0,0,0,0,30,0,0,0,0,0,0,0,0,0,0,0,0,0,0,1076,NA,0,0,0,90,0,850,1,0,0,0,0,0,"wq",0,0,0,0,0,0,0,13,152,411
588,70,0,0,0,0,0,0,30,0,0,0,0,0,0,0,0,0,0,0,0,0,0,1077,NA,0,0,0,90,0,950,1,0,0,0,0,0,"wq",0,0,0,0,0,0,0,13,152,541
589,62.7,0,0,6.44,4.08,0,0,24.58,0,0,0,0,0,0,2.2,0,0,0,0,0,0,0,1078,NA,0,800,0.5,0,0,0,0,0,0,0,0,0,"wq",0,0,0,0,0,0,0,13,153,613
590,70.02,0,0,2.04,1.94,0,0,23.38,0,0,0,0,0,0,2.62,0,0,0,0,0,0,0,1079,NA,0,800,0.5,0,0,0,0,0,0,0,0,0,"wq",0,0,0,0,0,0,0,13,153,460
591,67.44,0,0,2.08,3.96,0,0,23.85,0,0,0,0,0,0,2.67,0,0,0,0,0,0,0,1080,NA,0,800,0.5,0,0,0,0,0,0,0,0,0,"wq",0,0,0,0,0,0,0,13,153,525
592,60.73,0,0,6.51,6.2,0,0,24.89,0,0,0,0,0,0,1.67,0,0,0,0,0,0,0,1081,NA,0,800,0.5,0,0,0,0,0,0,0,0,0,"wq",0,0,0,0,0,0,0,13,153,653
593,68.16,0,0,4.13,1.96,0,0,23.64,0,0,0,0,0,0,2.11,0,0,0,0,0,0,0,1082,NA,0,800,0.5,0,0,0,0,0,0,0,0,0,"wq",0,0,0,0,0,0,0,13,153,501
594,0.627,0,0,0.0644,0.0408,0,0,0.2458,0,0,0,0,0,0,0.022,0,0,0,0,0,0,0,1083,NA,0,800,0.5,0,0,0,0,0,0,0,0,0,"wq",0,0,0,0,0,0,0,15,154,785
594,0.627,0,0,0.0644,0.0408,0,0,0.2458,0,0,0,0,0,0,0.022,0,0,0,0,0,0,0,1084,NA,0,800,0.5,0,0,0,0,23,0,0,0,0,"wq",0,0,0,0,0,0,0,15,154,836
594,0.627,0,0,0.0644,0.0408,0,0,0.2458,0,0,0,0,0,0,0.022,0,0,0,0,0,0,0,1085,NA,0,800,0.5,0,0,0,0,44,0,0,0,0,"wq",0,0,0,0,0,0,0,15,154,876
594,0.627,0,0,0.0644,0.0408,0,0,0.2458,0,0,0,0,0,0,0.022,0,0,0,0,0,0,0,1086,NA,0,800,0.5,0,0,0,0,66,0,0,0,0,"wq",0,0,0,0,0,0,0,15,154,938
594,0.627,0,0,0.0644,0.0408,0,0,0.2458,0,0,0,0,0,0,0.022,0,0,0,0,0,0,0,1087,NA,0,800,0.5,0,0,0,0,85,0,0,0,0,"wq",0,0,0,0,0,0,0,15,154,1024
599,0.9191,0,0,0,0.0809,0,0,0,0,0,0,0,0,0,0,0,0,0,0,0,0,0,1102,NA,0,1100,6,0,0,1000,0,70,0,850,1,0,"wq",0,0,0,0,0,0,0,15,159,348
599,0.9191,0,0,0,0.0809,0,0,0,0,0,0,0,0,0,0,0,0,0,0,0,0,0,1103,NA,0,1100,6,0,0,1000,0,70,0,850,1,10,"wq",0,0,0,0,0,0,0,15,159,594
600,0.9132,0,0,0,0.0868,0,0,0,0,0,0,0,0,0,0,0,0,0,0,0,0,0,1104,NA,0,1100,6,0,0,1000,0,70,0,850,1,0,"wq",0,0,0,0,0,0,0,15,159,375
600,0.9132,0,0,0,0.0868,0,0,0,0,0,0,0,0,0,0,0,0,0,0,0,0,0,1105,NA,0,1100,6,0,0,1000,0,70,0,850,1,10,"wq",0,0,0,0,0,0,0,15,159,617
601,0.9073,0,0,0,0.0927,0,0,0,0,0,0,0,0,0,0,0,0,0,0,0,0,0,1106,NA,0,1100,6,0,0,1000,0,70,0,850,1,0,"wq",0,0,0,0,0,0,0,15,159,496
601,0.9073,0,0,0,0.0927,0,0,0,0,0,0,0,0,0,0,0,0,0,0,0,0,0,1107,NA,0,1100,6,0,0,1000,0,70,0,850,1,10,"wq",0,0,0,0,0,0,0,15,159,729
602,0.9013,0,0,0,0.0987,0,0,0,0,0,0,0,0,0,0,0,0,0,0,0,0,0,1108,NA,0,1100,6,0,0,1000,0,70,0,850,1,0,"wq",0,0,0,0,0,0,0,15,159,743
602,0.9013,0,0,0,0.0987,0,0,0,0,0,0,0,0,0,0,0,0,0,0,0,0,0,1109,NA,0,1100,6,0,0,1000,0,70,0,850,1,10,"wq",0,0,0,0,0,0,0,15,159,819
604,89.69,0,0,4.99,0,0,0,15.32,0,0,0,0,0,0,0,0,0,0,0,0,0,0,1111,NA,0,0,0,0,0,0,0,0,0,0,0,0,"wq",0,0,0,0,0,0,0,14,161,379.96
605,77.45,0,0,5,0,0,0,15.35,0,2.2,0,0,0,0,0,0,0,0,0,0,0,0,1112,NA,0,0,0,0,0,0,0,0,0,0,0,0,"wq",0,0,0,0,0,0,0,14,161,384.87
606,75.21,0,0,5.01,0,0,0,15.38,0,4.4,0,0,0,0,0,0,0,0,0,0,0,0,1113,NA,0,0,0,0,0,0,0,0,0,0,0,0,"wq",0,0,0,0,0,0,0,14,161,695.71
607,72.96,0,0,5.02,0,0,0,15.41,0,6.61,0,0,0,0,0,0,0,0,0,0,0,0,1114,NA,0,0,0,0,0,0,0,0,0,0,0,0,"wq",0,0,0,0,0,0,0,14,161,720.25
608,70.71,0,0,5.03,0,0,0,15.44,0,8.83,0,0,0,0,0,0,0,0,0,0,0,0,1115,NA,0,0,0,0,0,0,0,0,0,0,0,0,"wq",0,0,0,0,0,0,0,14,161,772.6
609,0.9072,0,0,0,0,0,0,0,0,0.0928,0,0,0,0,0,0,0,0,0,0,0,0,1116,NA,0,1100,6,0,0,1000,0,70,0,850,1,0,"wq",0,0,0,0,0,0,0,15,162,727
609,0.9072,0,0,0,0,0,0,0,0,0.0928,0,0,0,0,0,0,0,0,0,0,0,0,1117,NA,0,1100,6,0,0,1000,0,70,0,850,1,10,"wq",0,0,0,0,0,0,0,15,162,928
610,0.8978,0,0,0,0,0,0,0,0,0.1022,0,0,0,0,0,0,0,0,0,0,0,0,1118,NA,0,1100,6,0,0,1000,0,70,0,850,1,0,"wq",0,0,0,0,0,0,0,15,162,807
610,0.8978,0,0,0,0,0,0,0,0,0.1022,0,0,0,0,0,0,0,0,0,0,0,0,1119,NA,0,1100,6,0,0,1000,0,70,0,850,1,10,"wq",0,0,0,0,0,0,0,15,162,900
611,0.8885,0,0,0,0,0,0,0,0,0.1115,0,0,0,0,0,0,0,0,0,0,0,0,1120,NA,0,1100,6,0,0,1000,0,70,0,850,1,0,"wq",0,0,0,0,0,0,0,15,162,745
611,0.8885,0,0,0,0,0,0,0,0,0.1115,0,0,0,0,0,0,0,0,0,0,0,0,1121,NA,0,1100,6,0,0,1000,0,70,0,850,1,10,"wq",0,0,0,0,0,0,0,15,162,902
612,0.8791,0,0,0,0,0,0,0,0,0.1209,0,0,0,0,0,0,0,0,0,0,0,0,1122,NA,0,1100,6,0,0,1000,0,70,0,850,1,0,"wq",0,0,0,0,0,0,0,15,162,771
612,0.8791,0,0,0,0,0,0,0,0,0.1209,0,0,0,0,0,0,0,0,0,0,0,0,1123,NA,0,1100,6,0,0,1000,0,70,0,850,1,10,"wq",0,0,0,0,0,0,0,15,162,829
613,0.8697,0,0,0,0,0,0,0,0,0.1303,0,0,0,0,0,0,0,0,0,0,0,0,1124,NA,0,1100,6,0,0,1000,0,70,0,850,1,0,"wq",0,0,0,0,0,0,0,15,162,771
613,0.8697,0,0,0,0,0,0,0,0,0.1303,0,0,0,0,0,0,0,0,0,0,0,0,1125,NA,0,1100,6,0,0,1000,0,70,0,850,1,10,"wq",0,0,0,0,0,0,0,15,162,885
614,0.7809,0,0,0.1891,0.03,0,0,0,0,0,0,0,0,0,0,0,0,0,0,0,0,0,1126,NA,0,1100,6,0,0,1000,0,70,0,850,1,0,"wq",0,0,0,0,0,0,0,15,163,384
614,0.7809,0,0,0.1891,0.03,0,0,0,0,0,0,0,0,0,0,0,0,0,0,0,0,0,1127,NA,0,1100,6,0,0,1000,0,70,0,850,1,10,"wq",0,0,0,0,0,0,0,15,163,640
615,0.7735,0,0,0.1903,0.0362,0,0,0,0,0,0,0,0,0,0,0,0,0,0,0,0,0,1128,NA,0,1100,6,0,0,1000,0,70,0,850,1,0,"wq",0,0,0,0,0,0,0,15,163,459
615,0.7735,0,0,0.1903,0.0362,0,0,0,0,0,0,0,0,0,0,0,0,0,0,0,0,0,1129,NA,0,1100,6,0,0,1000,0,70,0,850,1,10,"wq",0,0,0,0,0,0,0,15,163,477
616,0.7661,0,0,0.1914,0.0425,0,0,0,0,0,0,0,0,0,0,0,0,0,0,0,0,0,1130,NA,0,1100,6,0,0,1000,0,70,0,850,1,0,"wq",0,0,0,0,0,0,0,15,163,672
616,0.7661,0,0,0.1914,0.0425,0,0,0,0,0,0,0,0,0,0,0,0,0,0,0,0,0,1131,NA,0,1100,6,0,0,1000,0,70,0,850,1,10,"wq",0,0,0,0,0,0,0,15,163,628
619,0.8069,0,0,0,0,0,0,0.1792,0,0,0,0,0,0,0,0,0,0.0139,0,0,0,0,1140,NA,0,1000,10,80,0,1000,1,0,0,0,0,0,"wq",0,0,0,0,0,0,0,15,166,423
620,0.7927,0,0,0,0,0,0,0.1933,0,0,0,0,0,0,0,0,0,0.014,0,0,0,0,1141,NA,0,1000,10,80,0,1000,1,0,0,0,0,0,"wq",0,0,0,0,0,0,0,15,166,586
621,0.778,0,0,0,0,0,0,0.2078,0,0,0,0,0,0,0,0,0,0.0142,0,0,0,0,1142,NA,0,1000,10,80,0,1000,1,0,0,0,0,0,"wq",0,0,0,0,0,0,0,15,166,581
622,0.7631,0,0,0,0,0,0,0.2225,0,0,0,0,0,0,0,0,0,0.0144,0,0,0,0,1143,NA,0,1000,10,80,0,1000,1,0,0,0,0,0,"wq",0,0,0,0,0,0,0,15,166,459
623,0.7478,0,0,0,0,0,0,0.2377,0,0,0,0,0,0,0,0,0,0.0145,0,0,0,0,1144,NA,0,1000,10,80,0,1000,1,0,0,0,0,0,"wq",0,0,0,0,0,0,0,15,166,575
624,0.7321,0,0,0,0,0,0,0.2532,0,0,0,0,0,0,0,0,0,0.0147,0,0,0,0,1145,NA,0,1000,10,80,0,1000,1,0,0,0,0,0,"wq",0,0,0,0,0,0,0,15,166,746
625,0.7161,0,0,0,0,0,0,0.269,0,0,0,0,0,0,0,0,0,0.0149,0,0,0,0,1146,NA,0,1000,10,80,0,1000,1,0,0,0,0,0,"wq",0,0,0,0,0,0,0,15,166,851
626,0.8265,0,0,0,0,0,0,0.1538,0,0,0,0.0197,0,0,0,0,0,0,0,0,0,0,1147,NA,0,1000,1,0,0,800,1,0,0,0,0,0,"wq",0,0,0,0,0,0,0,15,167,595
627,0.8147,0,0,0,0,0,0,0.1559,0,0,0,0.02,0,0,0.0094,0,0,0,0,0,0,0,1148,NA,0,1000,1,0,0,800,1,0,0,0,0,0,"wq",0,0,0,0,0,0,0,15,167,581
628,0.8026,0,0,0,0,0,0,0.1581,0,0,0,0.0202,0,0,0.0191,0,0,0,0,0,0,0,1149,NA,0,1000,1,0,0,800,1,0,0,0,0,0,"wq",0,0,0,0,0,0,0,15,167,592
629,0.7901,0,0,0,0,0,0,0.1604,0,0,0,0.0205,0,0,0.029,0,0,0,0,0,0,0,1150,NA,0,1000,1,0,0,800,1,0,0,0,0,0,"wq",0,0,0,0,0,0,0,15,167,545
630,0.7773,0,0,0,0,0,0,0.1627,0,0,0,0.0208,0,0,0.0392,0,0,0,0,0,0,0,1151,NA,0,1000,1,0,0,800,1,0,0,0,0,0,"wq",0,0,0,0,0,0,0,15,167,554
632,80.72,8.84,0,0.52,2.49,4.68,0,0,0,2.75,0,0,0,0,0,0,0,0,0,0,0,0,1158,NA,2,900,0,0,0,0,0,0,0,0,0,0,"wq",0,0,0,0,0,0,0,NA,NA,804.5
632,80.72,8.84,0,0.52,2.49,4.68,0,0,0,2.75,0,0,0,0,0,0,0,0,0,0,0,0,1159,NA,2,900,0,0,0,600,6,0,0,0,0,0,"wq",0,0,0,0,0,0,0,NA,NA,794.2
632,80.72,8.84,0,0.52,2.49,4.68,0,0,0,2.75,0,0,0,0,0,0,0,0,0,0,0,0,1162,NA,2,900,0,0,0,880,1.5,0,0,750,1.5,0,"1.5",0,0,0,0,0,0,0,NA,NA,1267
632,80.72,8.84,0,0.52,2.49,4.68,0,0,0,2.75,0,0,0,0,0,0,0,0,0,0,0,0,1163,NA,2,900,0,0,0,880,1.5,0,0,750,1.5,0,"1.5",600,6,0,0,0,0,0,NA,NA,1278
632,80.72,8.84,0,0.52,2.49,4.68,0,0,0,2.75,0,0,0,0,0,0,0,0,0,0,0,0,1164,NA,2,900,0,0,0,790,1.5,0,0,0,0,0,"wq",0,0,0,0,0,0,0,NA,NA,1234
632,80.72,8.84,0,0.52,2.49,4.68,0,0,0,2.75,0,0,0,0,0,0,0,0,0,0,0,0,1165,NA,2,900,0,0,0,790,1.5,0,0,600,6,0,"wq",0,0,0,0,0,0,0,NA,NA,1274
633,0.7924,0,0,0,0,0,0,0.1979,0,0,0,0,0,0,0.0097,0,0,0,0,0,0,0,1166,NA,0,950,0,0,0,950,0.5,0,0,0,0,0,"wq",0,0,0,0,0,0,0,15,170,665
633,0.7924,0,0,0,0,0,0,0.1979,0,0,0,0,0,0,0.0097,0,0,0,0,0,0,0,1167,NA,0,950,0,0,0,950,0.5,0,0,500,6,0,"wq",0,0,0,0,0,0,0,15,170,960
633,0.7924,0,0,0,0,0,0,0.1979,0,0,0,0,0,0,0.0097,0,0,0,0,0,0,0,1168,NA,0,950,0,0,0,950,0.5,0,0,600,6,0,"wq",0,0,0,0,0,0,0,15,170,560
638,80.15,7.11,0,0,2.5,4.71,0,0,0,5.53,0,0,0,0,0,0,0,0,0,0,0,0,1174,NA,0,760,0.5,0,0,0,0,0,0,0,0,0,"wq",0,0,0,0,0,0,0,13,173,935
638,80.15,7.11,0,0,2.5,4.71,0,0,0,5.53,0,0,0,0,0,0,0,0,0,0,0,0,1175,NA,0,800,0.5,0,0,0,0,0,0,0,0,0,"wq",0,0,0,0,0,0,0,13,173,873
639,86.72,0,0,0,0,0,0,0,0,0,13.28,0,0,0,0,0,0,0,0,0,0,0,1176,NA,0,1100,8,0,0,900,0.5,0,0,0,0,0,"wq",0,0,0,0,0,0,0,14,174,827
