"alloy_id","Ti","Al","Ga","Zr","Mo","V","Ta","Nb","Cu","Au","Cr","Mn","Fe","Pt","Sn","Hf","Bi","O","C","N","Si","H","alloy_proc_id","ingotweight","temp.hold","time.hold","deformation.amount","rate.cooling","temp.hold1","time.hold1","deformation.amount1","rate.cooling1","temp.hold2","time.hold2","temp.hold3","time.hold3","student_id","reference_id","VH"
1,78,0,0,4.24,3.07,0,0,14.68,0,0,0,0,0,0,0,0,0,0,0,0,0,0,1,6500,1000,24,0,"wq",0,0,0,"wq",0,0,0,0,13,3,228.9
1,78,0,0,4.24,3.07,0,0,14.68,0,0,0,0,0,0,0,0,0,0,0,0,0,0,3,6500,1000,24,50,"wq",950,1,0,"wq",0,0,0,0,13,3,246.9
1,78,0,0,4.24,3.07,0,0,14.68,0,0,0,0,0,0,0,0,0,0,0,0,0,0,4,6500,1000,24,50,"wq",300,2,0,"wq",0,0,0,0,13,3,343.7
1,78,0,0,4.24,3.07,0,0,14.68,0,0,0,0,0,0,0,0,0,0,0,0,0,0,5,6500,1000,24,50,"wq",400,2,0,"wq",0,0,0,0,13,3,395
1,78,0,0,4.24,3.07,0,0,14.68,0,0,0,0,0,0,0,0,0,0,0,0,0,0,2,6500,1000,24,50,"wq",0,0,0,"wq",0,0,0,0,13,3,271.8
1,78,0,0,4.24,3.07,0,0,14.68,0,0,0,0,0,0,0,0,0,0,0,0,0,0,6,6500,1000,24,50,"wq",500,2,0,"wq",0,0,0,0,13,3,351.6
4,89,0,0,0,0,0,0,0,0,0,11,0,0,0,0,0,0,0,0,0,0,0,14,NA,400,0.75,0,"wq",0,0,0,"wq",0,0,0,0,13,5,450
4,89,0,0,0,0,0,0,0,0,0,11,0,0,0,0,0,0,0,0,0,0,0,15,NA,400,1.5,0,"wq",0,0,0,"wq",0,0,0,0,13,5,410
4,89,0,0,0,0,0,0,0,0,0,11,0,0,0,0,0,0,0,0,0,0,0,16,NA,400,3,0,"wq",0,0,0,"wq",0,0,0,0,13,5,380
4,89,0,0,0,0,0,0,0,0,0,11,0,0,0,0,0,0,0,0,0,0,0,17,NA,400,6,0,"wq",0,0,0,"wq",0,0,0,0,13,5,370
4,89,0,0,0,0,0,0,0,0,0,11,0,0,0,0,0,0,0,0,0,0,0,18,NA,400,12,0,"wq",0,0,0,"wq",0,0,0,0,13,5,500
4,89,0,0,0,0,0,0,0,0,0,11,0,0,0,0,0,0,0,0,0,0,0,13,NA,0,0,0,"wq",0,0,0,"wq",0,0,0,0,13,5,330
5,88.15,0,0,0,0,0,0,0,0,0,11,0,0.85,0,0,0,0,0,0,0,0,0,19,NA,0,0,0,"wq",0,0,0,"wq",0,0,0,0,13,5,335
6,83.7,5.3,0,0,0,0,0,0,0,0,11,0,0,0,0,0,0,0,0,0,0,0,20,NA,0,0,0,"wq",0,0,0,"wq",0,0,0,0,13,5,280
7,82.85,5.3,0,0,0,0,0,0,0,0,11,0,0.85,0,0,0,0,0,0,0,0,0,21,NA,0,0,0,"wq",0,0,0,"wq",0,0,0,0,13,5,310
11,50,0,0,30,0,0,10,10,0,0,0,0,0,0,0,0,0,0,0,0,0,0,36,50,200,4,0,"wq",0,0,0,"wq",0,0,0,0,13,9,330
11,50,0,0,30,0,0,10,10,0,0,0,0,0,0,0,0,0,0,0,0,0,0,38,50,300,4,0,"wq",0,0,0,"wq",0,0,0,0,13,9,425
11,50,0,0,30,0,0,10,10,0,0,0,0,0,0,0,0,0,0,0,0,0,0,39,50,350,4,0,"wq",0,0,0,"wq",0,0,0,0,13,9,455
11,50,0,0,30,0,0,10,10,0,0,0,0,0,0,0,0,0,0,0,0,0,0,40,50,400,4,0,"wq",0,0,0,"wq",0,0,0,0,13,9,460
11,50,0,0,30,0,0,10,10,0,0,0,0,0,0,0,0,0,0,0,0,0,0,37,50,250,4,0,"wq",0,0,0,"wq",0,0,0,0,13,9,355
11,50,0,0,30,0,0,10,10,0,0,0,0,0,0,0,0,0,0,0,0,0,0,42,50,500,4,0,"wq",0,0,0,"wq",0,0,0,0,13,9,325
11,50,0,0,30,0,0,10,10,0,0,0,0,0,0,0,0,0,0,0,0,0,0,43,50,550,4,0,"wq",0,0,0,"wq",0,0,0,0,13,9,295
11,50,0,0,30,0,0,10,10,0,0,0,0,0,0,0,0,0,0,0,0,0,0,44,50,600,4,0,"wq",0,0,0,"wq",0,0,0,0,13,9,280
11,50,0,0,30,0,0,10,10,0,0,0,0,0,0,0,0,0,0,0,0,0,0,45,50,650,4,0,"wq",0,0,0,"wq",0,0,0,0,13,9,275
11,50,0,0,30,0,0,10,10,0,0,0,0,0,0,0,0,0,0,0,0,0,0,46,50,700,4,0,"wq",0,0,0,"wq",0,0,0,0,13,9,270
11,50,0,0,30,0,0,10,10,0,0,0,0,0,0,0,0,0,0,0,0,0,0,47,50,800,4,0,"wq",0,0,0,"wq",0,0,0,0,13,9,275
11,50,0,0,30,0,0,10,10,0,0,0,0,0,0,0,0,0,0,0,0,0,0,48,50,900,4,0,"wq",0,0,0,"wq",0,0,0,0,13,9,280
11,50,0,0,30,0,0,10,10,0,0,0,0,0,0,0,0,0,0,0,0,0,0,41,50,450,4,0,"wq",0,0,0,"wq",0,0,0,0,13,9,345
19,73.02,0,0,0,0,0,8.17,18.81,0,0,0,0,0,0,0,0,0,0,0,0,0,0,65,NA,900,96,0,"wq",0,0,0,"wq",0,0,0,0,15,11,198
19,73.02,0,0,0,0,0,8.17,18.81,0,0,0,0,0,0,0,0,0,0,0,0,0,0,67,NA,900,96,0,"wq",1000,2,0,"wq",0,0,0,0,15,11,152
19,73.02,0,0,0,0,0,8.17,18.81,0,0,0,0,0,0,0,0,0,0,0,0,0,0,68,NA,900,96,0,"wq",1000,2,0,"wq",0,0,0,0,15,11,147
19,73.02,0,0,0,0,0,8.17,18.81,0,0,0,0,0,0,0,0,0,0,0,0,0,0,66,NA,900,96,0,"wq",1000,2,0,"wq",0,0,0,0,15,11,193
20,74.81,0,0,0,0,0,8.06,17.13,0,0,0,0,0,0,0,0,0,0,0,0,0,0,69,NA,900,96,0,"wq",0,0,0,"wq",0,0,0,0,15,11,216
20,74.81,0,0,0,0,0,8.06,17.13,0,0,0,0,0,0,0,0,0,0,0,0,0,0,71,NA,900,96,0,"wq",1000,2,0,"wq",0,0,0,0,15,11,149
20,74.81,0,0,0,0,0,8.06,17.13,0,0,0,0,0,0,0,0,0,0,0,0,0,0,72,NA,900,96,0,"wq",1000,2,0,"wq",0,0,0,0,15,11,147
20,74.81,0,0,0,0,0,8.06,17.13,0,0,0,0,0,0,0,0,0,0,0,0,0,0,70,NA,900,96,0,"wq",1000,2,0,"wq",0,0,0,0,15,11,210
21,73.05,0,0,0,0,0,15.46,11.49,0,0,0,0,0,0,0,0,0,0,0,0,0,0,73,NA,900,96,0,"wq",0,0,0,"wq",0,0,0,0,15,11,215
21,73.05,0,0,0,0,0,15.46,11.49,0,0,0,0,0,0,0,0,0,0,0,0,0,0,74,NA,900,96,0,"wq",1000,2,0,"wq",0,0,0,0,15,11,210
21,73.05,0,0,0,0,0,15.46,11.49,0,0,0,0,0,0,0,0,0,0,0,0,0,0,76,NA,900,96,0,"wq",1000,2,0,"wq",0,0,0,0,15,11,166
21,73.05,0,0,0,0,0,15.46,11.49,0,0,0,0,0,0,0,0,0,0,0,0,0,0,75,NA,900,96,0,"wq",1000,2,0,"wq",0,0,0,0,15,11,168
22,74.52,0,0,0,0,0,15.29,10.19,0,0,0,0,0,0,0,0,0,0,0,0,0,0,77,NA,900,96,0,"wq",0,0,0,"wq",0,0,0,0,15,11,252
22,74.52,0,0,0,0,0,15.29,10.19,0,0,0,0,0,0,0,0,0,0,0,0,0,0,78,NA,900,96,0,"wq",1000,2,0,"wq",0,0,0,0,15,11,197
22,74.52,0,0,0,0,0,15.29,10.19,0,0,0,0,0,0,0,0,0,0,0,0,0,0,80,NA,900,96,0,"wq",1000,2,0,"wq",0,0,0,0,15,11,161
22,74.52,0,0,0,0,0,15.29,10.19,0,0,0,0,0,0,0,0,0,0,0,0,0,0,79,NA,900,96,0,"wq",1000,2,0,"wq",0,0,0,0,15,11,158
23,70.67,0,0,3.37,0,0,8.31,17.65,0,0,0,0,0,0,0,0,0,0,0,0,0,0,81,NA,900,96,0,"wq",0,0,0,"wq",0,0,0,0,15,11,197
23,70.67,0,0,3.37,0,0,8.31,17.65,0,0,0,0,0,0,0,0,0,0,0,0,0,0,82,NA,900,96,0,"wq",1000,2,0,"wq",0,0,0,0,15,11,164
23,70.67,0,0,3.37,0,0,8.31,17.65,0,0,0,0,0,0,0,0,0,0,0,0,0,0,84,NA,900,96,0,"wq",1000,2,0,"wq",0,0,0,0,15,11,150
23,70.67,0,0,3.37,0,0,8.31,17.65,0,0,0,0,0,0,0,0,0,0,0,0,0,0,83,NA,900,96,0,"wq",1000,2,0,"wq",0,0,0,0,15,11,155
24,72.98,0,0,2.94,0,0,8.17,15.91,0,0,0,0,0,0,0,0,0,0,0,0,0,0,86,NA,900,96,0,"wq",1000,2,0,"wq",0,0,0,0,15,11,157
24,72.98,0,0,2.94,0,0,8.17,15.91,0,0,0,0,0,0,0,0,0,0,0,0,0,0,87,NA,900,96,0,"wq",1000,2,0,"wq",0,0,0,0,15,11,152
24,72.98,0,0,2.94,0,0,8.17,15.91,0,0,0,0,0,0,0,0,0,0,0,0,0,0,88,NA,900,96,0,"wq",1000,2,0,"wq",0,0,0,0,15,11,146
24,72.98,0,0,2.94,0,0,8.17,15.91,0,0,0,0,0,0,0,0,0,0,0,0,0,0,85,NA,900,96,0,"wq",0,0,0,"wq",0,0,0,0,15,11,223
25,70.15,0,0,5,0,0,4.5,20.35,0,0,0,0,0,0,0,0,0,0,0,0,0,0,90,NA,900,96,0,"wq",1000,2,0,"wq",0,0,0,0,15,11,167
25,70.15,0,0,5,0,0,4.5,20.35,0,0,0,0,0,0,0,0,0,0,0,0,0,0,91,NA,900,96,0,"wq",1000,2,0,"wq",0,0,0,0,15,11,160
25,70.15,0,0,5,0,0,4.5,20.35,0,0,0,0,0,0,0,0,0,0,0,0,0,0,92,NA,900,96,0,"wq",1000,2,0,"wq",0,0,0,0,15,11,151
25,70.15,0,0,5,0,0,4.5,20.35,0,0,0,0,0,0,0,0,0,0,0,0,0,0,89,NA,900,96,0,"wq",0,0,0,"wq",0,0,0,0,15,11,193
26,69.27,0,0,4.85,0,0,1.75,24.13,0,0,0,0,0,0,0,0,0,0,0,0,0,0,94,NA,900,96,0,"wq",1000,2,0,"wq",0,0,0,0,15,11,151
26,69.27,0,0,4.85,0,0,1.75,24.13,0,0,0,0,0,0,0,0,0,0,0,0,0,0,95,NA,900,96,0,"wq",1000,2,0,"wq",0,0,0,0,15,11,145
26,69.27,0,0,4.85,0,0,1.75,24.13,0,0,0,0,0,0,0,0,0,0,0,0,0,0,96,NA,900,96,0,"wq",1000,2,0,"wq",0,0,0,0,15,11,139
26,69.27,0,0,4.85,0,0,1.75,24.13,0,0,0,0,0,0,0,0,0,0,0,0,0,0,93,NA,900,96,0,"wq",0,0,0,"wq",0,0,0,0,15,11,189
27,68.99,0,0,5.01,0,0,2,24,0,0,0,0,0,0,0,0,0,0,0,0,0,0,98,NA,900,96,0,"wq",1000,2,0,"wq",0,0,0,0,15,11,153
27,68.99,0,0,5.01,0,0,2,24,0,0,0,0,0,0,0,0,0,0,0,0,0,0,99,NA,900,96,0,"wq",1000,2,0,"wq",0,0,0,0,15,11,150
27,68.99,0,0,5.01,0,0,2,24,0,0,0,0,0,0,0,0,0,0,0,0,0,0,100,NA,900,96,0,"wq",1000,2,0,"wq",0,0,0,0,15,11,146
27,68.99,0,0,5.01,0,0,2,24,0,0,0,0,0,0,0,0,0,0,0,0,0,0,97,NA,900,96,0,"wq",0,0,0,"wq",0,0,0,0,15,11,195
54,0.906,0,0,0,0.055,0,0,0.039,0,0,0,0,0,0,0,0,0,0,0,0,0,0,137,NA,850,0,0,"wq",900,1,0,"wq",0,0,0,0,15,14,325
54,0.906,0,0,0,0.055,0,0,0.039,0,0,0,0,0,0,0,0,0,0,0,0,0,0,142,NA,850,0,0,"wq",900,1,0,"wq",350,96,0,0,15,14,512
54,0.906,0,0,0,0.055,0,0,0.039,0,0,0,0,0,0,0,0,0,0,0,0,0,0,143,NA,850,0,0,"wq",900,1,0,"wq",400,96,0,0,15,14,535
54,0.906,0,0,0,0.055,0,0,0.039,0,0,0,0,0,0,0,0,0,0,0,0,0,0,144,NA,850,0,0,"wq",900,1,0,"wq",500,0.17,0,0,15,14,496
54,0.906,0,0,0,0.055,0,0,0.039,0,0,0,0,0,0,0,0,0,0,0,0,0,0,141,NA,850,0,0,"wq",900,1,0,"wq",650,0.5,0,0,15,14,401
54,0.906,0,0,0,0.055,0,0,0.039,0,0,0,0,0,0,0,0,0,0,0,0,0,0,145,NA,850,0,0,"wq",900,1,0,"wq",600,0.5,0,0,15,14,464
113,0.93,0,0,0,0.053,0,0,0.017,0,0,0,0,0,0,0,0,0,0,0,0,0,0,218,NA,0,0,0,"wq",0,0,0,"wq",0,0,0,0,15,21,441
115,0.888,0,0,0,0.055,0,0,0.057,0,0,0,0,0,0,0,0,0,0,0,0,0,0,220,NA,0,0,0,"wq",0,0,0,"wq",0,0,0,0,15,21,394
116,0.81,0,0,0.025,0.009,0,0,0.117,0,0,0,0,0,0,0.039,0,0,0,0,0,0,0,221,NA,957,2,0,"wq",847,1,74.35,"wq",900,1,0,0,15,22,310
116,0.81,0,0,0.025,0.009,0,0,0.117,0,0,0,0,0,0,0.039,0,0,0,0,0,0,0,223,NA,957,2,0,"wq",847,1,74.35,"wq",900,1,400,120,15,22,450
116,0.81,0,0,0.025,0.009,0,0,0.117,0,0,0,0,0,0,0.039,0,0,0,0,0,0,0,224,NA,957,2,0,"wq",847,1,74.35,"wq",900,1,450,24,15,22,425
116,0.81,0,0,0.025,0.009,0,0,0.117,0,0,0,0,0,0,0.039,0,0,0,0,0,0,0,225,NA,957,2,0,"wq",847,1,74.35,"wq",900,1,500,48,15,22,418
116,0.81,0,0,0.025,0.009,0,0,0.117,0,0,0,0,0,0,0.039,0,0,0,0,0,0,0,226,NA,957,2,0,"wq",847,1,74.35,"wq",900,1,550,5,15,22,387
116,0.81,0,0,0.025,0.009,0,0,0.117,0,0,0,0,0,0,0.039,0,0,0,0,0,0,0,227,NA,957,2,0,"wq",847,1,74.35,"wq",900,1,600,1,15,22,391
116,0.81,0,0,0.025,0.009,0,0,0.117,0,0,0,0,0,0,0.039,0,0,0,0,0,0,0,222,NA,957,2,0,"wq",847,1,74.35,"wq",900,1,400,0.5,15,22,280
129,69.3,0,0,4.92,0,0,1.78,24,0,0,0,0,0,0,0,0,0,0,0,0,0,0,241,NA,1000,2,0,"wq",1000,2,0,"wq",0,0,0,0,13,25,173
129,69.3,0,0,4.92,0,0,1.78,24,0,0,0,0,0,0,0,0,0,0,0,0,0,0,243,NA,1000,2,89,"wq",1000,2,0,"wq",0,0,0,0,13,25,190
129,69.3,0,0,4.92,0,0,1.78,24,0,0,0,0,0,0,0,0,0,0,0,0,0,0,245,NA,0,0,0,"wq",0,0,0,"wq",0,0,0,0,13,25,190
130,67.53,0,0,4.86,0,0,0,27.61,0,0,0,0,0,0,0,0,0,0,0,0,0,0,242,NA,1000,2,0,"wq",1000,2,0,"wq",0,0,0,0,13,25,182
130,67.53,0,0,4.86,0,0,0,27.61,0,0,0,0,0,0,0,0,0,0,0,0,0,0,246,NA,0,0,0,"wq",0,0,0,"wq",0,0,0,0,13,25,173
130,67.53,0,0,4.86,0,0,0,27.61,0,0,0,0,0,0,0,0,0,0,0,0,0,0,244,NA,1000,2,89,"wq",1000,2,0,"wq",0,0,0,0,13,25,169
138,0.8859,0,0,0,0,0,0,0.1141,0,0,0,0,0,0,0,0,0,0,0,0,0,0,272,NA,780,0,0,"wq",1000,8,0,"4.6",0,0,0,0,15,29,221
138,0.8859,0,0,0,0,0,0,0.1141,0,0,0,0,0,0,0,0,0,0,0,0,0,0,274,NA,780,0,0,"wq",1000,8,0,"7.9",0,0,0,0,15,29,226
138,0.8859,0,0,0,0,0,0,0.1141,0,0,0,0,0,0,0,0,0,0,0,0,0,0,275,NA,780,0,0,"wq",1000,8,0,"11.5",0,0,0,0,15,29,241
138,0.8859,0,0,0,0,0,0,0.1141,0,0,0,0,0,0,0,0,0,0,0,0,0,0,276,NA,780,0,0,"wq",1000,8,0,"27.3",0,0,0,0,15,29,237
138,0.8859,0,0,0,0,0,0,0.1141,0,0,0,0,0,0,0,0,0,0,0,0,0,0,277,NA,780,0,0,"wq",1000,8,0,"139.6",0,0,0,0,15,29,238
138,0.8859,0,0,0,0,0,0,0.1141,0,0,0,0,0,0,0,0,0,0,0,0,0,0,278,NA,780,0,0,"wq",1000,4,0,"0.07",0,0,0,0,15,29,79
138,0.8859,0,0,0,0,0,0,0.1141,0,0,0,0,0,0,0,0,0,0,0,0,0,0,279,NA,780,0,0,"wq",1000,4,0,"4",0,0,0,0,15,29,76
138,0.8859,0,0,0,0,0,0,0.1141,0,0,0,0,0,0,0,0,0,0,0,0,0,0,280,NA,780,0,0,"wq",1000,4,0,"26",0,0,0,0,15,29,75
138,0.8859,0,0,0,0,0,0,0.1141,0,0,0,0,0,0,0,0,0,0,0,0,0,0,281,NA,780,0,0,"wq",1000,4,0,"160",0,0,0,0,15,29,74
138,0.8859,0,0,0,0,0,0,0.1141,0,0,0,0,0,0,0,0,0,0,0,0,0,0,273,NA,780,0,0,"wq",1000,8,0,"6",0,0,0,0,15,29,225
140,88.5,0,0,0,4,0,0,7.5,0,0,0,0,0,0,0,0,0,0,0,0,0,0,283,NA,800,0,50,"wq",1000,0.5,0,"wq",0,0,0,0,13,31,260.9
141,87.5,0,0,0,4,0,0,7.5,0,0,0,0,0,0,1,0,0,0,0,0,0,0,284,NA,800,0,50,"wq",1000,0.5,0,"wq",0,0,0,0,13,31,219.5
142,86.5,0,0,0,4,0,0,7.5,0,0,0,0,0,0,2,0,0,0,0,0,0,0,285,NA,800,0,50,"wq",1000,0.5,0,"wq",0,0,0,0,13,31,199.9
143,85.5,0,0,0,4,0,0,7.5,0,0,0,0,0,0,3,0,0,0,0,0,0,0,286,NA,800,0,50,"wq",1000,0.5,0,"wq",0,0,0,0,13,31,267.6
144,84.5,0,0,0,4,0,0,7.5,0,0,0,0,0,0,4,0,0,0,0,0,0,0,287,NA,800,0,50,"wq",1000,0.5,0,"wq",0,0,0,0,13,31,270.9
145,83.99,0,0,2.43,0,0,0,11.94,0,0,0,0,0,0,1.64,0,0,0,0,0,0,0,288,40,950,0,0,"wq",850,1,0,"wq",0,0,0,0,13,32,219.1
146,82.61,0,0,2.46,0,0,0,13.28,0,0,0,0,0,0,1.65,0,0,0,0,0,0,0,289,40,950,0,0,"wq",850,1,0,"wq",0,0,0,0,13,32,221.1
147,81.18,0,0,2.49,0,0,0,14.66,0,0,0,0,0,0,1.67,0,0,0,0,0,0,0,290,40,950,0,0,"wq",850,1,0,"wq",0,0,0,0,13,32,198.9
148,79.73,0,0,2.52,0,0,0,16.06,0,0,0,0,0,0,1.69,0,0,0,0,0,0,0,291,40,950,0,0,"wq",850,1,0,"wq",0,0,0,0,13,32,217.1
149,81.62,0,0,2.5,0,0,0,12.28,0,0,0,0,0,0,3.6,0,0,0,0,0,0,0,292,40,950,0,0,"wq",850,1,0,"wq",0,0,0,0,13,32,216.1
150,80.16,0,0,2.53,0,0,0,13.66,0,0,0,0,0,0,3.65,0,0,0,0,0,0,0,293,40,950,0,0,"wq",850,1,0,"wq",0,0,0,0,13,32,210.9
151,78.67,0,0,2.56,0,0,0,15.08,0,0,0,0,0,0,3.69,0,0,0,0,0,0,0,294,40,950,0,0,"wq",850,1,0,"wq",0,0,0,0,13,32,205.1
152,77.15,0,0,2.59,0,0,0,16.53,0,0,0,0,0,0,3.73,0,0,0,0,0,0,0,295,40,950,0,0,"wq",850,1,0,"wq",0,0,0,0,13,32,198.9
153,79.11,0,0,2.57,0,0,0,12.64,0,0,0,0,0,0,5.68,0,0,0,0,0,0,0,296,40,950,0,0,"wq",850,1,0,"wq",0,0,0,0,13,32,212.1
154,76,0,0,2.64,0,0,0,15.53,0,0,0,0,0,0,5.83,0,0,0,0,0,0,0,297,40,950,0,0,"wq",850,1,0,"wq",0,0,0,0,13,32,203.1
155,74.4,0,0,2.67,0,0,0,17.04,0,0,0,0,0,0,5.89,0,0,0,0,0,0,0,298,40,950,0,0,"wq",850,1,0,"wq",0,0,0,0,13,32,216.9
156,80.18,0,0,1.26,0,0,0,14.91,0,0,0,0,0,0,3.65,0,0,0,0,0,0,0,299,40,950,0,0,"wq",850,1,0,"wq",0,0,0,0,13,32,207.9
157,75.54,0,0,5.24,0,0,0,15.44,0,0,0,0,0,0,3.78,0,0,0,0,0,0,0,300,40,950,0,0,"wq",850,1,0,"wq",0,0,0,0,13,32,211.9
170,81.91,0,0,0,0,0,0,18.09,0,0,0,0,0,0,0,0,0,0,0,0,0,0,334,30,0,0,0,"wq",0,0,0,"wq",0,0,0,0,13,39,378.6
171,80.7,0,0,0,0,0,0,18.34,0,0,0,0,0,0,0.96,0,0,0,0,0,0,0,335,30,0,0,0,"wq",0,0,0,"wq",0,0,0,0,13,39,276.1
172,79.45,0,0,0,0,0,0,18.61,0,0,0,0,0,0,1.94,0,0,0,0,0,0,0,336,30,0,0,0,"wq",0,0,0,"wq",0,0,0,0,13,39,262.9
173,78.17,0,0,0,0,0,0,18.88,0,0,0,0,0,0,2.95,0,0,0,0,0,0,0,337,30,0,0,0,"wq",0,0,0,"wq",0,0,0,0,13,39,211.5
174,76.84,0,0,0,0,0,0,19.16,0,0,0,0,0,0,4,0,0,0,0,0,0,0,338,30,0,0,0,"wq",0,0,0,"wq",0,0,0,0,13,39,232.9
175,75.48,0,0,0,0,0,0,19.45,0,0,0,0,0,0,5.07,0,0,0,0,0,0,0,339,30,0,0,0,"wq",0,0,0,"wq",0,0,0,0,13,39,239.9
176,81.91,0,0,0,0,0,0,18.09,0,0,0,0,0,0,0,0,0,0,0,0,0,0,340,99,850,0,0,"wq",1000,1,0,"wq",0,0,0,0,13,40,206.2
176,81.91,0,0,0,0,0,0,18.09,0,0,0,0,0,0,0,0,0,0,0,0,0,0,341,99,850,0,0,"wq",1000,1,0,"wq",260,0.017,0,0,13,40,191.3
176,81.91,0,0,0,0,0,0,18.09,0,0,0,0,0,0,0,0,0,0,0,0,0,0,342,99,850,0,0,"wq",1000,1,0,"wq",260,2,0,0,13,40,298.8
176,81.91,0,0,0,0,0,0,18.09,0,0,0,0,0,0,0,0,0,0,0,0,0,0,344,99,850,0,0,"wq",1000,1,0,"wq",400,0.017,0,0,13,40,354.3
176,81.91,0,0,0,0,0,0,18.09,0,0,0,0,0,0,0,0,0,0,0,0,0,0,345,99,850,0,0,"wq",1000,1,0,"wq",400,0.17,0,0,13,40,443.2
176,81.91,0,0,0,0,0,0,18.09,0,0,0,0,0,0,0,0,0,0,0,0,0,0,346,99,850,0,0,"wq",1000,1,0,"wq",400,0.33,0,0,13,40,439.5
176,81.91,0,0,0,0,0,0,18.09,0,0,0,0,0,0,0,0,0,0,0,0,0,0,343,99,850,0,0,"wq",1000,1,0,"wq",260,4,0,0,13,40,302.5
176,81.91,0,0,0,0,0,0,18.09,0,0,0,0,0,0,0,0,0,0,0,0,0,0,348,99,850,0,0,"wq",1000,1,0,"wq",400,1,0,0,13,40,432.1
176,81.91,0,0,0,0,0,0,18.09,0,0,0,0,0,0,0,0,0,0,0,0,0,0,347,99,850,0,0,"wq",1000,1,0,"wq",400,0.5,0,0,13,40,425.9
180,80.89,8.8,0,0,2.48,4.66,0,0,0,0,2.74,0,0.43,0,0,0,0,0,0,0,0,0,353,NA,1000,0.25,0,"63",0,0,0,"wq",0,0,0,0,14,42,272
180,80.89,8.8,0,0,2.48,4.66,0,0,0,0,2.74,0,0.43,0,0,0,0,0,0,0,0,0,354,NA,1000,0.25,0,"21",0,0,0,"wq",0,0,0,0,14,42,264
180,80.89,8.8,0,0,2.48,4.66,0,0,0,0,2.74,0,0.43,0,0,0,0,0,0,0,0,0,355,NA,1000,0.25,0,"10",0,0,0,"wq",0,0,0,0,14,42,275
180,80.89,8.8,0,0,2.48,4.66,0,0,0,0,2.74,0,0.43,0,0,0,0,0,0,0,0,0,356,NA,1000,0.25,0,"7",0,0,0,"wq",0,0,0,0,14,42,279
180,80.89,8.8,0,0,2.48,4.66,0,0,0,0,2.74,0,0.43,0,0,0,0,0,0,0,0,0,357,NA,1000,0.25,0,"5",0,0,0,"wq",0,0,0,0,14,42,283
180,80.89,8.8,0,0,2.48,4.66,0,0,0,0,2.74,0,0.43,0,0,0,0,0,0,0,0,0,358,NA,1000,0.25,0,"4",0,0,0,"wq",0,0,0,0,14,42,292
180,80.89,8.8,0,0,2.48,4.66,0,0,0,0,2.74,0,0.43,0,0,0,0,0,0,0,0,0,359,NA,1000,0.25,0,"0.02",0,0,0,"wq",0,0,0,0,14,42,407
180,80.89,8.8,0,0,2.48,4.66,0,0,0,0,2.74,0,0.43,0,0,0,0,0,0,0,0,0,352,NA,1000,0.25,0,"261",0,0,0,"wq",0,0,0,0,14,42,327
181,75.82,9.34,0,0,2.63,0,0,6.4,0,0,3.01,0,2.8,0,0,0,0,0,0,0,0,0,360,NA,1000,0.25,0,"261",0,0,0,"wq",0,0,0,0,14,42,303
181,75.82,9.34,0,0,2.63,0,0,6.4,0,0,3.01,0,2.8,0,0,0,0,0,0,0,0,0,362,NA,1000,0.25,0,"21",0,0,0,"wq",0,0,0,0,14,42,258
181,75.82,9.34,0,0,2.63,0,0,6.4,0,0,3.01,0,2.8,0,0,0,0,0,0,0,0,0,363,NA,1000,0.25,0,"10",0,0,0,"wq",0,0,0,0,14,42,272
181,75.82,9.34,0,0,2.63,0,0,6.4,0,0,3.01,0,2.8,0,0,0,0,0,0,0,0,0,364,NA,1000,0.25,0,"7",0,0,0,"wq",0,0,0,0,14,42,276
181,75.82,9.34,0,0,2.63,0,0,6.4,0,0,3.01,0,2.8,0,0,0,0,0,0,0,0,0,361,NA,1000,0.25,0,"63",0,0,0,"wq",0,0,0,0,14,42,274
181,75.82,9.34,0,0,2.63,0,0,6.4,0,0,3.01,0,2.8,0,0,0,0,0,0,0,0,0,366,NA,1000,0.25,0,"4",0,0,0,"wq",0,0,0,0,14,42,280
181,75.82,9.34,0,0,2.63,0,0,6.4,0,0,3.01,0,2.8,0,0,0,0,0,0,0,0,0,367,NA,1000,0.25,0,"0.02",0,0,0,"wq",0,0,0,0,14,42,412
181,75.82,9.34,0,0,2.63,0,0,6.4,0,0,3.01,0,2.8,0,0,0,0,0,0,0,0,0,365,NA,1000,0.25,0,"5",0,0,0,"wq",0,0,0,0,14,42,278
182,0.9976,0,0,0,0,0,0.0122,0.0102,0,0,0,0,0,0,0,0,0,0,0,0,0,0,368,NA,830,0,0,"wq",650,0,0,"wq",0,0,0,0,15,43,189
182,0.9976,0,0,0,0,0,0.0122,0.0102,0,0,0,0,0,0,0,0,0,0,0,0,0,0,369,NA,830,0,0,"wq",650,0,0,"wq",700,4,0,0,15,43,180
182,0.9976,0,0,0,0,0,0.0122,0.0102,0,0,0,0,0,0,0,0,0,0,0,0,0,0,371,NA,830,0,0,"wq",650,0,0,"wq",550,4,0,0,15,43,167
182,0.9976,0,0,0,0,0,0.0122,0.0102,0,0,0,0,0,0,0,0,0,0,0,0,0,0,372,NA,830,0,0,"wq",650,0,0,"wq",600,4,0,0,15,43,159
182,0.9976,0,0,0,0,0,0.0122,0.0102,0,0,0,0,0,0,0,0,0,0,0,0,0,0,373,NA,830,0,0,"wq",650,0,0,"wq",700,4,0,0,15,43,158
182,0.9976,0,0,0,0,0,0.0122,0.0102,0,0,0,0,0,0,0,0,0,0,0,0,0,0,370,NA,830,0,0,"wq",650,0,0,"wq",840,2,0,0,15,43,189
182,0.9976,0,0,0,0,0,0.0122,0.0102,0,0,0,0,0,0,0,0,0,0,0,0,0,0,374,NA,830,0,0,"wq",650,0,0,"wq",750,4,0,0,15,43,156
183,0.668,0,0,0.0644,0,0,0.0288,0.2388,0,0,0,0,0,0,0,0,0,0,0,0,0,0,375,10,1100,168,0,"wq",0,0,0,"wq",0,0,0,0,15,44,291
183,0.668,0,0,0.0644,0,0,0.0288,0.2388,0,0,0,0,0,0,0,0,0,0,0,0,0,0,376,10,1100,168,0,"wq",600,4,0,"wq",0,0,0,0,15,44,258
184,0.8581,0,0,0.0409,0.0723,0,0,0,0,0,0,0,0.0287,0,0,0,0,0,0,0,0,0,377,10,1100,168,0,"wq",0,0,0,"wq",0,0,0,0,15,44,345
184,0.8581,0,0,0.0409,0.0723,0,0,0,0,0,0,0,0.0287,0,0,0,0,0,0,0,0,0,378,10,1100,168,0,"wq",600,4,0,"wq",0,0,0,0,15,44,366
200,0.9953,0,0,0,0,0,0,0,0,0,0,0,0,0,0,0,0.0047,0,0,0,0,0,441,NA,0,0,0,"wq",0,0,0,"wq",0,0,0,0,15,50,202.18
201,0.9881,0,0,0,0,0,0,0,0,0,0,0,0,0,0,0,0.0119,0,0,0,0,0,442,NA,0,0,0,"wq",0,0,0,"wq",0,0,0,0,15,50,224.97
202,0.9752,0,0,0,0,0,0,0,0,0,0,0,0,0,0,0,0.0248,0,0,0,0,0,443,NA,0,0,0,"wq",0,0,0,"wq",0,0,0,0,15,50,294.79
203,0.9458,0,0,0,0,0,0,0,0,0,0,0,0,0,0,0,0.0542,0,0,0,0,0,444,NA,0,0,0,"wq",0,0,0,"wq",0,0,0,0,15,50,359.27
204,0.9153,0,0,0.0847,0,0,0,0,0,0,0,0,0,0,0,0,0,0,0,0,0,0,445,NA,0,0,0,"wq",0,0,0,"wq",0,0,0,0,15,51,214
205,0.9053,0,0,0.0848,0,0,0,0,0,0,0.0099,0,0,0,0,0,0,0,0,0,0,0,446,NA,0,0,0,"wq",0,0,0,"wq",0,0,0,0,15,51,254
206,0.8852,0,0,0.085,0,0,0,0,0,0,0.0298,0,0,0,0,0,0,0,0,0,0,0,447,NA,0,0,0,"wq",0,0,0,"wq",0,0,0,0,15,51,316
207,0.8651,0,0,0.0851,0,0,0,0,0,0,0.0498,0,0,0,0,0,0,0,0,0,0,0,448,NA,0,0,0,"wq",0,0,0,"wq",0,0,0,0,15,51,519
208,0.8449,0,0,0.0853,0,0,0,0,0,0,0.0698,0,0,0,0,0,0,0,0,0,0,0,449,NA,0,0,0,"wq",0,0,0,"wq",0,0,0,0,15,51,464
209,0.8145,0,0,0.0855,0,0,0,0,0,0,0.1,0,0,0,0,0,0,0,0,0,0,0,450,NA,0,0,0,"wq",0,0,0,"wq",0,0,0,0,15,51,307
212,89.74,0,0,5.89,0,0,1.48,2.89,0,0,0,0,0,0,0,0,0,0,0,0,0,0,483,NA,0,0,0,"wq",0,0,0,"wq",0,0,0,0,13,54,240
212,89.74,0,0,5.89,0,0,1.48,2.89,0,0,0,0,0,0,0,0,0,0,0,0,0,0,484,NA,0,0,95,"wq",850,0.5,0,"wq",0,0,0,0,13,54,330
250,0.9529,0,0,0,0,0.0471,0,0,0,0,0,0,0,0,0,0,0,0,0,0,0,0,545,NA,0,4,0,"10",0,0,0,"wq",0,0,0,0,15,63,433.2
251,0.9055,0,0,0,0,0.0945,0,0,0,0,0,0,0,0,0,0,0,0,0,0,0,0,546,NA,0,4,0,"10",0,0,0,"wq",0,0,0,0,15,63,352
252,0.8578,0,0,0,0,0.1422,0,0,0,0,0,0,0,0,0,0,0,0,0,0,0,0,547,NA,0,4,0,"10",0,0,0,"wq",0,0,0,0,15,63,497
253,0.8098,0,0,0,0,0.1902,0,0,0,0,0,0,0,0,0,0,0,0,0,0,0,0,548,NA,0,4,0,"10",0,0,0,"wq",0,0,0,0,15,63,379.6
270,0.9874,0,0,0,0,0,0,0,0,0.0126,0,0,0,0,0,0,0,0,0,0,0,0,573,NA,0,4,0,"wq",0,0,0,"wq",0,0,0,0,15,68,375.4
271,0.9737,0,0,0,0,0,0,0,0,0.0263,0,0,0,0,0,0,0,0,0,0,0,0,574,NA,0,4,0,"wq",0,0,0,"wq",0,0,0,0,15,68,343.4
272,0.9589,0,0,0,0,0,0,0,0,0.0411,0,0,0,0,0,0,0,0,0,0,0,0,575,NA,0,4,0,"wq",0,0,0,"wq",0,0,0,0,15,68,318.6
273,0.9427,0,0,0,0,0,0,0,0,0.0573,0,0,0,0,0,0,0,0,0,0,0,0,576,NA,0,4,0,"wq",0,0,0,"wq",0,0,0,0,15,68,366.4
274,0.8606,0,0,0,0,0,0,0,0,0.1394,0,0,0,0,0,0,0,0,0,0,0,0,577,NA,0,4,0,"wq",0,0,0,"wq",0,0,0,0,15,68,433.2
275,0.8133,0.088,0,0,0.0247,0.0466,0,0,0,0,0.0274,0,0,0,0,0,0,0,0,0,0,0,578,NA,900,1,0,"wq",0,0,0,"wq",0,0,0,0,15,69,310
275,0.8133,0.088,0,0,0.0247,0.0466,0,0,0,0,0.0274,0,0,0,0,0,0,0,0,0,0,0,580,NA,900,1,0,"wq",650,0.167,0,"wq",0,0,0,0,15,69,426.5
275,0.8133,0.088,0,0,0.0247,0.0466,0,0,0,0,0.0274,0,0,0,0,0,0,0,0,0,0,0,581,NA,900,1,0,"wq",650,0.5,0,"wq",0,0,0,0,15,69,420
275,0.8133,0.088,0,0,0.0247,0.0466,0,0,0,0,0.0274,0,0,0,0,0,0,0,0,0,0,0,582,NA,900,1,0,"wq",650,1,0,"wq",0,0,0,0,15,69,388.5
275,0.8133,0.088,0,0,0.0247,0.0466,0,0,0,0,0.0274,0,0,0,0,0,0,0,0,0,0,0,579,NA,900,1,0,"wq",650,0.083,0,"wq",0,0,0,0,15,69,355
275,0.8133,0.088,0,0,0.0247,0.0466,0,0,0,0,0.0274,0,0,0,0,0,0,0,0,0,0,0,611,NA,900,1,0,"wq",650,8,0,"wq",0,0,0,0,15,69,425.2
275,0.8133,0.088,0,0,0.0247,0.0466,0,0,0,0,0.0274,0,0,0,0,0,0,0,0,0,0,0,586,NA,900,1,0,"wq",650,5,0,"wq",0,0,0,0,15,69,424.8
275,0.8133,0.088,0,0,0.0247,0.0466,0,0,0,0,0.0274,0,0,0,0,0,0,0,0,0,0,0,604,NA,900,1,0,"wq",650,0.25,0,"wq",0,0,0,0,15,69,392
275,0.8133,0.088,0,0,0.0247,0.0466,0,0,0,0,0.0274,0,0,0,0,0,0,0,0,0,0,0,588,NA,900,1,0,"wq",400,8,0,"wq",0,0,0,0,15,69,514
275,0.8133,0.088,0,0,0.0247,0.0466,0,0,0,0,0.0274,0,0,0,0,0,0,0,0,0,0,0,606,NA,900,1,0,"wq",650,0.417,0,"wq",0,0,0,0,15,69,421.6
275,0.8133,0.088,0,0,0.0247,0.0466,0,0,0,0,0.0274,0,0,0,0,0,0,0,0,0,0,0,607,NA,900,1,0,"wq",650,2,0,"wq",0,0,0,0,15,69,428.3
275,0.8133,0.088,0,0,0.0247,0.0466,0,0,0,0,0.0274,0,0,0,0,0,0,0,0,0,0,0,608,NA,900,1,0,"wq",650,3,0,"wq",0,0,0,0,15,69,418.2
275,0.8133,0.088,0,0,0.0247,0.0466,0,0,0,0,0.0274,0,0,0,0,0,0,0,0,0,0,0,605,NA,900,1,0,"wq",650,0.333,0,"wq",0,0,0,0,15,69,387
275,0.8133,0.088,0,0,0.0247,0.0466,0,0,0,0,0.0274,0,0,0,0,0,0,0,0,0,0,0,583,NA,900,1,0,"wq",650,6,0,"wq",0,0,0,0,15,69,416
275,0.8133,0.088,0,0,0.0247,0.0466,0,0,0,0,0.0274,0,0,0,0,0,0,0,0,0,0,0,610,NA,900,1,0,"wq",650,7,0,"wq",0,0,0,0,15,69,427.2
275,0.8133,0.088,0,0,0.0247,0.0466,0,0,0,0,0.0274,0,0,0,0,0,0,0,0,0,0,0,612,NA,900,1,0,"wq",650,29,0,"wq",0,0,0,0,15,69,380
275,0.8133,0.088,0,0,0.0247,0.0466,0,0,0,0,0.0274,0,0,0,0,0,0,0,0,0,0,0,609,NA,900,1,0,"wq",650,4,0,"wq",0,0,0,0,15,69,417.3
276,0.8071,0.0877,0,0,0.0247,0.0465,0,0,0,0,0.0273,0,0,0,0,0,0,0,0,0,0.0067,0,589,NA,900,1,0,"wq",650,0.167,0,"wq",0,0,0,0,15,69,357.5
276,0.8071,0.0877,0,0,0.0247,0.0465,0,0,0,0,0.0273,0,0,0,0,0,0,0,0,0,0.0067,0,590,NA,900,1,0,"wq",650,5,0,"wq",0,0,0,0,15,69,383.5
276,0.8071,0.0877,0,0,0.0247,0.0465,0,0,0,0,0.0273,0,0,0,0,0,0,0,0,0,0.0067,0,587,NA,900,1,0,"wq",400,8,0,"wq",0,0,0,0,15,69,460
276,0.8071,0.0877,0,0,0.0247,0.0465,0,0,0,0,0.0273,0,0,0,0,0,0,0,0,0,0.0067,0,600,NA,900,1,0,"wq",650,6,0,"wq",0,0,0,0,15,69,398.4
276,0.8071,0.0877,0,0,0.0247,0.0465,0,0,0,0,0.0273,0,0,0,0,0,0,0,0,0,0.0067,0,601,NA,900,1,0,"wq",650,7,0,"wq",0,0,0,0,15,69,386.5
276,0.8071,0.0877,0,0,0.0247,0.0465,0,0,0,0,0.0273,0,0,0,0,0,0,0,0,0,0.0067,0,602,NA,900,1,0,"wq",650,8,0,"wq",0,0,0,0,15,69,395
276,0.8071,0.0877,0,0,0.0247,0.0465,0,0,0,0,0.0273,0,0,0,0,0,0,0,0,0,0.0067,0,603,NA,900,1,0,"wq",650,29,0,"wq",0,0,0,0,15,69,362.5
276,0.8071,0.0877,0,0,0.0247,0.0465,0,0,0,0,0.0273,0,0,0,0,0,0,0,0,0,0.0067,0,591,NA,900,1,0,"wq",650,0.083,0,"wq",0,0,0,0,15,69,364
276,0.8071,0.0877,0,0,0.0247,0.0465,0,0,0,0,0.0273,0,0,0,0,0,0,0,0,0,0.0067,0,592,NA,900,1,0,"wq",650,0.25,0,"wq",0,0,0,0,15,69,383
276,0.8071,0.0877,0,0,0.0247,0.0465,0,0,0,0,0.0273,0,0,0,0,0,0,0,0,0,0.0067,0,593,NA,900,1,0,"wq",650,0.333,0,"wq",0,0,0,0,15,69,356
276,0.8071,0.0877,0,0,0.0247,0.0465,0,0,0,0,0.0273,0,0,0,0,0,0,0,0,0,0.0067,0,594,NA,900,1,0,"wq",650,0.417,0,"wq",0,0,0,0,15,69,389
276,0.8071,0.0877,0,0,0.0247,0.0465,0,0,0,0,0.0273,0,0,0,0,0,0,0,0,0,0.0067,0,595,NA,900,1,0,"wq",650,0.5,0,"wq",0,0,0,0,15,69,381
276,0.8071,0.0877,0,0,0.0247,0.0465,0,0,0,0,0.0273,0,0,0,0,0,0,0,0,0,0.0067,0,596,NA,900,1,0,"wq",650,1,0,"wq",0,0,0,0,15,69,357.5
276,0.8071,0.0877,0,0,0.0247,0.0465,0,0,0,0,0.0273,0,0,0,0,0,0,0,0,0,0.0067,0,597,NA,900,1,0,"wq",650,2,0,"wq",0,0,0,0,15,69,399.5
276,0.8071,0.0877,0,0,0.0247,0.0465,0,0,0,0,0.0273,0,0,0,0,0,0,0,0,0,0.0067,0,585,NA,900,1,0,"wq",0,0,0,"wq",0,0,0,0,15,69,290
276,0.8071,0.0877,0,0,0.0247,0.0465,0,0,0,0,0.0273,0,0,0,0,0,0,0,0,0,0.0067,0,599,NA,900,1,0,"wq",650,4,0,"wq",0,0,0,0,15,69,380.5
276,0.8071,0.0877,0,0,0.0247,0.0465,0,0,0,0,0.0273,0,0,0,0,0,0,0,0,0,0.0067,0,598,NA,900,1,0,"wq",650,3,0,"wq",0,0,0,0,15,69,405
277,71.95,0,0,0,0,0,9.52,18.53,0,0,0,0,0,0,0,0,0,0,0,0,0,0,613,20,950,20,80,"wq",850,0.5,0,"wq",0,0,0,0,13,70,145
278,86.2,10.2,0,0,0,3.6,0,0,0,0,0,0,0,0,0,0,0,0,0,0,0,0,614,NA,0,0,0,"wq",0,0,0,"wq",0,0,0,0,13,70,341
279,52.58,0,0,26.69,0,0,0,20.73,0,0,0,0,0,0,0,0,0,0,0,0,0,0,615,NA,890,1,20,"wq",0,0,0,"wq",0,0,0,0,13,71,263.05
279,52.58,0,0,26.69,0,0,0,20.73,0,0,0,0,0,0,0,0,0,0,0,0,0,0,617,NA,890,1,76,"wq",0,0,0,"wq",0,0,0,0,13,71,278.04
279,52.58,0,0,26.69,0,0,0,20.73,0,0,0,0,0,0,0,0,0,0,0,0,0,0,618,NA,890,1,86,"wq",0,0,0,"wq",0,0,0,0,13,71,286.65
279,52.58,0,0,26.69,0,0,0,20.73,0,0,0,0,0,0,0,0,0,0,0,0,0,0,619,NA,890,1,86,"wq",890,1,0,"wq",0,0,0,0,13,71,250.75
279,52.58,0,0,26.69,0,0,0,20.73,0,0,0,0,0,0,0,0,0,0,0,0,0,0,616,NA,890,1,56,"wq",0,0,0,"wq",0,0,0,0,13,71,274.99
285,92.85,0,0,0,0,0,0,7.15,0,0,0,0,0,0,0,0,0,0,0,0,0,0,625,100,0,0,0,"wq",0,0,0,"wq",0,0,0,0,13,73,276.19
286,83.31,0,0,0,0,0,0,16.69,0,0,0,0,0,0,0,0,0,0,0,0,0,0,626,100,0,0,0,"wq",0,0,0,"wq",0,0,0,0,13,73,287.14
287,0.9302,0,0,0,0.0533,0,0,0.0165,0,0,0,0,0,0,0,0,0,0,0,0,0,0,627,NA,950,1,0,"wq",0,0,0,"wq",0,0,0,0,15,74,332
288,0.9122,0,0,0,0.0542,0,0,0.0336,0,0,0,0,0,0,0,0,0,0,0,0,0,0,628,NA,950,1,0,"wq",0,0,0,"wq",0,0,0,0,15,74,339
289,0.8938,0,0,0,0.0551,0,0,0.0512,0,0,0,0,0,0,0,0,0,0,0,0,0,0,629,NA,950,1,0,"wq",0,0,0,"wq",0,0,0,0,15,74,340
310,0.48,0,0,0.3,0.02,0.04,0.07,0.09,0,0,0,0,0,0,0,0,0,0,0,0,0,0,658,NA,1000,2,40,"wq",950,0.5,0,"wq",0,0,0,0,15,81,244
310,0.48,0,0,0.3,0.02,0.04,0.07,0.09,0,0,0,0,0,0,0,0,0,0,0,0,0,0,675,NA,1000,2,40,"wq",950,0.5,90,"wq",0,0,0,0,15,81,209
310,0.48,0,0,0.3,0.02,0.04,0.07,0.09,0,0,0,0,0,0,0,0,0,0,0,0,0,0,671,NA,1000,2,40,"wq",950,0.5,30,"wq",0,0,0,0,15,81,198
310,0.48,0,0,0.3,0.02,0.04,0.07,0.09,0,0,0,0,0,0,0,0,0,0,0,0,0,0,657,NA,1000,2,40,"wq",950,0.5,60,"wq",0,0,0,0,15,81,83
311,0.54,0,0,0.25,0.03,0,0.03,0.15,0,0,0,0,0,0,0,0,0,0,0,0,0,0,672,NA,1000,2,40,"wq",950,0.5,30,"wq",0,0,0,0,15,81,255
311,0.54,0,0,0.25,0.03,0,0.03,0.15,0,0,0,0,0,0,0,0,0,0,0,0,0,0,661,NA,1000,2,40,"wq",950,0.5,0,"wq",0,0,0,0,15,81,296
311,0.54,0,0,0.25,0.03,0,0.03,0.15,0,0,0,0,0,0,0,0,0,0,0,0,0,0,668,NA,1000,2,40,"wq",950,0.5,90,"wq",0,0,0,0,15,81,112
311,0.54,0,0,0.25,0.03,0,0.03,0.15,0,0,0,0,0,0,0,0,0,0,0,0,0,0,660,NA,1000,2,40,"wq",950,0.5,60,"wq",0,0,0,0,15,81,191
312,0.62,0,0,0.15,0,0,0.14,0.08,0,0,0.01,0,0,0,0,0,0,0,0,0,0,0,664,NA,1000,2,40,"wq",950,0.5,0,"wq",0,0,0,0,15,81,302
312,0.62,0,0,0.15,0,0,0.14,0.08,0,0,0.01,0,0,0,0,0,0,0,0,0,0,0,663,NA,1000,2,40,"wq",950,0.5,60,"wq",0,0,0,0,15,81,230
312,0.62,0,0,0.15,0,0,0.14,0.08,0,0,0.01,0,0,0,0,0,0,0,0,0,0,0,669,NA,1000,2,40,"wq",950,0.5,90,"wq",0,0,0,0,15,81,195
312,0.62,0,0,0.15,0,0,0.14,0.08,0,0,0.01,0,0,0,0,0,0,0,0,0,0,0,673,NA,1000,2,40,"wq",950,0.5,30,"wq",0,0,0,0,15,81,262
313,0.71,0,0,0.05,0,0,0.2,0.04,0,0,0,0,0,0,0,0,0,0,0,0,0,0,666,NA,1000,2,40,"wq",950,0.5,60,"wq",0,0,0,0,15,81,230
313,0.71,0,0,0.05,0,0,0.2,0.04,0,0,0,0,0,0,0,0,0,0,0,0,0,0,670,NA,1000,2,40,"wq",950,0.5,90,"wq",0,0,0,0,15,81,201
313,0.71,0,0,0.05,0,0,0.2,0.04,0,0,0,0,0,0,0,0,0,0,0,0,0,0,674,NA,1000,2,40,"wq",950,0.5,30,"wq",0,0,0,0,15,81,277
313,0.71,0,0,0.05,0,0,0.2,0.04,0,0,0,0,0,0,0,0,0,0,0,0,0,0,667,NA,1000,2,40,"wq",950,0.5,0,"wq",0,0,0,0,15,81,329
315,81.06,8.8,0,0,2.48,4.66,0,0,0,0,2.74,0,0.26,0,0,0,0,0,0,0,0,0,678,NA,900,0.5,0,"wq",0,0,0,"wq",0,0,0,0,14,82,278.07
315,81.06,8.8,0,0,2.48,4.66,0,0,0,0,2.74,0,0.26,0,0,0,0,0,0,0,0,0,680,NA,900,0.5,0,"wq",300,2,0,"wq",0,0,0,0,14,82,311.07
315,81.06,8.8,0,0,2.48,4.66,0,0,0,0,2.74,0,0.26,0,0,0,0,0,0,0,0,0,681,NA,900,0.5,0,"wq",300,4,0,"wq",0,0,0,0,14,82,317.05
315,81.06,8.8,0,0,2.48,4.66,0,0,0,0,2.74,0,0.26,0,0,0,0,0,0,0,0,0,682,NA,900,0.5,0,"wq",300,8,0,"wq",0,0,0,0,14,83,322.76
315,81.06,8.8,0,0,2.48,4.66,0,0,0,0,2.74,0,0.26,0,0,0,0,0,0,0,0,0,679,NA,900,0.5,0,"wq",300,1,0,"wq",0,0,0,0,14,82,309.64
315,81.06,8.8,0,0,2.48,4.66,0,0,0,0,2.74,0,0.26,0,0,0,0,0,0,0,0,0,684,NA,900,0.5,0,"wq",400,1,0,"wq",0,0,0,0,14,83,457.77
315,81.06,8.8,0,0,2.48,4.66,0,0,0,0,2.74,0,0.26,0,0,0,0,0,0,0,0,0,685,NA,900,0.5,0,"wq",400,2,0,"wq",0,0,0,0,14,83,486.22
315,81.06,8.8,0,0,2.48,4.66,0,0,0,0,2.74,0,0.26,0,0,0,0,0,0,0,0,0,686,NA,900,0.5,0,"wq",400,4,0,"wq",0,0,0,0,14,83,509.35
315,81.06,8.8,0,0,2.48,4.66,0,0,0,0,2.74,0,0.26,0,0,0,0,0,0,0,0,0,683,NA,900,0.5,0,"wq",300,8,0,"wq",500,2,0,0,14,83,515.84
339,76.47,5.35,0,0,0,14.18,0,0,0,0,2.78,0,0,0,1.22,0,0,0,0,0,0,0,711,NA,850,1,0,"wq",300,10,0,"wq",0,0,0,0,14,88,259
339,76.47,5.35,0,0,0,14.18,0,0,0,0,2.78,0,0,0,1.22,0,0,0,0,0,0,0,712,NA,0,0,0,"wq",0,0,0,"wq",500,8,0,0,14,88,358
339,76.47,5.35,0,0,0,14.18,0,0,0,0,2.78,0,0,0,1.22,0,0,0,0,0,0,0,713,NA,0,0,0,"wq",0,0,0,"wq",500,10,0,0,14,88,373
339,76.47,5.35,0,0,0,14.18,0,0,0,0,2.78,0,0,0,1.22,0,0,0,0,0,0,0,714,NA,0,0,0,"wq",0,0,0,"wq",250,24,500,8,14,88,376
339,76.47,5.35,0,0,0,14.18,0,0,0,0,2.78,0,0,0,1.22,0,0,0,0,0,0,0,715,NA,0,0,0,"wq",0,0,0,"wq",300,10,500,10,14,88,405
346,0.9872,0,0,0,0,0,0,0,0,0,0,0,0,0.0128,0,0,0,0,0,0,0,0,726,NA,0,4,0,"wq",0,0,0,"wq",0,0,0,0,15,91,464
347,0.9735,0,0,0,0,0,0,0,0,0,0,0,0,0.0265,0,0,0,0,0,0,0,0,727,NA,0,4,0,"wq",0,0,0,"wq",0,0,0,0,15,91,603
348,0.9585,0,0,0,0,0,0,0,0,0,0,0,0,0.0415,0,0,0,0,0,0,0,0,728,NA,0,4,0,"wq",0,0,0,"wq",0,0,0,0,15,91,410.6
349,0.9422,0,0,0,0,0,0,0,0,0,0,0,0,0.0578,0,0,0,0,0,0,0,0,729,NA,0,4,0,"wq",0,0,0,"wq",0,0,0,0,15,91,387.6
352,97.44,0,0,0,2.56,0,0,0,0,0,0,0,0,0,0,0,0,0,0,0,0,0,732,NA,0,0,0,"wq",0,0,0,"wq",0,0,0,0,13,93,384.28
353,96.49,0,0,0,2.56,0,0,0,0,0,0.95,0,0,0,0,0,0,0,0,0,0,0,733,NA,0,0,0,"wq",0,0,0,"wq",0,0,0,0,13,93,355.99
354,95.55,0,0,0,2.56,0,0,0,0,0,1.89,0,0,0,0,0,0,0,0,0,0,0,734,NA,0,0,0,"wq",0,0,0,"wq",0,0,0,0,13,93,434.97
355,94.6,0,0,0,2.56,0,0,0,0,0,2.84,0,0,0,0,0,0,0,0,0,0,0,735,NA,0,0,0,"wq",0,0,0,"wq",0,0,0,0,13,93,563.46
356,93.64,0,0,0,2.57,0,0,0,0,0,3.79,0,0,0,0,0,0,0,0,0,0,0,736,NA,0,0,0,"wq",0,0,0,"wq",0,0,0,0,13,93,545.77
357,92.69,0,0,0,2.57,0,0,0,0,0,4.74,0,0,0,0,0,0,0,0,0,0,0,737,NA,0,0,0,"wq",0,0,0,"wq",0,0,0,0,13,93,476.22
358,90.78,0,0,0,2.57,0,0,0,0,0,6.65,0,0,0,0,0,0,0,0,0,0,0,738,NA,0,0,0,"wq",0,0,0,"wq",0,0,0,0,13,93,413.75
359,88.86,0,0,0,2.58,0,0,0,0,0,8.56,0,0,0,0,0,0,0,0,0,0,0,739,NA,0,0,0,"wq",0,0,0,"wq",0,0,0,0,13,93,426.72
368,94.49,0,0,5.51,0,0,0,0,0,0,0,0,0,0,0,0,0,0,0,0,0,0,764,NA,0,0,0,"wq",0,0,0,"wq",0,0,0,0,13,96,265.35
369,93.92,0,0,5.54,0,0,0,0.54,0,0,0,0,0,0,0,0,0,0,0,0,0,0,765,NA,0,0,0,"wq",0,0,0,"wq",0,0,0,0,13,96,263.21
370,93.93,0,0,5.54,0.53,0,0,0,0,0,0,0,0,0,0,0,0,0,0,0,0,0,766,NA,0,0,0,"wq",0,0,0,"wq",0,0,0,0,13,96,301.63
371,93.52,0,0,5.51,0,0,0,0,0,0,0.97,0,0,0,0,0,0,0,0,0,0,0,767,NA,0,0,0,"wq",0,0,0,"wq",0,0,0,0,13,96,290.96
372,93.58,0,0,5.52,0,0,0,0,0,0,0,0,0.9,0,0,0,0,0,0,0,0,0,768,NA,0,0,0,"wq",0,0,0,"wq",0,0,0,0,13,96,288.82
373,84.55,0,0,7.8,0,0,0,7.65,0,0,0,0,0,0,0,0,0,0,0,0,0,0,769,NA,0,0,0,"wq",0,0,0,"wq",0,0,0,0,13,97,285
374,91.91,0,0,0,8.09,0,0,0,0,0,0,0,0,0,0,0,0,0,0,0,0,0,770,NA,0,0,0,"wq",0,0,0,"wq",0,0,0,0,13,97,307
375,96.11,0,0,0,3.89,0,0,0,0,0,0,0,0,0,0,0,0,0,0,0,0,0,771,NA,0,0,0,"wq",0,0,0,"wq",0,0,0,0,13,97,263
377,84.55,0,0,7.79,0,0,0,7.65,0,0,0,0,0,0,0,0,0,0,0,0,0,0,775,NA,0,0,0,"wq",0,0,0,"wq",0,0,0,0,14,99,289.44
377,84.55,0,0,7.79,0,0,0,7.65,0,0,0,0,0,0,0,0,0,0,0,0,0,0,776,NA,900,1,0,"wq",25,0,0,"wq",0,0,0,0,14,99,265.93
377,84.55,0,0,7.79,0,0,0,7.65,0,0,0,0,0,0,0,0,0,0,0,0,0,0,777,NA,900,1,0,"wq",-30,0,0,"wq",0,0,0,0,14,99,247.09
377,84.55,0,0,7.79,0,0,0,7.65,0,0,0,0,0,0,0,0,0,0,0,0,0,0,778,NA,660,1,0,"wq",25,0,0,"wq",0,0,0,0,14,99,256.76
393,0.9167,0,0,0,0,0,0,0.0833,0,0,0,0,0,0,0,0,0,0,0,0,0,0,803,NA,1000,2,0,"wq",0,0,85,"wq",900,0.5,0,0,15,105,241
394,0.9106,0,0,0,0,0,0,0.083,0,0,0,0,0,0,0,0,0,0.0064,0,0,0,0,804,NA,1000,2,0,"wq",0,0,85,"wq",900,0.5,0,0,15,105,252
395,0.9016,0,0,0,0,0,0,0.0824,0,0,0,0,0,0,0,0,0,0.016,0,0,0,0,805,NA,1000,2,0,"wq",750,0,85,"wq",900,0.5,0,0,15,105,309
396,0.8049,0,0,0,0,0,0,0.1951,0,0,0,0,0,0,0,0,0,0,0,0,0,0,806,NA,1000,2,0,"wq",0,0,85,"wq",900,0.5,0,0,15,105,158
397,0.7987,0,0,0,0,0,0,0.1942,0,0,0,0,0,0,0,0,0,0.0071,0,0,0,0,807,NA,1000,2,0,"wq",0,0,85,"wq",900,0.5,0,0,15,105,262
398,0.7896,0,0,0,0,0,0,0.1929,0,0,0,0,0,0,0,0,0,0.0175,0,0,0,0,808,NA,1000,2,0,"wq",750,0,85,"wq",900,0.5,0,0,15,105,306
399,0.76,0,0,0,0,0,0,0.24,0,0,0,0,0,0,0,0,0,0,0,0,0,0,809,NA,1000,2,0,"wq",0,0,85,"wq",900,0.5,0,0,15,105,167
400,0.7539,0,0,0,0,0,0,0.2388,0,0,0,0,0,0,0,0,0,0.0073,0,0,0,0,810,NA,1000,2,0,"wq",0,0,85,"wq",900,0.5,0,0,15,105,205
401,0.7448,0,0,0,0,0,0,0.2371,0,0,0,0,0,0,0,0,0,0.0181,0,0,0,0,811,NA,1000,2,0,"wq",750,0,85,"wq",900,0.5,0,0,15,105,277
402,98.48,0,0,0,1.52,0,0,0,0,0,0,0,0,0,0,0,0,0,0,0,0,0,812,NA,1000,1,0,"wq",0,0,0,"wq",0,0,0,0,13,106,295.11
403,97.44,0,0,0,2.56,0,0,0,0,0,0,0,0,0,0,0,0,0,0,0,0,0,813,NA,1000,1,0,"wq",0,0,0,"wq",0,0,0,0,13,106,293.61
404,96.91,0,0,0,3.09,0,0,0,0,0,0,0,0,0,0,0,0,0,0,0,0,0,814,NA,1000,1,0,"wq",0,0,0,"wq",0,0,0,0,13,106,296.62
405,96.11,0,0,0,3.89,0,0,0,0,0,0,0,0,0,0,0,0,0,0,0,0,0,815,NA,1000,1,0,"wq",0,0,0,"wq",0,0,0,0,13,106,304.14
406,95.84,0,0,0,4.16,0,0,0,0,0,0,0,0,0,0,0,0,0,0,0,0,0,816,NA,1000,1,0,"wq",0,0,0,"wq",0,0,0,0,13,106,332.71
407,95.57,0,0,0,4.43,0,0,0,0,0,0,0,0,0,0,0,0,0,0,0,0,0,817,NA,1000,1,0,"wq",0,0,0,"wq",0,0,0,0,13,106,391.35
408,95.3,0,0,0,4.7,0,0,0,0,0,0,0,0,0,0,0,0,0,0,0,0,0,818,NA,1000,1,0,"wq",0,0,0,"wq",0,0,0,0,13,106,386.09
409,95.02,0,0,0,4.98,0,0,0,0,0,0,0,0,0,0,0,0,0,0,0,0,0,819,NA,1000,1,0,"wq",0,0,0,"wq",0,0,0,0,13,106,382.33
410,94.75,0,0,0,5.25,0,0,0,0,0,0,0,0,0,0,0,0,0,0,0,0,0,820,NA,1000,1,0,"wq",0,0,0,"wq",0,0,0,0,13,106,339.47
411,91.91,0,0,0,8.09,0,0,0,0,0,0,0,0,0,0,0,0,0,0,0,0,0,821,NA,1000,1,0,"wq",0,0,0,"wq",0,0,0,0,13,106,286.1
419,0.8878,0,0,0,0.0664,0,0,0.0458,0,0,0,0,0,0,0,0,0,0,0,0,0,0,829,40,780,0,80,"wq",950,1,0,"wq",0,0,0,0,15,109,275
456,92.22,0,0,0,0,0,0,5.59,0,0,0,0,0,0,2.19,0,0,0,0,0,0,0,866,NA,0,0,0,"wq",0,0,0,"wq",0,0,0,0,14,112,230
457,90.39,0,0,0,0,0,0,7.38,0,0,0,0,0,0,2.22,0,0,0,0,0,0,0,867,NA,0,0,0,"wq",0,0,0,"wq",0,0,0,0,14,112,226
458,88.5,0,0,0,0,0,0,9.24,0,0,0,0,0,0,2.25,0,0,0,0,0,0,0,868,NA,0,0,0,"wq",0,0,0,"wq",0,0,0,0,14,112,220
459,85.9,0,0,0,0,0,0,11.8,0,0,0,0,0,0,2.31,0,0,0,0,0,0,0,869,NA,0,0,0,"wq",0,0,0,"wq",0,0,0,0,14,112,218
460,94.07,0,0,0,1.49,0,0,0,0,0,0,4.44,0,0,0,0,0,0,0,0,0,0,870,NA,1000,6,0,"wq",900,0,0,"wq",900,1,0,0,14,113,371.94
461,93.42,0,0,0,2.04,0,0,0,0,0,0,4.54,0,0,0,0,0,0,0,0,0,0,871,NA,1000,6,0,"wq",901,0,0,"wq",900,1,0,0,14,113,354.34
462,92.85,0,0,0,1.52,0,0,0,0,0,0,5.64,0,0,0,0,0,0,0,0,0,0,872,NA,1000,6,0,"wq",902,0,0,"wq",900,1,0,0,14,113,363.52
463,92.43,0,0,0,1.95,0,0,0,0,0,0,5.62,0,0,0,0,0,0,0,0,0,0,873,NA,1000,6,0,"wq",903,0,0,"wq",900,1,0,0,14,113,335.97
466,0.9736,0,0,0,0,0,0,0.0264,0,0,0,0,0,0,0,0,0,0,0,0,0,0,882,NA,0,0,0,"wq",600,0,0,"wq",0,0,0,0,15,116,358
467,0.9459,0,0,0,0,0,0,0.0541,0,0,0,0,0,0,0,0,0,0,0,0,0,0,883,NA,0,0,0,"wq",600,0,0,"wq",0,0,0,0,15,116,338
468,0.9167,0,0,0,0,0,0,0.0833,0,0,0,0,0,0,0,0,0,0,0,0,0,0,884,NA,0,0,0,"wq",600,0,0,"wq",0,0,0,0,15,116,413
469,0.8859,0,0,0,0,0,0,0.1141,0,0,0,0,0,0,0,0,0,0,0,0,0,0,885,NA,0,0,0,"wq",600,0,0,"wq",0,0,0,0,15,116,332
476,80,0,0,0,0,0,0,20,0,0,0,0,0,0,0,0,0,0,0,0,0,0,892,NA,0,0,0,"wq",0,0,0,"wq",0,0,0,0,13,118,304
477,75,0,0,5,0,0,0,20,0,0,0,0,0,0,0,0,0,0,0,0,0,0,893,NA,0,0,0,"wq",0,0,0,"wq",0,0,0,0,13,118,200
478,60,0,0,20,0,0,0,20,0,0,0,0,0,0,0,0,0,0,0,0,0,0,894,NA,0,0,0,"wq",0,0,0,"wq",0,0,0,0,13,118,230
479,50,0,0,30,0,0,0,20,0,0,0,0,0,0,0,0,0,0,0,0,0,0,895,NA,0,0,0,"wq",0,0,0,"wq",0,0,0,0,13,118,253
480,40,0,0,40,0,0,0,20,0,0,0,0,0,0,0,0,0,0,0,0,0,0,896,NA,0,0,0,"wq",0,0,0,"wq",0,0,0,0,13,118,248
481,74.49,0,0,0,0,0,0,25.51,0,0,0,0,0,0,0,0,0,0,0,0,0,0,897,NA,0,0,0,"wq",0,0,0,"wq",0,0,0,0,13,119,264
482,43.59,0,0,0,0,0,0,56.41,0,0,0,0,0,0,0,0,0,0,0,0,0,0,898,NA,0,0,0,"wq",0,0,0,"wq",0,0,0,0,13,119,197
483,21.12,0,0,39.08,0,0,0,39.8,0,0,0,0,0,0,0,0,0,0,0,0,0,0,899,NA,0,0,0,"wq",0,0,0,"wq",0,0,0,0,13,119,211
484,11.5,0,0,43.85,0,0,0,44.65,0,0,0,0,0,0,0,0,0,0,0,0,0,0,900,NA,0,0,0,"wq",0,0,0,"wq",0,0,0,0,13,119,232
485,34.6,0,0,8.71,0,0,12.34,44.35,0,0,0,0,0,0,0,0,0,0,0,0,0,0,901,NA,0,0,0,"wq",0,0,0,"wq",0,0,0,0,13,119,164
487,38.5,0,0,38.5,8,0,0,15,0,0,0,0,0,0,0,0,0,0,0,0,0,0,906,NA,0,0,0,"wq",0,0,0,"wq",0,0,0,0,14,121,355.79
488,37.5,0,0,37.5,10,0,0,15,0,0,0,0,0,0,0,0,0,0,0,0,0,0,907,NA,0,0,0,"wq",0,0,0,"wq",0,0,0,0,14,121,403.23
489,36,0,0,36,13,0,0,15,0,0,0,0,0,0,0,0,0,0,0,0,0,0,908,NA,0,0,0,"wq",0,0,0,"wq",0,0,0,0,14,121,447.82
490,35,0,0,35,15,0,0,15,0,0,0,0,0,0,0,0,0,0,0,0,0,0,909,NA,0,0,0,"wq",0,0,0,"wq",0,0,0,0,14,121,484.82
491,74,0,0,0,0,0,0,26,0,0,0,0,0,0,0,0,0,0,0,0,0,0,910,30,0,0,0,"wq",0,0,0,"wq",0,0,0,0,14,122,227
492,72,0,0,0,2,0,0,26,0,0,0,0,0,0,0,0,0,0,0,0,0,0,911,30,0,0,0,"wq",0,0,0,"wq",0,0,0,0,14,122,189
493,70,0,0,0,4,0,0,26,0,0,0,0,0,0,0,0,0,0,0,0,0,0,912,30,0,0,0,"wq",0,0,0,"wq",0,0,0,0,14,122,211
494,68,0,0,0,6,0,0,26,0,0,0,0,0,0,0,0,0,0,0,0,0,0,913,30,0,0,0,"wq",0,0,0,"wq",0,0,0,0,14,122,218
495,66,0,0,0,8,0,0,26,0,0,0,0,0,0,0,0,0,0,0,0,0,0,914,30,0,0,0,"wq",0,0,0,"wq",0,0,0,0,14,122,242
495,66,0,0,0,8,0,0,26,0,0,0,0,0,0,0,0,0,0,0,0,0,0,915,NA,800,0,30,"wq",800,0,0,"wq",0,0,0,0,14,123,261.68
495,66,0,0,0,8,0,0,26,0,0,0,0,0,0,0,0,0,0,0,0,0,0,916,NA,800,0,30,"wq",800,0,0,"wq",0,0,0,0,14,123,307.1
495,66,0,0,0,8,0,0,26,0,0,0,0,0,0,0,0,0,0,0,0,0,0,917,NA,800,0,30,"wq",800,0,0,"wq",0,0,0,0,14,123,218.46
495,66,0,0,0,8,0,0,26,0,0,0,0,0,0,0,0,0,0,0,0,0,0,918,NA,800,0,30,"wq",800,0,0,"wq",0,0,0,0,14,123,325.79
495,66,0,0,0,8,0,0,26,0,0,0,0,0,0,0,0,0,0,0,0,0,0,919,NA,800,0,30,"wq",650,0,0,"wq",0,0,0,0,14,123,285.37
495,66,0,0,0,8,0,0,26,0,0,0,0,0,0,0,0,0,0,0,0,0,0,920,NA,800,0,30,"wq",650,0,0,"wq",0,0,0,0,14,123,290.71
495,66,0,0,0,8,0,0,26,0,0,0,0,0,0,0,0,0,0,0,0,0,0,921,NA,800,0,30,"wq",650,0,0,"wq",0,0,0,0,14,123,244.32
495,66,0,0,0,8,0,0,26,0,0,0,0,0,0,0,0,0,0,0,0,0,0,922,NA,800,0,30,"wq",650,0,0,"wq",0,0,0,0,14,123,283.9
495,66,0,0,0,8,0,0,26,0,0,0,0,0,0,0,0,0,0,0,0,0,0,923,NA,650,0,40,"wq",700,0,0,"wq",0,0,0,0,14,123,259.67
495,66,0,0,0,8,0,0,26,0,0,0,0,0,0,0,0,0,0,0,0,0,0,924,NA,650,0,40,"wq",700,0,0,"wq",0,0,0,0,14,123,305.8
495,66,0,0,0,8,0,0,26,0,0,0,0,0,0,0,0,0,0,0,0,0,0,925,NA,650,0,40,"wq",700,0,0,"wq",0,0,0,0,14,123,233.82
495,66,0,0,0,8,0,0,26,0,0,0,0,0,0,0,0,0,0,0,0,0,0,926,NA,650,0,40,"wq",700,0,0,"wq",0,0,0,0,14,123,314.29
495,66,0,0,0,8,0,0,26,0,0,0,0,0,0,0,0,0,0,0,0,0,0,927,NA,650,0,40,"wq",650,0,0,"wq",0,0,0,0,14,123,229.86
495,66,0,0,0,8,0,0,26,0,0,0,0,0,0,0,0,0,0,0,0,0,0,928,NA,650,0,40,"wq",650,0,0,"wq",0,0,0,0,14,123,284.67
495,66,0,0,0,8,0,0,26,0,0,0,0,0,0,0,0,0,0,0,0,0,0,929,NA,650,0,40,"wq",650,0,0,"wq",0,0,0,0,14,123,263.25
495,66,0,0,0,8,0,0,26,0,0,0,0,0,0,0,0,0,0,0,0,0,0,930,NA,650,0,40,"wq",650,0,0,"wq",0,0,0,0,14,123,261.46
498,0.7248,0,0,0.0788,0,0,0,0.1934,0,0,0,0,0,0,0,0,0,0.003,0,0,0,0,937,60,850,0,0,"wq",850,0.5,0,"wq",0,0,0,0,15,125,194
499,0.7211,0,0,0.0786,0,0,0,0.1928,0,0,0,0,0,0,0,0,0,0.0075,0,0,0,0,938,60,850,0,0,"wq",850,0.5,0,"wq",0,0,0,0,15,125,245
500,0.7184,0,0,0.0784,0,0,0,0.1924,0,0,0,0,0,0,0,0,0,0.0108,0,0,0,0,939,60,850,0,0,"wq",850,0.5,0,"wq",0,0,0,0,15,125,276
501,0.716,0,0,0.0782,0,0,0,0.192,0,0,0,0,0,0,0,0,0,0.0138,0,0,0,0,940,60,850,0,0,"wq",850,0.5,0,"wq",0,0,0,0,15,125,286
502,0.7121,0,0,0.078,0,0,0,0.1914,0,0,0,0,0,0,0,0,0,0.0185,0,0,0,0,941,60,850,0,0,"wq",850,0.5,0,"wq",0,0,0,0,15,125,306
503,0.72,0,0,0.0785,0,0,0,0.1926,0,0,0,0,0,0,0,0,0,0.0034,0,0.0055,0,0,942,60,850,0,0,"wq",850,0.5,0,"wq",0,0,0,0,15,125,245
504,0.7117,0,0,0.0779,0,0,0,0.1912,0,0,0,0,0,0,0,0,0,0.0048,0,0.0144,0,0,943,60,850,0,0,"wq",850,0.5,0,"wq",0,0,0,0,15,125,296
505,0.7067,0,0,0.0775,0,0,0,0.1904,0,0,0,0,0,0,0,0,0,0.0048,0,0.0206,0,0,944,60,850,0,0,"wq",850,0.5,0,"wq",0,0,0,0,15,125,296
506,0.7014,0,0,0.0772,0,0,0,0.1896,0,0,0,0,0,0,0,0,0,0.0154,0,0.0164,0,0,945,60,850,0,0,"wq",850,0.5,0,"wq",0,0,0,0,15,125,316
507,0.705,0,0,0.0775,0,0,0,0.1902,0,0,0,0,0,0,0,0,0,0.0143,0,0.013,0,0,946,60,850,0,0,"wq",850,0.5,0,"wq",0,0,0,0,15,125,316
557,91.91,0,0,0,8.09,0,0,0,0,0,0,0,0,0,0,0,0,0,0,0,0,0,1026,NA,0,0,0,"wq",0,0,0,"wq",0,0,0,0,13,142,334
558,88.83,0,0,0,8.31,0,0,2.86,0,0,0,0,0,0,0,0,0,0,0,0,0,0,1027,NA,0,0,0,"wq",0,0,0,"wq",0,0,0,0,13,142,323
559,85.58,0,0,0,8.54,0,0,5.88,0,0,0,0,0,0,0,0,0,0,0,0,0,0,1028,NA,0,0,0,"wq",0,0,0,"wq",0,0,0,0,13,142,272
560,82.15,0,0,0,8.78,0,0,9.07,0,0,0,0,0,0,0,0,0,0,0,0,0,0,1029,NA,0,0,0,"wq",0,0,0,"wq",0,0,0,0,13,142,262
573,97.44,2.56,0,0,0,0,0,0,0,0,0,0,0,0,0,0,0,0,0,0,0,0,1055,NA,1000,6,0,"wq",0,0,0,"wq",0,0,0,0,13,148,221
574,91.75,2.69,5.56,0,0,0,0,0,0,0,0,0,0,0,0,0,0,0,0,0,0,0,1056,NA,1000,6,0,"wq",0,0,0,"wq",0,0,0,0,13,148,315.98
575,85.42,2.84,11.74,0,0,0,0,0,0,0,0,0,0,0,0,0,0,0,0,0,0,0,1057,NA,1000,6,0,"wq",0,0,0,"wq",0,0,0,0,13,148,418.05
576,78.36,3.01,18.63,0,0,0,0,0,0,0,0,0,0,0,0,0,0,0,0,0,0,0,1058,NA,1000,6,0,"wq",0,0,0,"wq",0,0,0,0,13,148,261.39
584,72.26,0,0,0,0,0,6.42,21.32,0,0,0,0,0,0,0,0,0,0,0,0,0,0,1067,NA,900,0.5,50,"wq",0,0,0,"wq",0,0,0,0,13,151,238
585,71.7,0,0,0,0,0,6.41,21.89,0,0,0,0,0,0,0,0,0,0,0,0,0,0,1068,NA,900,0.5,50,"wq",0,0,0,"wq",0,0,0,0,13,151,335
586,72.93,0,0,0,0,0,6.03,21.04,0,0,0,0,0,0,0,0,0,0,0,0,0,0,1069,NA,900,0.5,50,"wq",0,0,0,"wq",0,0,0,0,13,151,338
617,81.33,8.8,0,0,2.47,4.66,0,0,0,0,2.74,0,0,0,0,0,0,0,0,0,0,0,1132,NA,820,0.75,70,"wq",900,0.33,0,"wq",0,0,0,0,14,164,281
617,81.33,8.8,0,0,2.47,4.66,0,0,0,0,2.74,0,0,0,0,0,0,0,0,0,0,0,1133,NA,820,0.75,70,"wq",900,0.33,0,"wq",550,2,0,0,14,165,281
617,81.33,8.8,0,0,2.47,4.66,0,0,0,0,2.74,0,0,0,0,0,0,0,0,0,0,0,1134,NA,820,0.75,70,"wq",900,0.33,0,"wq",650,2,0,0,14,165,281
617,81.33,8.8,0,0,2.47,4.66,0,0,0,0,2.74,0,0,0,0,0,0,0,0,0,0,0,1135,NA,820,0.75,70,"wq",900,0.33,0,"wq",750,2,0,0,14,165,281
618,84.3609,5.02,0,2.01,3.03,2.99,0,1.27,0,0,2.06,0,0.99,0,0,0,0,0.064,0,0.004,0,0.0011,1136,NA,830,0.5,0,"wq",0,0,0,"wq",0,0,0,0,14,165,281
618,84.3609,5.02,0,2.01,3.03,2.99,0,1.27,0,0,2.06,0,0.99,0,0,0,0,0.064,0,0.004,0,0.0011,1137,NA,0,0,0,"wq",600,6,0,"wq",0,0,0,0,14,165,281
618,84.3609,5.02,0,2.01,3.03,2.99,0,1.27,0,0,2.06,0,0.99,0,0,0,0,0.064,0,0.004,0,0.0011,1138,NA,0,0,0,"wq",820,1,0,"wq",820,6,0,0,NA,NA,281
618,84.3609,5.02,0,2.01,3.03,2.99,0,1.27,0,0,2.06,0,0.99,0,0,0,0,0.064,0,0.004,0,0.0011,1139,NA,0,0,0,"wq",900,2,0,"wq",0,0,0,0,NA,NA,281
631,65.07,0,0,17.23,0,0,0,16.48,0,0,0,0,0.09,0,0,0,0,0.31,0.16,0.04,0,0.62,1152,NA,0,0,80,"wq",0,0,0,"wq",0,0,0,0,14,168,212.75
631,65.07,0,0,17.23,0,0,0,16.48,0,0,0,0,0.09,0,0,0,0,0.31,0.16,0.04,0,0.62,1153,NA,0,0,80,"wq",0,0,0,"wq",0,0,0,0,14,169,266.67
631,65.07,0,0,17.23,0,0,0,16.48,0,0,0,0,0.09,0,0,0,0,0.31,0.16,0.04,0,0.62,1154,NA,0,0,80,"wq",400,1,0,"wq",0,0,0,0,14,169,336.66
631,65.07,0,0,17.23,0,0,0,16.48,0,0,0,0,0.09,0,0,0,0,0.31,0.16,0.04,0,0.62,1155,NA,0,0,80,"wq",600,1,0,"wq",0,0,0,0,14,169,220.04
631,65.07,0,0,17.23,0,0,0,16.48,0,0,0,0,0.09,0,0,0,0,0.31,0.16,0.04,0,0.62,1156,NA,0,0,80,"wq",800,1,0,"wq",0,0,0,0,14,169,221.49
631,65.07,0,0,17.23,0,0,0,16.48,0,0,0,0,0.09,0,0,0,0,0.31,0.16,0.04,0,0.62,1157,NA,0,0,80,"wq",1000,1,0,"wq",0,0,0,0,14,169,220.04
633,0.7924,0,0,0,0,0,0,0.1979,0,0,0,0,0,0,0.0097,0,0,0,0,0,0,0,1166,NA,950,0,0,"wq",950,0.5,0,"wq",0,0,0,0,15,170,265
633,0.7924,0,0,0,0,0,0,0.1979,0,0,0,0,0,0,0.0097,0,0,0,0,0,0,0,1167,NA,950,0,0,"wq",950,0.5,0,"wq",500,6,0,0,15,170,327
633,0.7924,0,0,0,0,0,0,0.1979,0,0,0,0,0,0,0.0097,0,0,0,0,0,0,0,1168,NA,950,0,0,"wq",950,0.5,0,"wq",600,6,0,0,15,170,245
634,0.5,0,0,0.4,0,0,0,0.08,0,0,0,0,0,0,0.02,0,0,0,0,0,0,0,1170,NA,1000,2,0,"wq",0,0,98,"wq",900,0.5,0,0,15,171,180.5
635,0.45,0,0,0.45,0,0,0,0.08,0,0,0,0,0,0,0.02,0,0,0,0,0,0,0,1171,NA,1000,2,0,"wq",0,0,98,"wq",900,0.5,0,0,15,171,189.3
636,0.4,0,0,0.5,0,0,0,0.08,0,0,0,0,0,0,0.02,0,0,0,0,0,0,0,1172,NA,1000,2,0,"wq",0,0,98,"wq",900,0.5,0,0,15,171,188.8
639,86.72,0,0,0,0,0,0,0,0,0,0,13.28,0,0,0,0,0,0,0,0,0,0,1176,NA,1100,8,0,"wq",900,0.5,0,"wq",0,0,0,0,14,174,279
